timestamp,solar_mw,wind_mw,diesel_mw,battery_discharge_mw,battery_charge_mw,battery_soc_mwh,load_mw
2019-01-01 00:00:00,-0.0,0.003927803225837447,-0.0,0.005836339774162554,-0.0,0.15189043188453413,0.009764143000000001
2019-01-01 01:00:00,-0.0,0.0032533319648350573,-0.0,0.005493782035164943,-0.0,0.14610750342646578,0.008747114
2019-01-01 02:00:00,-0.0,0.003134307624658165,-0.0,0.009744832375341836,-0.0,0.13584978513663226,0.01287914
2019-01-01 03:00:00,-0.0,0.0033326815249529857,-0.0,0.012525688475047014,-0.0,0.12266484989974068,0.01585837
2019-01-01 04:00:00,-0.0,0.0035310554252478057,-0.0,0.03305920457475219,-0.0,0.08786568718947521,0.03659026
2019-01-01 05:00:00,-0.0,0.003808778885660555,-0.0,0.046330501114339444,-0.0,0.03909673864806528,0.05013928
2019-01-01 06:00:00,-0.0,0.004324551026427088,-0.0,0.03594998897357291,-0.0,0.001254644991672746,0.04027454
2019-01-01 07:00:00,0.03777647998511568,0.008609427272795213,-0.0,0.0011919127420891087,-0.0,-0.0,0.04757782
2019-01-01 08:00:00,0.05995713,-0.0,-0.0,0.0,-0.0,-0.0,0.05995713
2019-01-01 09:00:00,0.07023344000000001,-0.0,-0.0,0.0,-0.0,-0.0,0.07023344000000001
2019-01-01 10:00:00,0.04961539290313626,0.011346987096863735,-0.0,0.0,-0.0,-0.0,0.06096238
2019-01-01 11:00:00,0.1028557,-0.0,-0.0,0.0,-0.0,-0.0,0.1028557
2019-01-01 12:00:00,0.09854103900284145,0.011545360997158556,-0.0,0.0,-0.0,-0.0,0.1100864
2019-01-01 13:00:00,0.18271182046087775,-0.0,-0.0,0.0,0.10087472046087773,0.09583098443783383,0.08183710000000001
2019-01-01 14:00:00,0.1920669880702546,0.00964097155432828,-0.0,0.0,0.13325520962458287,0.22242343358118755,0.06845274999999999
2019-01-01 15:00:00,0.16075187625208248,0.008411053372500392,-0.0,0.0,0.13325520962458287,0.34901588272454126,0.03590772
2019-01-01 16:00:00,0.10607940844305212,0.006982761290377683,-0.0,0.0,0.05074385973342982,0.3972225494712996,0.06231830999999999
2019-01-01 17:00:00,0.0263290618078079,0.006070241349021509,-0.0,0.02365429684317059,-0.0,0.37232328963638317,0.0560536
2019-01-01 18:00:00,-0.0,0.005316420527901191,-0.0,0.0933919494720988,-0.0,0.27401597440259495,0.09870837
2019-01-01 19:00:00,-0.0,0.0047609736070756935,-0.0,0.0794209063929243,-0.0,0.19041502030477991,0.08418188
2019-01-01 20:00:00,-0.0,0.005118046627606371,-0.0,0.04880194337239363,-0.0,0.13904455359699716,0.05391999
2019-01-01 21:00:00,-0.0,0.0049196727273115495,-0.0,0.037016597272688447,-0.0,0.10007971436258828,0.04193627
2019-01-01 22:00:00,-0.0,0.005157721407665334,-0.0,0.015489608592334664,-0.0,0.08377486321276231,0.02064733
2019-01-01 23:00:00,-0.0,0.005554469208254976,-0.0,0.011386870791745024,-0.0,0.07178868343197807,0.01694134
2019-01-02 00:00:00,-0.0,0.0057528431085497956,-0.0,0.006488596891450204,-0.0,0.06495858144097785,0.01224144
2019-01-02 01:00:00,-0.0,0.005832192668667724,-0.0,0.0033738203313322763,-0.0,0.06140719161852283,0.009206013
2019-01-02 02:00:00,-0.0,0.005832192668667724,-0.0,0.0,0.0019488326686677242,0.06325858265375717,0.00388336
2019-01-02 03:00:00,-0.0,0.00579251788860876,-0.0,0.00721783211139124,-0.0,0.05566086464176639,0.01301035
2019-01-02 04:00:00,-0.0,0.005871867448726688,-0.0,0.011258742551273314,-0.0,0.04380955669305764,0.01713061
2019-01-02 05:00:00,-0.0,0.006228940469257365,-0.0,0.021736979530742634,-0.0,0.020928525608065397,0.02796592
2019-01-02 06:00:00,-0.0,0.0068240621701418265,-0.0,0.018637557829858174,-0.0,0.0013100436818988975,0.02546162
2019-01-02 07:00:00,0.030526448472820752,0.006308290029375294,-0.0,0.0012445414978039526,-0.0,-0.0,0.03807928
2019-01-02 08:00:00,0.04141580985333705,0.004483250146662945,-0.0,0.0,-0.0,-0.0,0.04589906
2019-01-02 09:00:00,0.04704763,-0.0,-0.0,0.0,-0.0,-0.0,0.04704763
2019-01-02 10:00:00,0.031596102668560964,0.007696907331439038,-0.0,0.0,-0.0,-0.0,0.03929301
2019-01-02 11:00:00,0.05890325,-0.0,-0.0,0.0,-0.0,-0.0,0.05890325
2019-01-02 12:00:00,0.1807641376403597,-0.0,-0.0,0.0,0.09614109764035972,0.09133404275834173,0.08462304
2019-01-02 13:00:00,0.20554432009373347,0.007300159530849396,-0.0,0.0,0.13325520962458287,0.21792649190169544,0.07958927
2019-01-02 14:00:00,0.20540259962458288,-0.0,-0.0,0.0,0.13325520962458287,0.34451894104504915,0.07214739
2019-01-02 15:00:00,0.17987330962458287,-0.0,-0.0,0.0,0.13325520962458287,0.47111139018840287,0.0466181
2019-01-02 16:00:00,0.11485576237898808,0.004879997947252586,-0.0,0.0,0.06516784032624066,0.5330208384983315,0.05456792
2019-01-02 17:00:00,0.02671064241371816,0.004483250146662945,-0.0,0.03709374743961889,-0.0,0.49397478856189053,0.06828764
2019-01-02 18:00:00,-0.0,0.005197396187724299,0.014592673073353388,0.03493279073892231,-0.0,0.4572034298893407,0.05472286
2019-01-02 19:00:00,-0.0,0.0057528431085497956,0.014592673073353388,0.039772623818096806,-0.0,0.41533751008081776,0.06011813999999999
2019-01-02 20:00:00,-0.0,0.005594143988313939,-0.0,0.03476056601168606,-0.0,0.37874744059483245,0.04035471
2019-01-02 21:00:00,-0.0,0.005197396187724299,0.014592673073353388,0.0009011107389223141,-0.0,0.37779890297491425,0.02069118
2019-01-02 22:00:00,-0.0,0.004284876246368124,0.011099333753631877,0.0,-0.0,0.37779890297491425,0.01538421
2019-01-02 23:00:00,-0.0,0.0035707302053067697,0.013828559794693232,0.0,-0.0,0.37779890297491425,0.01739929
2019-01-03 00:00:00,-0.0,0.0034517058651298772,0.009710931165433865,0.00045139296943625675,-0.0,0.3773237524807708,0.01361403
2019-01-03 01:00:00,-0.0,0.0033326815249529857,0.005904910475047013,0.0,-0.0,0.3773237524807708,0.009237592
2019-01-03 02:00:00,-0.0,0.0035707302053067697,0.006268032794693231,0.0,-0.0,0.3773237524807708,0.009838763
2019-01-03 03:00:00,-0.0,0.004522924926721909,0.009784895073278092,0.0,-0.0,0.3773237524807708,0.01430782
2019-01-03 04:00:00,-0.0,0.005038697067488442,0.014592673073353388,0.009381689859158172,-0.0,0.3674482894711306,0.02901306
2019-01-03 05:00:00,-0.0,0.005475119648137048,0.014592673073353388,0.027541707278509568,-0.0,0.33845701865164685,0.0476095
2019-01-03 06:00:00,-0.0,0.005911542228785652,0.014592673073353388,0.018700714697860964,-0.0,0.3187720558117932,0.03920493
2019-01-03 07:00:00,0.020605352719154008,0.005475119648137048,0.009724177632708945,0.0,-0.0,0.3187720558117932,0.03580465
2019-01-03 08:00:00,0.06219763876337228,0.004800648387134657,-0.0,0.0,0.0065814471505069375,0.32502443060477476,0.06041684
2019-01-03 09:00:00,0.0892898617830007,0.004681624046957765,-0.0,0.0,0.028832915829958464,0.3524157006432353,0.06513857
2019-01-03 10:00:00,0.10646098904896238,0.005871867448726688,-0.0,0.0,0.048633066497689066,0.3986171138160399,0.06369979
2019-01-03 11:00:00,0.11332943995534703,0.007141460410613539,-0.0,0.0,0.009480200365960575,0.40762330416370246,0.1109907
2019-01-03 12:00:00,0.09463199026574433,0.007101785630554576,-0.0,0.0,0.015864195896298908,0.4226942902651864,0.08586958
2019-01-03 13:00:00,0.07440821815250058,0.006189265689198402,-0.0,0.0,0.0069483938416989854,0.4292952644148004,0.07364909
2019-01-03 14:00:00,0.061434477551551764,0.005237070967783263,-0.0,0.0,0.003687748519335024,0.4327986255081687,0.0629838
2019-01-03 15:00:00,0.045026511497410604,0.004522924926721909,0.014592673073353388,0.0016426405025141057,-0.0,0.4310695302423644,0.06578475
2019-01-03 16:00:00,0.023276416960525823,0.003927803225837447,0.014592673073353388,0.02194129674028334,-0.0,0.40797342841048717,0.06373819
2019-01-03 17:00:00,0.0034342254531923343,0.003888128445778483,0.014592673073353388,0.07628527302767579,-0.0,0.3276731410129337,0.0982003
2019-01-03 18:00:00,-0.0,0.004403900586545016,0.014592673073353388,0.0838270263401016,-0.0,0.23943416591808994,0.1028236
2019-01-03 19:00:00,-0.0,0.004959347507370514,0.014592673073353388,0.0369590394192761,-0.0,0.2005299138977993,0.05651106
2019-01-03 20:00:00,-0.0,0.006109916129080473,0.014592673073353388,0.02810125079756614,-0.0,0.17094964990036127,0.04880384
2019-01-03 21:00:00,-0.0,0.007022436070436647,-0.0,0.030051563929563357,-0.0,0.1393164247113472,0.037074
2019-01-03 22:00:00,-0.0,0.007101785630554576,0.014592673073353388,0.010423011296092037,-0.0,0.12834483387335557,0.03211747
2019-01-03 23:00:00,-0.0,0.007419183871026289,0.01322454612897371,0.0,-0.0,0.12834483387335557,0.02064373
2019-01-04 00:00:00,-0.0,0.007895281231733858,0.002665828768266142,0.0,-0.0,0.12834483387335557,0.01056111
2019-01-04 01:00:00,-0.0,0.008728451612972105,0.005086548387027894,0.0,-0.0,0.12834483387335557,0.013815
2019-01-04 02:00:00,-0.0,0.00956162199421035,0.0035092680057896494,0.0,-0.0,0.12834483387335557,0.01307089
2019-01-04 03:00:00,-0.0,0.010394792375448597,-0.0,0.0,0.0010980313754485969,0.12938796368003175,0.009296761
2019-01-04 04:00:00,-0.0,0.009958369794799991,0.009243230205200008,0.0,-0.0,0.12938796368003175,0.0192016
2019-01-04 05:00:00,-0.0,0.009323573313856566,0.014592673073353388,0.010516983612790047,-0.0,0.11831745461393697,0.03443323
2019-01-04 06:00:00,-0.0,0.009006175073384854,0.014592673073353388,0.01926899185326176,-0.0,0.09803430529471407,0.04286784
2019-01-04 07:00:00,0.004578967270923113,0.00868877683291314,0.014592673073353388,0.005143822822810356,-0.0,0.0926197549549137,0.03300424
2019-01-04 08:00:00,0.02518431999007712,0.007855606451674895,0.012777843558247987,0.0,-0.0,0.0926197549549137,0.04581777
2019-01-04 09:00:00,0.049605478768333724,0.007379509090967324,-0.0,0.0,0.014170277859301049,0.1060815189212497,0.04281471
2019-01-04 10:00:00,0.06715818664020565,0.007736582111498002,0.012567531248296349,0.0,-0.0,0.1060815189212497,0.08746229999999999
2019-01-04 11:00:00,0.07746086299978266,0.009918695014741028,-0.0,0.0,0.0020510780145236995,0.10803004303504722,0.08532848
2019-01-04 12:00:00,0.08127666905888525,0.011029588856392023,-0.0,0.0,0.014896227915277269,0.12218145955456063,0.07741003
2019-01-04 13:00:00,0.07669770178796215,0.011902434017689234,-0.0,0.0,0.016267795805651374,0.13763586556992943,0.07233234000000001
2019-01-04 14:00:00,0.061052896945641505,0.01321170175963505,-0.0,0.0,0.002869418705276551,0.14036181333994216,0.07139518
2019-01-04 15:00:00,0.04235544725603879,0.01408454692093226,-0.0,0.0,0.006840514176971048,0.14686030180806464,0.04959948
2019-01-04 16:00:00,0.021368513930974525,0.015671538123290824,-0.0,0.0,0.000788762054265351,0.14760962575961672,0.03625129
2019-01-04 17:00:00,0.003052644847282075,0.01686178152505975,0.014592673073353388,0.022297370554304793,-0.0,0.12413870938666433,0.05680447
2019-01-04 18:00:00,-0.0,0.017813976246474888,0.014592673073353388,0.07248735068017172,-0.0,0.047836234986483574,0.104894
2019-01-04 19:00:00,-0.0,0.018567797067595204,0.014592673073353388,0.04174176985905142,-0.0,0.003897529871692611,0.07490224000000001
2019-01-04 20:00:00,-0.0,0.019202593548538628,0.014592673073353388,0.003702653378107981,-0.0,-0.0,0.03749792
2019-01-04 21:00:00,-0.0,0.01975804046936413,0.014358599530635868,0.0,-0.0,-0.0,0.03411664
2019-01-04 22:00:00,-0.0,0.020591210850602375,0.004213439149397626,0.0,-0.0,-0.0,0.02480465
2019-01-04 23:00:00,-0.0,0.01860742,-0.0,0.0,-0.0,-0.0,0.01860742
2019-01-05 00:00:00,-0.0,0.008688964,-0.0,0.0,-0.0,-0.0,0.008688964
2019-01-05 01:00:00,-0.0,0.01015905,-0.0,0.0,-0.0,-0.0,0.01015905
2019-01-05 02:00:00,-0.0,0.009330104,-0.0,0.0,-0.0,-0.0,0.009330104
2019-01-05 03:00:00,-0.0,0.01404726,-0.0,0.0,-0.0,-0.0,0.01404726
2019-01-05 04:00:00,-0.0,0.026134070885366276,-0.0,0.0,0.006127970885366278,0.005821572341097964,0.0200061
2019-01-05 05:00:00,-0.0,0.037651366275956936,-0.0,0.005530493724043066,-0.0,-0.0,0.04318186
2019-01-05 06:00:00,-0.0,0.03113885,-0.0,0.0,-0.0,-0.0,0.03113885
2019-01-05 07:00:00,-0.0,0.02733375,-0.0,0.0,-0.0,-0.0,0.02733375
2019-01-05 08:00:00,0.01654063586480959,0.03713559413519041,-0.0,0.0,-0.0,-0.0,0.05367623
2019-01-05 09:00:00,0.017011546685929912,0.03638177331407009,-0.0,0.0,-0.0,-0.0,0.05339332
2019-01-05 10:00:00,0.05343198,-0.0,-0.0,0.0,-0.0,-0.0,0.05343198
2019-01-05 11:00:00,0.06158956,-0.0,-0.0,0.0,-0.0,-0.0,0.06158956
2019-01-05 12:00:00,0.11803205356070676,-0.0,-0.0,0.0,0.06657146356070676,0.06324289038267142,0.05146059
2019-01-05 13:00:00,0.10875047268442392,-0.0,-0.0,0.0,0.02506375268442393,0.08705345543287415,0.08368671999999999
2019-01-05 14:00:00,0.07631612118205189,0.027058200000213525,-0.0,0.0,0.056249141182265414,0.1404901395560263,0.04712518
2019-01-05 15:00:00,0.05303970422152606,0.025114135777324284,-0.0,0.0,0.004957729998850337,0.14519998305493412,0.07319611000000001
2019-01-05 16:00:00,0.027855384231448933,0.02412226627585018,-0.0,0.0,0.01651742050729911,0.16089153253686828,0.03546023
2019-01-05 17:00:00,0.005342128482743631,0.023289095894611932,-0.0,0.02978053562264444,-0.0,0.1295436003025057,0.05841176
2019-01-05 18:00:00,-0.0,0.022535275073491613,-0.0,0.047938864926508395,-0.0,0.07908163722197054,0.07047414
2019-01-05 19:00:00,-0.0,0.02182112903243026,-0.0,0.04313894096756975,-0.0,0.03367222567716027,0.06496007000000001
2019-01-05 20:00:00,-0.0,0.02209885249284301,-0.0,0.015454437507156991,-0.0,0.01740439672225818,0.03755329
2019-01-05 21:00:00,-0.0,0.02217820205296094,-0.0,0.0,0.00202310205296094,0.01932634367257107,0.0201551
2019-01-05 22:00:00,-0.0,0.022059177712784046,-0.0,0.0,0.0009685677127840471,0.020246482999715917,0.02109061
2019-01-05 23:00:00,-0.0,0.021106982991368907,-0.0,0.0,0.004157832991368907,0.02419642434151638,0.01694915
2019-01-06 00:00:00,-0.0,0.019996089149717913,-0.0,0.0,0.007086429149717913,0.030928532033748395,0.01290966
2019-01-06 01:00:00,-0.0,0.01900421964824381,-0.0,0.0,0.008963709648243808,0.03944405619958001,0.01004051
2019-01-06 02:00:00,-0.0,0.020432511730366518,-0.0,0.0,0.009418281730366518,0.0483914238434282,0.01101423
2019-01-06 03:00:00,-0.0,0.02074990997083823,-0.0,0.0,0.012557394970838229,0.060320949065724515,0.008192515000000001
2019-01-06 04:00:00,-0.0,0.01948031700895138,-0.0,0.013666142991048624,-0.0,0.04593553539093649,0.03314646
2019-01-06 05:00:00,-0.0,0.01940096744883345,-0.0,0.021493972551166547,-0.0,0.023310301126550654,0.04089494
2019-01-06 06:00:00,-0.0,0.020035763929776875,-0.0,0.022144786070223122,-0.0,-0.0,0.04218055
2019-01-06 07:00:00,0.014081041612758582,0.01832974838724142,-0.0,0.0,-0.0,-0.0,0.03241079
2019-01-06 08:00:00,0.01981961741924463,0.013965522580755367,-0.0,0.0,-0.0,-0.0,0.03378514
2019-01-06 09:00:00,0.023507912140659774,0.013013327859340229,-0.0,0.0,-0.0,-0.0,0.03652124
2019-01-06 10:00:00,0.05191967,-0.0,-0.0,0.0,-0.0,-0.0,0.05191967
2019-01-06 11:00:00,0.04269715105558886,0.01642535894441114,-0.0,0.0,-0.0,-0.0,0.05912251
2019-01-06 12:00:00,0.05883553,-0.0,-0.0,0.0,-0.0,-0.0,0.05883553
2019-01-06 13:00:00,0.07657201000000001,-0.0,-0.0,0.0,-0.0,-0.0,0.07657201000000001
2019-01-06 14:00:00,0.08641373380581194,-0.0,-0.0,0.0,0.03165279380581193,0.03007015411552133,0.05476094
2019-01-06 15:00:00,0.17590076874471197,0.013370400879870906,-0.0,0.0,0.13325520962458287,0.15666260325887504,0.05601596
2019-01-06 16:00:00,0.11065837571397522,0.01198178357780716,-0.0,0.0,0.07937349929178238,0.2320674275860683,0.04326666
2019-01-06 17:00:00,0.03090802907873101,0.011346987096863735,-0.0,0.013306603824405253,-0.0,0.2180604761919575,0.05556162
2019-01-06 18:00:00,-0.0,0.011346987096863735,-0.0,0.043338402903136265,-0.0,0.17244110471497198,0.05468539
2019-01-06 19:00:00,-0.0,0.011307312316804772,-0.0,0.053630977683195226,-0.0,0.1159874439958191,0.06493829
2019-01-06 20:00:00,-0.0,0.01098991407633306,-0.0,0.023594015923666938,-0.0,0.09115163776038022,0.03458393
2019-01-06 21:00:00,-0.0,0.01003771935491792,-0.0,0.01379226064508208,-0.0,0.07663346866029383,0.02382998
2019-01-06 22:00:00,-0.0,0.008926825513266925,-0.0,0.015317884486733074,-0.0,0.06050937972689059,0.02424471
2019-01-06 23:00:00,-0.0,0.008569752492736248,-0.0,0.005999087507263752,-0.0,0.05419455077187612,0.01456884
2019-01-07 00:00:00,-0.0,0.008728451612972105,-0.0,0.0,0.000640106612972105,0.05480265205419962,0.008088345
2019-01-07 01:00:00,-0.0,0.009045849853443817,-0.0,0.0,0.0003634068534438175,0.05514788856497124,0.008682443
2019-01-07 02:00:00,-0.0,0.009839345454623099,-0.0,0.002298134545376902,-0.0,0.05272879956983766,0.01213748
2019-01-07 03:00:00,-0.0,0.009720321114446207,-0.0,0.0,0.002152630114446207,0.05477379817856156,0.007567691
2019-01-07 04:00:00,-0.0,0.008569752492736248,-0.0,0.012132087507263752,-0.0,0.042003179749862875,0.02070184
2019-01-07 05:00:00,-0.0,0.0065860134897880425,-0.0,0.023744566510211958,-0.0,0.01700889921279766,0.03033058
2019-01-07 06:00:00,-0.0,0.005276745747842227,-0.0,0.016158454252157776,-0.0,-0.0,0.0214352
2019-01-07 07:00:00,0.020762481994103587,0.003967478005896411,-0.0,0.0,-0.0,-0.0,0.02472996
2019-01-07 08:00:00,0.03632565,-0.0,-0.0,0.0,-0.0,-0.0,0.03632565
2019-01-07 09:00:00,0.03613029,-0.0,-0.0,0.0,-0.0,-0.0,0.03613029
2019-01-07 10:00:00,0.05824015,-0.0,-0.0,0.0,-0.0,-0.0,0.05824015
2019-01-07 11:00:00,0.04423681196472829,0.010275768035271705,-0.0,0.0,-0.0,-0.0,0.05451258
2019-01-07 12:00:00,0.017487712082015945,0.012100807917984053,-0.0,0.0,-0.0,-0.0,0.02958852
2019-01-07 13:00:00,0.031974180381131485,0.012695929618868515,-0.0,0.0,-0.0,-0.0,0.04467011
2019-01-07 14:00:00,0.16793111736642194,0.012219832258160946,-0.0,0.0,0.13325520962458287,0.1265924491433537,0.04689574000000001
2019-01-07 15:00:00,0.1285337794328238,-0.0,-0.0,0.0,0.09785281943282378,0.2195526276045363,0.03068096
2019-01-07 16:00:00,0.10455308601941107,0.008887150733207961,-0.0,0.0,0.061654876752619034,0.2781247605195244,0.05178536
2019-01-07 17:00:00,0.03128960968464127,0.007101785630554576,-0.0,0.0005071446848041589,-0.0,0.2775909240092042,0.03889854
2019-01-07 18:00:00,-0.0,0.005911542228785652,-0.0,0.037064917771214345,-0.0,0.2385752210921365,0.04297646
2019-01-07 19:00:00,-0.0,0.005038697067488442,-0.0,0.048847552932511557,-0.0,0.1871567443210717,0.05388625
2019-01-07 20:00:00,-0.0,0.005197396187724299,-0.0,0.0287721338122757,-0.0,0.15687028767657096,0.03396953
2019-01-07 21:00:00,-0.0,0.005038697067488442,-0.0,0.0028294539325115584,-0.0,0.15389191511603248,0.007868151
2019-01-07 22:00:00,-0.0,0.004403900586545016,-0.0,0.012473279413454982,-0.0,0.14076214731239567,0.01687718
2019-01-07 23:00:00,-0.0,0.003689754545483662,-0.0,0.007559675454516338,-0.0,0.13280459420237847,0.01124943
2019-01-08 00:00:00,-0.0,0.003173982404717129,-0.0,0.007459237595282872,-0.0,0.12495276515471229,0.01063322
2019-01-08 01:00:00,-0.0,0.0028169093841864516,-0.0,0.009268490615813548,-0.0,0.11519645924332961,0.0120854
2019-01-08 02:00:00,-0.0,0.002737559824068524,-0.0,0.007263080175931476,-0.0,0.10755111168971752,0.01000064
2019-01-08 03:00:00,-0.0,0.0028169093841864516,-0.0,0.00678405561581355,-0.0,0.10041000051517694,0.009600965000000001
2019-01-08 04:00:00,-0.0,0.002856584164245416,-0.0,0.024474575835754585,-0.0,0.07464728910911948,0.02733116
2019-01-08 05:00:00,-0.0,0.0026978850440095596,-0.0,0.02374525495599044,-0.0,0.049652283892287444,0.02644314
2019-01-08 06:00:00,-0.0,0.0030152832844812724,-0.0,0.03733110671551873,-0.0,0.010356382086478263,0.04034639
2019-01-08 07:00:00,0.02671064241371816,0.002777234604127488,-0.0,0.00983856298215435,-0.0,-0.0,0.03932644
2019-01-08 08:00:00,0.0573255,-0.0,-0.0,0.0,-0.0,-0.0,0.0573255
2019-01-08 09:00:00,0.05856751,-0.0,-0.0,0.0,-0.0,-0.0,0.05856751
2019-01-08 10:00:00,0.07719414999999999,-0.0,-0.0,0.0,-0.0,-0.0,0.07719414999999999
2019-01-08 11:00:00,0.1045807,-0.0,-0.0,0.0,-0.0,-0.0,0.1045807
2019-01-08 12:00:00,0.1437183237870811,-0.0,-0.0,0.0,0.0718363237870811,0.06824450759772704,0.071882
2019-01-08 13:00:00,0.21824050962458286,-0.0,-0.0,0.0,0.13325520962458287,0.19483695674108076,0.0849853
2019-01-08 14:00:00,0.2054963896245829,-0.0,-0.0,0.0,0.13325520962458287,0.32142940588443447,0.07224118
2019-01-08 15:00:00,0.18917781962458285,-0.0,-0.0,0.0,0.13325520962458287,0.4480218550277882,0.05592261
2019-01-08 16:00:00,0.12134263267946249,0.001071219061592031,-0.0,0.0,0.05617871174105453,0.50139163118179,0.06623514
2019-01-08 17:00:00,0.03701331877329516,0.001071219061592031,-0.0,0.0291612321651128,-0.0,0.4706955973237765,0.06724577
2019-01-08 18:00:00,-0.0,0.0019837390029482055,-0.0,0.09358547099705179,-0.0,0.37218457522161674,0.09556921
2019-01-08 19:00:00,-0.0,0.0033326815249529857,-0.0,0.089680328475047,-0.0,0.27778422945840936,0.09301301
2019-01-08 20:00:00,-0.0,0.003808778885660555,-0.0,0.04870420111433944,-0.0,0.22651664933805207,0.05251298
2019-01-08 21:00:00,-0.0,0.003689754545483662,-0.0,0.02986094545451634,-0.0,0.1950840751754033,0.0335507
2019-01-08 22:00:00,-0.0,0.0034120310850709133,-0.0,0.02329032891492909,-0.0,0.17056793947547794,0.02670236
2019-01-08 23:00:00,-0.0,0.003173982404717129,-0.0,0.006321196595282871,-0.0,0.1639140483225486,0.009495179
2019-01-09 00:00:00,-0.0,0.0033326815249529857,-0.0,0.009517038475047014,-0.0,0.153896113085657,0.01284972
2019-01-09 01:00:00,-0.0,0.003094632844599201,-0.0,0.0091112571554008,-0.0,0.14430531607997196,0.01220589
2019-01-09 02:00:00,-0.0,0.0026582102639505956,-0.0,0.009938809736049405,-0.0,0.1338434110946568,0.01259702
2019-01-09 03:00:00,-0.0,0.0023408120234788823,-0.0,0.010347617976521117,-0.0,0.1229511816456872,0.01268843
2019-01-09 04:00:00,-0.0,0.002856584164245416,-0.0,0.028488965835754585,-0.0,0.09296279655541922,0.03134555
2019-01-09 05:00:00,-0.0,0.0032533319648350573,-0.0,0.025631658035164942,-0.0,0.06598210388682456,0.02888499
2019-01-09 06:00:00,-0.0,0.0032136571847760933,-0.0,0.04181054281522391,-0.0,0.02197100618658887,0.0450242
2019-01-09 07:00:00,0.03090802907873101,0.0026978850440095596,-0.0,0.02087245587725943,-0.0,-0.0,0.05447837
2019-01-09 08:00:00,0.06627922,-0.0,-0.0,0.0,-0.0,-0.0,0.06627922
2019-01-09 09:00:00,0.06924707,-0.0,-0.0,0.0,-0.0,-0.0,0.06924707
2019-01-09 10:00:00,0.05861939,-0.0,-0.0,0.0,-0.0,-0.0,0.05861939
2019-01-09 11:00:00,0.13089859715529334,-0.0,-0.0,0.0,0.05137619715529332,0.04880738729752865,0.07952240000000001
2019-01-09 12:00:00,0.2566579096245829,-0.0,-0.0,0.0,0.13325520962458287,0.17539983644088236,0.1234027
2019-01-09 13:00:00,0.20713595962458287,-0.0,-0.0,0.0,0.13325520962458287,0.3019922855842361,0.07388075000000001
2019-01-09 14:00:00,0.19932777962458287,-0.0,-0.0,0.0,0.13325520962458287,0.4285847347275898,0.06607257
2019-01-09 15:00:00,0.14881643630500116,0.0032136571847760933,-0.0,0.0,0.07666697348977726,0.5014183595428782,0.07536311999999999
2019-01-09 16:00:00,0.0873819587534494,0.00289625894430438,-0.0,0.0,0.015281577697753776,0.5159358583557443,0.07499664
2019-01-09 17:00:00,0.028236964837359192,0.003094632844599201,-0.0,0.03214253231804161,-0.0,0.48210161381043737,0.06347413
2019-01-09 18:00:00,-0.0,0.0034517058651298772,-0.0,0.1261471941348701,-0.0,0.34931509366846886,0.1295989
2019-01-09 19:00:00,-0.0,0.0037294293255426265,-0.0,0.10592767067445737,-0.0,0.23781228243219793,0.1096571
2019-01-09 20:00:00,-0.0,0.004205526686250196,-0.0,0.057027883313749805,-0.0,0.1777829315756192,0.06123341
2019-01-09 21:00:00,-0.0,0.004007152785955375,-0.0,0.017484457214044624,-0.0,0.1593782397713617,0.02149161
2019-01-09 22:00:00,-0.0,0.003689754545483662,-0.0,0.02292119545451634,-0.0,0.13525066560871293,0.02661095
2019-01-09 23:00:00,-0.0,0.0032930067448940213,-0.0,0.01505220325510598,-0.0,0.11940624112965402,0.01834521
2019-01-10 00:00:00,-0.0,0.0026978850440095596,-0.0,0.006417125955990441,-0.0,0.11265137170229567,0.009115011000000001
2019-01-10 01:00:00,-0.0,0.0022217876833019903,-0.0,0.0063447853166980085,-0.0,0.10597265031629777,0.008566573
2019-01-10 02:00:00,-0.0,0.002142438123184062,-0.0,0.007928461876815939,-0.0,0.097626900972281,0.0100709
2019-01-10 03:00:00,-0.0,0.002578860703832667,-0.0,0.008088439296167333,-0.0,0.08911275434473644,0.0106673
2019-01-10 04:00:00,-0.0,0.0028169093841864516,-0.0,0.019268410615813546,-0.0,0.06883021685440639,0.02208532
2019-01-10 05:00:00,-0.0,0.0028169093841864516,-0.0,0.03121800061581355,-0.0,0.035969163574602656,0.03403491
2019-01-10 06:00:00,-0.0,0.002777234604127488,-0.0,0.034170705395872525,-0.0,-0.0,0.03694794000000001
2019-01-10 07:00:00,0.03095703,-0.0,-0.0,0.0,-0.0,-0.0,0.03095703
2019-01-10 08:00:00,0.05906583,-0.0,-0.0,0.0,-0.0,-0.0,0.05906583
2019-01-10 09:00:00,0.05514354,-0.0,-0.0,0.0,-0.0,-0.0,0.05514354
2019-01-10 10:00:00,0.07098845,-0.0,-0.0,0.0,-0.0,-0.0,0.07098845
2019-01-10 11:00:00,0.1744286293421702,-0.0,-0.0,0.0,0.062256329342170215,0.0591435128750617,0.1121723
2019-01-10 12:00:00,0.06998,-0.0,-0.0,0.0,-0.0,0.0591435128750617,0.06998
2019-01-10 13:00:00,0.21372561962458286,-0.0,-0.0,0.0,0.13325520962458287,0.1857359620184154,0.08047041
2019-01-10 14:00:00,0.19858104962458287,-0.0,-0.0,0.0,0.13325520962458287,0.3123284111617691,0.06532584
2019-01-10 15:00:00,0.16865862781233465,0.001388617302063744,-0.0,0.0,0.10700427511439839,0.4139824725204476,0.06304297
2019-01-10 16:00:00,0.1034083442016803,0.0009521947214151387,-0.0,0.0,0.06920114892309544,0.4797235639973883,0.03515939
2019-01-10 17:00:00,0.029381706655089972,0.0011108938416509952,-0.0,0.03771588950325902,-0.0,0.4400226276781683,0.06820849
2019-01-10 18:00:00,-0.0,0.0019440642228892415,-0.0,0.09936573577711076,-0.0,0.3354271163338412,0.1013098
2019-01-10 19:00:00,-0.0,0.002856584164245416,-0.0,0.09230637583575459,-0.0,0.23826251019094163,0.09516296
2019-01-10 20:00:00,-0.0,0.0033723563050119497,-0.0,0.028315083694988048,-0.0,0.2084571589330595,0.03168744
2019-01-10 21:00:00,-0.0,0.0034517058651298772,-0.0,0.037661194134870124,-0.0,0.16881379668582777,0.0411129
2019-01-10 22:00:00,-0.0,0.0032930067448940213,-0.0,0.018263373255105977,-0.0,0.14958919325940043,0.02155638
2019-01-10 23:00:00,-0.0,0.0030152832844812724,-0.0,0.0074927167155187276,-0.0,0.1417021230325386,0.010508
2019-01-11 00:00:00,-0.0,0.002856584164245416,-0.0,0.005677545835754583,-0.0,0.1357257589949022,0.00853413
2019-01-11 01:00:00,-0.0,0.0032136571847760933,-0.0,0.010629912815223906,-0.0,0.12453637708414017,0.01384357
2019-01-11 02:00:00,-0.0,0.0032930067448940213,-0.0,0.00884862325510598,-0.0,0.11522203681560757,0.01214163
2019-01-11 03:00:00,-0.0,0.003173982404717129,-0.0,0.006520177595282872,-0.0,0.1083586919784677,0.00969416
2019-01-11 04:00:00,-0.0,0.003173982404717129,-0.0,0.010734517595282872,-0.0,0.09705919977290678,0.0139085
2019-01-11 05:00:00,-0.0,0.003650079765424698,-0.0,0.038453370234575304,-0.0,0.05658196794703804,0.04210345
2019-01-11 06:00:00,-0.0,0.003650079765424698,-0.0,0.048699700234575316,-0.0,0.005319125594853504,0.05234978000000001
2019-01-11 07:00:00,0.023276416960525823,0.002935933724363344,-0.0,0.0050531693151108295,-0.0,-0.0,0.03126552
2019-01-11 08:00:00,0.04583665,-0.0,-0.0,0.0,-0.0,-0.0,0.04583665
2019-01-11 09:00:00,0.06677776,-0.0,-0.0,0.0,-0.0,-0.0,0.06677776
2019-01-11 10:00:00,0.04167157,-0.0,-0.0,0.0,-0.0,-0.0,0.04167157
2019-01-11 11:00:00,0.08081516000000001,-0.0,-0.0,0.0,-0.0,-0.0,0.08081516000000001
2019-01-11 12:00:00,0.14525687790141922,-0.0,-0.0,0.0,0.06846730790141922,0.06504394250634826,0.07678957
2019-01-11 13:00:00,0.20938668962458287,-0.0,-0.0,0.0,0.13325520962458287,0.19163639164970198,0.07613148
2019-01-11 14:00:00,0.20445679962458285,-0.0,-0.0,0.0,0.13325520962458287,0.3182288407930557,0.07120159
2019-01-11 15:00:00,0.16026385448230893,0.003967478005896411,-0.0,0.0,0.11152577248820533,0.42417832465685074,0.05270556
2019-01-11 16:00:00,0.09615831268938536,0.0033326815249529857,-0.0,0.0,0.04955644421433835,0.4712569466604722,0.04993455
2019-01-11 17:00:00,0.030526448472820752,0.0033723563050119497,-0.0,0.0374156652221673,-0.0,0.4318720359002961,0.07131447
2019-01-11 18:00:00,-0.0,0.0037294293255426265,-0.0,0.10611707067445737,-0.0,0.32016985624297256,0.1098465
2019-01-11 19:00:00,-0.0,0.004165851906191231,-0.0,0.07921205809380877,-0.0,0.23678874246001597,0.08337791
2019-01-11 20:00:00,-0.0,0.004483250146662945,-0.0,0.04529123985333705,-0.0,0.18911375314071383,0.04977449
2019-01-11 21:00:00,-0.0,0.004364225806486053,-0.0,0.02169730419351395,-0.0,0.16627448556859387,0.02606153
2019-01-11 22:00:00,-0.0,0.0033723563050119497,-0.0,0.015343733694988052,-0.0,0.15012318694229065,0.01871609
2019-01-11 23:00:00,-0.0,0.0023804868035378467,-0.0,0.015542513196462155,-0.0,0.13376264673548838,0.017923
2019-01-12 00:00:00,-0.0,0.0023408120234788823,-0.0,0.00887159797652112,-0.0,0.12442412254967666,0.01121241
2019-01-12 01:00:00,-0.0,0.0020234137830071695,-0.0,0.00833679621699283,-0.0,0.11564854758442106,0.01036021
2019-01-12 02:00:00,-0.0,0.0017456903225944208,-0.0,0.00916358967740558,-0.0,0.10600266371346782,0.01090928
2019-01-12 03:00:00,-0.0,0.0017060155425354566,-0.0,0.008415484457464543,-0.0,0.09714425902139988,0.0101215
2019-01-12 04:00:00,-0.0,0.0019043894428302775,-0.0,0.02540311055716972,-0.0,0.07040414264543175,0.0273075
2019-01-12 05:00:00,-0.0,0.002102763343125098,-0.0,0.0239921666568749,-0.0,0.04514923037503712,0.02609493
2019-01-12 06:00:00,-0.0,0.002499511143714739,-0.0,0.04289176885628526,-0.0,-0.0,0.04539128
2019-01-12 07:00:00,0.03907787451610837,0.0026185354838916316,-0.0,0.0,-0.0,-0.0,0.04169641
2019-01-12 08:00:00,0.04945853,-0.0,-0.0,0.0,-0.0,-0.0,0.04945853
2019-01-12 09:00:00,0.06736787,-0.0,-0.0,0.0,-0.0,-0.0,0.06736787
2019-01-12 10:00:00,0.03240146,-0.0,-0.0,0.0,-0.0,-0.0,0.03240146
2019-01-12 11:00:00,0.08826587000000001,-0.0,-0.0,0.0,-0.0,-0.0,0.08826587000000001
2019-01-12 12:00:00,0.1458399128646995,-0.0,-0.0,0.0,0.0323449128646995,0.030727667221464527,0.113495
2019-01-12 13:00:00,0.24287830962458287,-0.0,-0.0,0.0,0.13325520962458287,0.15732011636481824,0.1096231
2019-01-12 14:00:00,0.20035811962458286,-0.0,-0.0,0.0,0.13325520962458287,0.28391256550817195,0.06710290999999999
2019-01-12 15:00:00,0.19040872234921943,0.0005951217008844617,-0.0,0.0,0.1209222840501039,0.39878873535577064,0.07008156
2019-01-12 16:00:00,0.11523734298489834,0.0006744712610023899,-0.0,0.0,0.060976434245900726,0.4567163478893763,0.05493538
2019-01-12 17:00:00,0.033579093320102824,0.0009918695014741027,-0.0,0.013405487178423069,-0.0,0.4426053087541941,0.04797645
2019-01-12 18:00:00,-0.0,0.0017853651026533848,-0.0,0.09205933489734662,-0.0,0.3457007457043556,0.0938447
2019-01-12 19:00:00,-0.0,0.0024598363636557747,-0.0,0.09708625363634422,-0.0,0.24350468924504592,0.09954609
2019-01-12 20:00:00,-0.0,0.0024598363636557747,-0.0,0.05009965363634422,-0.0,0.19076821173310465,0.05255948999999999
2019-01-12 21:00:00,-0.0,0.0026582102639505956,-0.0,0.0337941597360494,-0.0,0.1551954120109474,0.03645237
2019-01-12 22:00:00,-0.0,0.0024201615835968107,-0.0,0.02295640841640319,-0.0,0.13103077157262824,0.02537657
2019-01-12 23:00:00,-0.0,0.0023011372434199187,-0.0,0.01333870275658008,-0.0,0.11699003182885973,0.01563984
2019-01-13 00:00:00,-0.0,0.002142438123184062,-0.0,0.005583748876815939,-0.0,0.11111240143221136,0.007726187000000001
2019-01-13 01:00:00,-0.0,0.0020234137830071695,-0.0,0.00678213121699283,-0.0,0.10397331594063997,0.008805545
2019-01-13 02:00:00,-0.0,0.0019440642228892415,-0.0,0.011009465777110757,-0.0,0.09238440459631285,0.01295353
2019-01-13 03:00:00,-0.0,0.002102763343125098,-0.0,0.007729765656874901,-0.0,0.08424780916802348,0.009832529
2019-01-13 04:00:00,-0.0,0.002142438123184062,-0.0,0.017750091876815935,-0.0,0.06556350192926987,0.01989253
2019-01-13 05:00:00,-0.0,0.0022614624633609543,-0.0,0.014256267536639047,-0.0,0.0505569045222814,0.01651773
2019-01-13 06:00:00,-0.0,0.002578860703832667,-0.0,0.04802905929616733,-0.0,-0.0,0.05060792
2019-01-13 07:00:00,0.029807738416403187,0.0024201615835968107,-0.0,0.0,-0.0,-0.0,0.0322279
2019-01-13 08:00:00,0.05309607,-0.0,-0.0,0.0,-0.0,-0.0,0.05309607
2019-01-13 09:00:00,0.03213948,-0.0,-0.0,0.0,-0.0,-0.0,0.03213948
2019-01-13 10:00:00,0.05196275,-0.0,-0.0,0.0,-0.0,-0.0,0.05196275
2019-01-13 11:00:00,0.06431007,-0.0,-0.0,0.0,-0.0,-0.0,0.06431007
2019-01-13 12:00:00,0.11130997877221435,-0.0,-0.0,0.0,0.05533575877221434,0.05256897083360362,0.05597422000000001
2019-01-13 13:00:00,0.1843374196245829,-0.0,-0.0,0.0,0.13325520962458287,0.17916141997695734,0.05108221
2019-01-13 14:00:00,0.19530187962458287,-0.0,-0.0,0.0,0.13325520962458287,0.30575386912031105,0.06204667
2019-01-13 15:00:00,0.16179017690594996,0.0017060155425354566,-0.0,0.0,0.1296810024484854,0.4289508214463722,0.03381519
2019-01-13 16:00:00,0.08661879754162888,0.001467966862181672,-0.0,0.0,0.053345034403810554,0.47962860412999225,0.03474173
2019-01-13 17:00:00,0.023276416960525823,0.0013489425220047798,-0.0,0.0462229505174694,-0.0,0.43097286674318236,0.07084831
2019-01-13 18:00:00,-0.0,0.0016663407624764928,-0.0,0.07907089923752351,-0.0,0.3477403412299997,0.08073724
2019-01-13 19:00:00,-0.0,0.0019043894428302775,-0.0,0.07605932055716973,-0.0,0.2676778985382421,0.07796371
2019-01-13 20:00:00,-0.0,0.002142438123184062,-0.0,0.041143891876815934,-0.0,0.2243685386679095,0.04328633
2019-01-13 21:00:00,-0.0,0.0024201615835968107,-0.0,0.030507278416403192,-0.0,0.19225561401906405,0.03292744
2019-01-13 22:00:00,-0.0,0.0026978850440095596,-0.0,0.01498318495599044,-0.0,0.17648384038117937,0.01768107
2019-01-13 23:00:00,-0.0,0.002737559824068524,-0.0,0.015696470175931475,-0.0,0.15996124019598834,0.01843403
2019-01-14 00:00:00,-0.0,0.0026185354838916316,-0.0,0.012387124516108369,-0.0,0.14692216175797954,0.01500566
2019-01-14 01:00:00,-0.0,0.0022217876833019903,-0.0,0.008236912316698009,-0.0,0.13825172774040267,0.0104587
2019-01-14 02:00:00,-0.0,0.002102763343125098,-0.0,0.008136856656874901,-0.0,0.12968661547000804,0.01023962
2019-01-14 03:00:00,-0.0,0.0021821129032430263,-0.0,0.007184435096756974,-0.0,0.12212405221026386,0.009366548
2019-01-14 04:00:00,-0.0,0.0021821129032430263,-0.0,0.025301987096756975,-0.0,0.09549038158209862,0.0274841
2019-01-14 05:00:00,-0.0,0.002142438123184062,-0.0,0.025576841876815935,-0.0,0.06856739013281869,0.02771928
2019-01-14 06:00:00,-0.0,0.002102763343125098,-0.0,0.045686466656874904,-0.0,0.02047637259926616,0.04778923
2019-01-14 07:00:00,0.0263290618078079,0.0019440642228892415,-0.0,0.019452553969302854,-0.0,-0.0,0.04772568
2019-01-14 08:00:00,0.06088934,-0.0,-0.0,0.0,-0.0,-0.0,0.06088934
2019-01-14 09:00:00,0.04789001,-0.0,-0.0,0.0,-0.0,-0.0,0.04789001
2019-01-14 10:00:00,0.04522148,-0.0,-0.0,0.0,-0.0,-0.0,0.04522148
2019-01-14 11:00:00,0.08663237685842932,-0.0,-0.0,0.0,0.02066562685842932,0.019632345515507854,0.06596675
2019-01-14 12:00:00,0.1971110096245829,-0.0,-0.0,0.0,0.13325520962458287,0.14622479465886157,0.0638558
2019-01-14 13:00:00,0.20792798962458287,-0.0,-0.0,0.0,0.13325520962458287,0.2728172438022153,0.07467278000000001
2019-01-14 14:00:00,0.1984219150733349,0.0009521947214151387,-0.0,0.0,0.13276752979475004,0.39894639710722785,0.06660658
2019-01-14 15:00:00,0.14614537206362935,0.0008728451612972104,-0.0,0.0,0.09940193722492656,0.4933782374709081,0.04761628
2019-01-14 16:00:00,0.07822402421160317,0.0009918695014741027,-0.0,0.0,0.04172905371307727,0.5330208384983315,0.03748684
2019-01-14 17:00:00,0.01717112726596167,0.001467966862181672,-0.0,0.04277908587185666,-0.0,0.48799022179111395,0.06141818
2019-01-14 18:00:00,-0.0,0.0019837390029482055,-0.0,0.08694277099705178,-0.0,0.39647151547842785,0.08892650999999999
2019-01-14 19:00:00,-0.0,0.0023408120234788823,-0.0,0.048589357976521114,-0.0,0.3453248228715635,0.05093017
2019-01-14 20:00:00,-0.0,0.0024598363636557747,-0.0,0.05671667363634423,-0.0,0.2856230611490959,0.05917651
2019-01-14 21:00:00,-0.0,0.002499511143714739,-0.0,0.043510778856285265,-0.0,0.23982224130037458,0.04601029
2019-01-14 22:00:00,-0.0,0.0024201615835968107,-0.0,0.02558565841640319,-0.0,0.21288996928310805,0.02800582
2019-01-14 23:00:00,-0.0,0.0022614624633609543,-0.0,0.0076926355366390455,-0.0,0.20479245819190905,0.009954098
2019-01-15 00:00:00,-0.0,0.002063088563066134,-0.0,0.007796502436933865,-0.0,0.19658561352145235,0.009859591
2019-01-15 01:00:00,-0.0,0.0019440642228892415,-0.0,0.01135277577711076,-0.0,0.18463532322975681,0.01329684
2019-01-15 02:00:00,-0.0,0.0016266659824175286,-0.0,0.008387604017582472,-0.0,0.17580626636914368,0.01001427
2019-01-15 03:00:00,-0.0,0.0011902434017689234,-0.0,0.010919016598231076,-0.0,0.16431256468679517,0.01210926
2019-01-15 04:00:00,-0.0,0.0008331703812382464,-0.0,0.029678209618761754,-0.0,0.133072344035467,0.03051138
2019-01-15 05:00:00,-0.0,0.0005554469208254976,-0.0,0.0354185930791745,-0.0,0.09578961447844121,0.03597404
2019-01-15 06:00:00,-0.0,0.0003967478005896411,-0.0,0.04088172219941036,-0.0,0.052756222689588204,0.04127847
2019-01-15 07:00:00,0.019842191507333486,0.0003173982404717129,-0.0,0.012667850252194798,-0.0,0.039421643476751575,0.03282744
2019-01-15 08:00:00,0.06677660603429539,0.00019837390029482055,-0.0,0.002674170065409792,-0.0,0.036606727618425476,0.06964915
2019-01-15 09:00:00,0.1098952145021547,0.00019837390029482055,-0.0,0.0,0.06007067840244952,0.09367387210075251,0.05002291
2019-01-15 10:00:00,0.1446190496399883,0.00011902434017689234,-0.0,0.0,0.0706227739801652,0.16076550738190945,0.07411530000000001
2019-01-15 11:00:00,0.1663691441768731,3.967478005896411e-05,-0.0,0.0,0.09817636895693206,0.2540330578909949,0.06823245
2019-01-15 12:00:00,0.17132969205370646,3.967478005896411e-05,-0.0,0.0,0.07627856683376542,0.326497696383072,0.0950908
2019-01-15 13:00:00,0.15568488721138582,3.967478005896411e-05,-0.0,0.0,0.09954364199144478,0.42106415627494453,0.05618092
2019-01-15 14:00:00,0.1278295029799369,-0.0,-0.0,0.0,0.06485018297993689,0.48267183010588455,0.06297932
2019-01-15 15:00:00,0.09043460360073147,-0.0,-0.0,0.0,0.024095253600731475,0.5055623210265795,0.06633934999999999
2019-01-15 16:00:00,0.04540809210332086,-0.0,-0.0,0.004683157896679134,-0.0,0.5006326811353383,0.05009125
2019-01-15 17:00:00,0.010684256965487263,3.967478005896411e-05,-0.0,0.07030983825445378,-0.0,0.42662232507801856,0.08103377
2019-01-15 18:00:00,-0.0,0.00019837390029482055,0.014592673073353388,0.08407169302635178,-0.0,0.33812580610291143,0.09886274
2019-01-15 19:00:00,-0.0,0.0006347964809434258,-0.0,0.09816448351905656,-0.0,0.23479477081969402,0.09879927999999999
2019-01-15 20:00:00,-0.0,0.0012299181818278874,0.01285170710263519,0.03821605471553692,-0.0,0.19456734480333937,0.05229768
2019-01-15 21:00:00,-0.0,0.0016663407624764928,-0.0,0.029983959237523505,-0.0,0.16300528244805146,0.0316503
2019-01-15 22:00:00,-0.0,0.0019043894428302775,-0.0,0.019134980557169723,-0.0,0.1428631976510307,0.02103937
2019-01-15 23:00:00,-0.0,0.0019837390029482055,-0.0,0.016335860997051792,-0.0,0.12566755449623934,0.0183196
2019-01-16 00:00:00,-0.0,0.0019440642228892415,-0.0,0.008232645777110758,-0.0,0.11700161157296485,0.01017671
2019-01-16 01:00:00,-0.0,0.0015869912023585644,-0.0,0.008250927797641434,-0.0,0.10831642441755282,0.009837918999999999
2019-01-16 02:00:00,-0.0,0.0011108938416509952,-0.0,0.005764651158349004,-0.0,0.10224837056665913,0.006875544999999999
2019-01-16 03:00:00,-0.0,0.000714146041061354,-0.0,0.005255989958938646,-0.0,0.09671574955725003,0.005970136
2019-01-16 04:00:00,-0.0,0.00047609736070756937,-0.0,0.02670110263929243,-0.0,0.0686093257264159,0.0271772
2019-01-16 05:00:00,-0.0,0.0003967478005896411,-0.0,0.027827862199410358,-0.0,0.03931683920072078,0.02822461
2019-01-16 06:00:00,-0.0,0.0004364225806486052,-0.0,0.014905597419351395,-0.0,0.023626736654035103,0.01534202
2019-01-16 07:00:00,0.017934288477782192,0.0005951217008844617,-0.0,0.02244539982133335,-0.0,-0.0,0.04097481
2019-01-16 08:00:00,0.03634917,-0.0,-0.0,0.0,-0.0,-0.0,0.03634917
2019-01-16 09:00:00,0.04775854,-0.0,-0.0,0.0,-0.0,-0.0,0.04775854
2019-01-16 10:00:00,0.04952733,-0.0,-0.0,0.0,-0.0,-0.0,0.04952733
2019-01-16 11:00:00,0.10025643548305244,-0.0,-0.0,0.0,0.051963645483052434,0.04936546320889981,0.04829279
2019-01-16 12:00:00,0.07390684,-0.0,-0.0,0.0,-0.0,0.04936546320889981,0.07390684
2019-01-16 13:00:00,0.15712583962458287,-0.0,-0.0,0.0,0.13325520962458287,0.17595791235225353,0.02387063
2019-01-16 14:00:00,0.1511059199404627,0.000714146041061354,-0.0,0.0,0.10184999598152407,0.2727154085347014,0.04997007
2019-01-16 15:00:00,0.10607940844305212,0.0005157721407665335,-0.0,0.0,0.07539690058381866,0.3443424640893291,0.03119828
2019-01-16 16:00:00,0.05532918785698761,0.00047609736070756937,-0.0,0.0,0.026535785217695177,0.36955146004613953,0.0292695
2019-01-16 17:00:00,0.01144741817730778,0.0007934956011792822,-0.0,0.045432236221512934,-0.0,0.32172805349717853,0.05767315
2019-01-16 18:00:00,-0.0,0.0016266659824175286,-0.0,0.07909016401758248,-0.0,0.23847524926814434,0.08071683
2019-01-16 19:00:00,-0.0,0.0022614624633609543,-0.0,0.07047590753663904,-0.0,0.16429008344010326,0.07273737
2019-01-16 20:00:00,-0.0,0.0023804868035378467,-0.0,0.03565087319646215,-0.0,0.12676284849645889,0.03803136
2019-01-16 21:00:00,-0.0,0.002499511143714739,-0.0,0.016534528856285258,-0.0,0.10935808127931651,0.01903404
2019-01-16 22:00:00,-0.0,0.0030152832844812724,-0.0,0.014101696715518728,-0.0,0.09451418999982311,0.01711698
2019-01-16 23:00:00,-0.0,0.003689754545483662,-0.0,0.007302555454516338,-0.0,0.08682728952138485,0.01099231
2019-01-17 00:00:00,-0.0,0.003888128445778483,-0.0,0.005792810554221518,-0.0,0.08072959420115168,0.009680939000000001
2019-01-17 01:00:00,-0.0,0.0037691041056015905,-0.0,0.005844026894398408,-0.0,0.0745779869438902,0.009613130999999999
2019-01-17 02:00:00,-0.0,0.003650079765424698,-0.0,0.003620222234575302,-0.0,0.07076722669696883,0.007270302
2019-01-17 03:00:00,-0.0,0.003967478005896411,-0.0,0.004359286994103589,-0.0,0.06617850354528085,0.008326765
2019-01-17 04:00:00,-0.0,0.004086502346073303,-0.0,0.016920067653926694,-0.0,0.048367906014831694,0.02100657
2019-01-17 05:00:00,-0.0,0.004403900586545016,-0.0,0.015571389413454984,-0.0,0.03197696979014224,0.01997529
2019-01-17 06:00:00,-0.0,0.004443575366603981,-0.0,0.026884864633396018,-0.0,0.0036771122813043277,0.03132844
2019-01-17 07:00:00,0.0263290618078079,0.0033326815249529857,-0.0,0.0034932566672391113,-0.0,-0.0,0.033155
2019-01-17 08:00:00,0.06382382,-0.0,-0.0,0.0,-0.0,-0.0,0.06382382
2019-01-17 09:00:00,0.06320306,-0.0,-0.0,0.0,-0.0,-0.0,0.06320306
2019-01-17 10:00:00,0.03613605,-0.0,-0.0,0.0,-0.0,-0.0,0.03613605
2019-01-17 11:00:00,0.0909919771232841,-0.0,-0.0,0.0,0.009249527123284092,0.008787050767119886,0.08174245000000001
2019-01-17 12:00:00,0.19199923962458287,-0.0,-0.0,0.0,0.13325520962458287,0.1353794999104736,0.05874403
2019-01-17 13:00:00,0.19440140962458285,-0.0,-0.0,0.0,0.13325520962458287,0.2619719490538273,0.0611462
2019-01-17 14:00:00,0.18118377962458287,-0.0,-0.0,0.0,0.13325520962458287,0.388564398197181,0.04792857
2019-01-17 15:00:00,0.11943472964991118,0.0020234137830071695,-0.0,0.0,0.06366770343291836,0.44904871645845346,0.05779044
2019-01-17 16:00:00,0.05571076846289787,0.0021821129032430263,-0.0,0.0,0.013327181366140896,0.4617095387562873,0.0445657
2019-01-17 17:00:00,0.0122105793891283,0.0033326815249529857,-0.0,0.06091538908591872,-0.0,0.39758807656058337,0.07645865
2019-01-17 18:00:00,-0.0,0.004562599706780873,-0.0,0.08191495029321913,-0.0,0.31136181309403693,0.08647755
2019-01-17 19:00:00,-0.0,0.0057528431085497956,-0.0,0.0666360968914502,-0.0,0.24121855320829988,0.07238894
2019-01-17 20:00:00,-0.0,0.006625688269847007,-0.0,0.035324881730152996,-0.0,0.20403446717655987,0.04195057
2019-01-17 21:00:00,-0.0,0.006784387390082864,-0.0,0.016791912609917137,-0.0,0.1863587696924366,0.0235763
2019-01-17 22:00:00,-0.0,0.0064273143695521865,-0.0,0.013069655630447811,-0.0,0.17260123744985995,0.01949697
2019-01-17 23:00:00,-0.0,0.005435444868078084,-0.0,0.005847915131921916,-0.0,0.16644553731099476,0.01128336
2019-01-18 00:00:00,-0.0,0.004443575366603981,-0.0,0.008522334633396019,-0.0,0.15747465874952526,0.01296591
2019-01-18 01:00:00,-0.0,0.003689754545483662,-0.0,0.008164955454516338,-0.0,0.1488799687974028,0.01185471
2019-01-18 02:00:00,-0.0,0.0037691041056015905,-0.0,0.00881719589439841,-0.0,0.13959870996119397,0.0125863
2019-01-18 03:00:00,-0.0,0.003888128445778483,-0.0,0.005316331554221516,-0.0,0.13400257148306607,0.00920446
2019-01-18 04:00:00,-0.0,0.003967478005896411,-0.0,0.024218851994103587,-0.0,0.10850904306822019,0.02818633
2019-01-18 05:00:00,-0.0,0.004284876246368124,-0.0,0.024398663753631877,-0.0,0.08282623911702874,0.02868354
2019-01-18 06:00:00,-0.0,0.004721298827016729,-0.0,0.04116186117298327,-0.0,0.039497964198099,0.04588316
2019-01-18 07:00:00,0.01259215999503856,0.004403900586545016,-0.0,0.03518259941841642,-0.0,0.002463649020818562,0.05217866
2019-01-18 08:00:00,0.05189496240379528,0.004324551026427088,-0.0,0.002340466569777634,-0.0,-0.0,0.05855998
2019-01-18 09:00:00,0.10188202177803926,0.00215481891512926,-0.0,0.0,0.05198312069316852,0.049383964658510096,0.05205372
2019-01-18 10:00:00,0.14080324358088572,0.0046022744868398375,-0.0,0.0,0.07642045806772556,0.12198339982284938,0.06898506
2019-01-18 11:00:00,0.1614085963000397,0.004483250146662945,-0.0,0.0,0.07342835644670265,0.19174033844721688,0.09246349
2019-01-18 12:00:00,0.1709481114477962,0.004126177126132268,-0.0,0.0,0.058930888573928475,0.24772468259244892,0.1161434
2019-01-18 13:00:00,0.15797437084684737,0.0032136571847760933,-0.0,0.0,0.09690950803162346,0.3397887152224912,0.06427852
2019-01-18 14:00:00,0.13279005085677026,0.0024598363636557747,-0.0,0.0,0.05500340722042603,0.3920419520818959,0.08024648000000001
2019-01-18 15:00:00,0.10073727996030848,0.0022614624633609543,-0.0,0.0,0.04376224242366944,0.4336160823843819,0.0592365
2019-01-18 16:00:00,0.05036863998015424,0.0026582102639505956,-0.0,0.0,0.004667640244104841,0.43805034061628145,0.04835921
2019-01-18 17:00:00,0.01297374060094882,0.0034517058651298772,-0.0,0.0780183335339213,-0.0,0.3559257790016275,0.09444378
2019-01-18 18:00:00,-0.0,0.004483250146662945,-0.0,0.05594650985333705,-0.0,0.29703471599811476,0.06042976
2019-01-18 19:00:00,-0.0,0.005276745747842227,-0.0,0.06253552425215776,-0.0,0.2312078483642645,0.06781227
2019-01-18 20:00:00,-0.0,0.006387639589493222,-0.0,0.03945455041050677,-0.0,0.18967674266899423,0.04584219
2019-01-18 21:00:00,-0.0,0.006149590909139437,-0.0,0.035210799090860556,-0.0,0.15261274362598312,0.04136039
2019-01-18 22:00:00,-0.0,0.005435444868078084,-0.0,0.013364115131921917,-0.0,0.13854525401343373,0.01879956
2019-01-18 23:00:00,-0.0,0.004879997947252586,-0.0,0.010545552052747414,-0.0,0.12744467290527856,0.01542555
2019-01-19 00:00:00,-0.0,0.004086502346073303,-0.0,0.0073127176539266965,-0.0,0.1197470753748294,0.01139922
2019-01-19 01:00:00,-0.0,0.004165851906191231,-0.0,0.010898678093808768,-0.0,0.10827478264450438,0.01506453
2019-01-19 02:00:00,-0.0,0.004641949266898801,-0.0,0.0025690157331011987,-0.0,0.10557055555702943,0.007210965
2019-01-19 03:00:00,-0.0,0.004681624046957765,-0.0,0.008144275953042235,-0.0,0.0969976335011955,0.0128259
2019-01-19 04:00:00,-0.0,0.004879997947252586,-0.0,0.026868432052747415,-0.0,0.0687150734456719,0.03174843
2019-01-19 05:00:00,-0.0,0.005118046627606371,-0.0,0.027197293372393627,-0.0,0.040086343579994396,0.03231534
2019-01-19 06:00:00,-0.0,0.005435444868078084,-0.0,0.03559994513192191,-0.0,0.0026127171253397556,0.04103539
2019-01-19 07:00:00,0.04540809210332086,0.005118046627606371,-0.0,0.002482081269072768,-0.0,-0.0,0.05300822
2019-01-19 08:00:00,0.04045886999999999,-0.0,-0.0,0.0,-0.0,-0.0,0.04045886999999999
2019-01-19 09:00:00,0.06419817,-0.0,-0.0,0.0,-0.0,-0.0,0.06419817
2019-01-19 10:00:00,0.04062186002926853,0.007220809970731468,-0.0,0.0,-0.0,-0.0,0.04784267
2019-01-19 11:00:00,0.1134254,-0.0,-0.0,0.0,-0.0,-0.0,0.1134254
2019-01-19 12:00:00,0.18091693659085073,-0.0,-0.0,0.0,0.08874841659085073,0.08431099576130818,0.09216852
2019-01-19 13:00:00,0.19043691009373348,0.007300159530849396,-0.0,0.0,0.13325520962458287,0.2109034449046619,0.06448186
2019-01-19 14:00:00,0.18577256962458288,-0.0,-0.0,0.0,0.13325520962458287,0.3374958940480156,0.05251736
2019-01-19 15:00:00,0.14500063024589857,0.00761755777132111,-0.0,0.0,0.08089399801721969,0.4143451921643743,0.07172419
2019-01-19 16:00:00,0.08318457208843655,0.007339834310908361,-0.0,0.0,0.03638421639934491,0.44891019774375196,0.05414019
2019-01-19 17:00:00,0.022131675142795047,0.0076572325513800735,-0.0,0.042937882305824876,-0.0,0.40371242689551523,0.07272679
2019-01-19 18:00:00,-0.0,0.007974630791851787,-0.0,0.09386876920814821,-0.0,0.3049031961500961,0.1018434
2019-01-19 19:00:00,-0.0,0.00781593167161593,-0.0,0.08035707832838408,-0.0,0.22031679790969178,0.08817301000000001
2019-01-19 20:00:00,-0.0,0.0074985334311442175,-0.0,0.02872082656885578,-0.0,0.1900843488898436,0.03621936
2019-01-19 21:00:00,-0.0,0.006982761290377683,-0.0,0.025478618709622314,-0.0,0.16326475024813591,0.03246138
2019-01-19 22:00:00,-0.0,0.006189265689198402,-0.0,0.015031804310801599,-0.0,0.14744179834202897,0.02122107
2019-01-19 23:00:00,-0.0,0.006149590909139437,-0.0,0.017932929090860562,-0.0,0.12856503087796523,0.02408252
2019-01-20 00:00:00,-0.0,0.005832192668667724,-0.0,0.003766379331332277,-0.0,0.12460042105551018,0.009598572000000001
2019-01-20 01:00:00,-0.0,0.005237070967783263,-0.0,0.003964440032216738,-0.0,0.12042732628475572,0.009201511
2019-01-20 02:00:00,-0.0,0.004443575366603981,-0.0,0.00806146463339602,-0.0,0.1119415740390757,0.01250504
2019-01-20 03:00:00,-0.0,0.003888128445778483,-0.0,0.009556021554221517,-0.0,0.10188260398200043,0.01344415
2019-01-20 04:00:00,-0.0,0.003808778885660555,-0.0,0.020128931114339447,-0.0,0.08069425544059049,0.02393771
2019-01-20 05:00:00,-0.0,0.0037691041056015905,-0.0,0.03262713589439841,-0.0,0.04634990186753953,0.03639624
2019-01-20 06:00:00,-0.0,0.003927803225837447,-0.0,0.04403240677416256,-0.0,-0.0,0.04796021
2019-01-20 07:00:00,0.03379614,-0.0,-0.0,0.0,-0.0,-0.0,0.03379614
2019-01-20 08:00:00,0.04037930999999999,-0.0,-0.0,0.0,-0.0,-0.0,0.04037930999999999
2019-01-20 09:00:00,0.04485846,-0.0,-0.0,0.0,-0.0,-0.0,0.04485846
2019-01-20 10:00:00,0.07195949,-0.0,-0.0,0.0,-0.0,-0.0,0.07195949
2019-01-20 11:00:00,0.08569760436944543,0.007101785630554576,-0.0,0.0,-0.0,-0.0,0.09279939000000001
2019-01-20 12:00:00,0.08786159631280965,-0.0,-0.0,0.0,0.04704127631280966,0.04468921249716917,0.04082032
2019-01-20 13:00:00,0.19539280959520758,0.006308290029375294,-0.0,0.0,0.13325520962458287,0.1712816616405229,0.06844589000000001
2019-01-20 14:00:00,0.19306124962458288,-0.0,-0.0,0.0,0.13325520962458287,0.2978741107838766,0.05980604
2019-01-20 15:00:00,0.15530330660547556,0.003689754545483662,-0.0,0.0,0.11425502115095923,0.4064163808772879,0.04473804
2019-01-20 16:00:00,0.08585563632980836,0.002499511143714739,-0.0,0.0,0.0489163774735231,0.4528869394771348,0.03943877
2019-01-20 17:00:00,0.0263290618078079,0.0019440642228892415,-0.0,0.02975649396930285,-0.0,0.4215643142462897,0.05802962
2019-01-20 18:00:00,-0.0,0.0024201615835968107,-0.0,0.08342554841640318,-0.0,0.3337479474921811,0.08584570999999999
2019-01-20 19:00:00,-0.0,0.003094632844599201,-0.0,0.07619395715540081,-0.0,0.2535437820654434,0.07928859
2019-01-20 20:00:00,-0.0,0.0032533319648350573,-0.0,0.04742762803516494,-0.0,0.20361996308105929,0.05068096
2019-01-20 21:00:00,-0.0,0.0030549580645402364,-0.0,0.027241541935459763,-0.0,0.17494465578057533,0.0302965
2019-01-20 22:00:00,-0.0,0.0030152832844812724,-0.0,0.021004466715518727,-0.0,0.1528346908168714,0.02401975
2019-01-20 23:00:00,-0.0,0.00289625894430438,-0.0,0.01146484105569562,-0.0,0.1407664370740339,0.0143611
2019-01-21 00:00:00,-0.0,0.002578860703832667,-0.0,0.008665849296167333,-0.0,0.13164449044648935,0.01124471
2019-01-21 01:00:00,-0.0,0.0019043894428302775,-0.0,0.009185490557169723,-0.0,0.12197555301788965,0.01108988
2019-01-21 02:00:00,-0.0,0.0011902434017689234,-0.0,0.007916315598231076,-0.0,0.113642589230278,0.009106559
2019-01-21 03:00:00,-0.0,0.0005554469208254976,-0.0,0.009318518079174503,-0.0,0.10383362283114694,0.009873965
2019-01-21 04:00:00,-0.0,0.00023804868035378468,-0.0,0.031019481319646214,-0.0,0.07118153723151935,0.03125753
2019-01-21 05:00:00,-0.0,0.00015869912023585645,-0.0,0.029978960879764142,-0.0,0.039624736305451824,0.03013766
2019-01-21 06:00:00,-0.0,0.00015869912023585645,-0.0,0.03694248087976414,-0.0,0.0007379143267527275,0.03710118
2019-01-21 07:00:00,0.04578967270923112,0.00023804868035378468,-0.0,0.0007010186104150912,-0.0,-0.0,0.04672874
2019-01-21 08:00:00,0.03813745,-0.0,-0.0,0.0,-0.0,-0.0,0.03813745
2019-01-21 09:00:00,0.04366617,-0.0,-0.0,0.0,-0.0,-0.0,0.04366617
2019-01-21 10:00:00,0.05673022,-0.0,-0.0,0.0,-0.0,-0.0,0.05673022
2019-01-21 11:00:00,0.07181077000000001,-0.0,-0.0,0.0,-0.0,-0.0,0.07181077000000001
2019-01-21 12:00:00,0.22959086962458286,-0.0,-0.0,0.0,0.13325520962458287,0.1265924491433537,0.09633566
2019-01-21 13:00:00,0.12201444346002138,-0.0,-0.0,0.0,0.06042170346002138,0.18399306743037402,0.06159274
2019-01-21 14:00:00,0.21421370962458286,-0.0,-0.0,0.0,0.13325520962458287,0.31058551657372774,0.0809585
2019-01-21 15:00:00,0.1709481114477962,0.0005951217008844617,-0.0,0.0,0.10551523314868066,0.41082498806497436,0.066028
2019-01-21 16:00:00,0.10188202177803926,0.0004364225806486052,-0.0,0.0,0.04610658435868786,0.4546262432057278,0.05621186
2019-01-21 17:00:00,0.027855384231448933,0.0005554469208254976,-0.0,0.022331678847725564,-0.0,0.4311192128397009,0.05074251
2019-01-21 18:00:00,-0.0,0.0011108938416509952,-0.0,0.089214426158349,-0.0,0.33720929056775456,0.09032532
2019-01-21 19:00:00,-0.0,0.0017456903225944208,-0.0,0.07901925967740558,-0.0,0.254031122486275,0.08076495
2019-01-21 20:00:00,-0.0,0.0022614624633609543,-0.0,0.04377155753663905,-0.0,0.2079557987634971,0.04603302
2019-01-21 21:00:00,-0.0,0.0026582102639505956,-0.0,0.028473609736049406,-0.0,0.17798357798870826,0.03113182
2019-01-21 22:00:00,-0.0,0.0034120310850709133,-0.0,0.017716228914929084,-0.0,0.15933491597299343,0.02112826
2019-01-21 23:00:00,-0.0,0.0035310554252478057,-0.0,0.015006814574752196,-0.0,0.14353826905220166,0.01853787
2019-01-22 00:00:00,-0.0,0.0032930067448940213,-0.0,0.010778733255105978,-0.0,0.13219223404682695,0.01407174
2019-01-22 01:00:00,-0.0,0.0032533319648350573,-0.0,0.008758318035164943,-0.0,0.12297295190454807,0.01201165
2019-01-22 02:00:00,-0.0,0.0033326815249529857,-0.0,0.014685888475047015,-0.0,0.10751412193081437,0.01801857
2019-01-22 03:00:00,-0.0,0.0034517058651298772,-0.0,0.0049627081348701235,-0.0,0.10229021863095109,0.008414414
2019-01-22 04:00:00,-0.0,0.0033723563050119497,-0.0,0.011323083694988051,-0.0,0.09037118316254261,0.01469544
2019-01-22 05:00:00,-0.0,0.0035707302053067697,-0.0,0.03940323979469323,-0.0,0.04889408864181291,0.04297397
2019-01-22 06:00:00,-0.0,0.004324551026427088,-0.0,0.03259994897357291,-0.0,0.014578352880157217,0.0369245
2019-01-22 07:00:00,0.041210705438308015,0.0037294293255426265,-0.0,0.013849435236149357,-0.0,-0.0,0.05878957
2019-01-22 08:00:00,0.06641045,-0.0,-0.0,0.0,-0.0,-0.0,0.06641045
2019-01-22 09:00:00,0.05977345,-0.0,-0.0,0.0,-0.0,-0.0,0.05977345
2019-01-22 10:00:00,0.03898841,-0.0,-0.0,0.0,-0.0,-0.0,0.03898841
2019-01-22 11:00:00,0.1011878,-0.0,-0.0,0.0,-0.0,-0.0,0.1011878
2019-01-22 12:00:00,0.13576447933573235,-0.0,-0.0,0.0,0.034431279335732354,0.032709715368945735,0.1013332
2019-01-22 13:00:00,0.19889699962458288,-0.0,-0.0,0.0,0.13325520962458287,0.15930216451229945,0.06564179
2019-01-22 14:00:00,0.22042830962458287,-0.0,-0.0,0.0,0.13325520962458287,0.28589461365565316,0.0871731
2019-01-22 15:00:00,0.18544817447238607,0.0024201615835968107,-0.0,0.0,0.12551209605598287,0.4051311049088369,0.06235624
2019-01-22 16:00:00,0.11485576237898808,0.0024201615835968107,-0.0,0.0,0.07799757396258489,0.47922880017329256,0.03927835
2019-01-22 17:00:00,0.03205277089646179,0.002578860703832667,-0.0,0.044246278399705546,-0.0,0.43265377027886565,0.07887791
2019-01-22 18:00:00,-0.0,0.002935933724363344,0.007945656651053795,0.13325520962458287,-0.0,0.2923851285687784,0.1441368
2019-01-22 19:00:00,-0.0,0.0032930067448940213,-0.0,0.052916383255105975,-0.0,0.2366836725107721,0.05620939
2019-01-22 20:00:00,-0.0,0.003689754545483662,-0.0,0.05126503545451634,-0.0,0.18272047729549173,0.05495479
2019-01-22 21:00:00,-0.0,0.004205526686250196,-0.0,0.035629093313749804,-0.0,0.14521616854417616,0.03983462
2019-01-22 22:00:00,-0.0,0.004324551026427088,-0.0,0.020543508973572912,-0.0,0.12359142225620467,0.02486806
2019-01-22 23:00:00,-0.0,0.004562599706780873,-0.0,0.012841160293219127,-0.0,0.11007441142123718,0.01740376
2019-01-23 00:00:00,-0.0,0.004364225806486053,-0.0,0.007616004193513947,-0.0,0.10205756490174882,0.01198023
2019-01-23 01:00:00,-0.0,0.004205526686250196,-0.0,0.0066815633137498045,-0.0,0.09502434036095955,0.01088709
2019-01-23 02:00:00,-0.0,0.004522924926721909,-0.0,0.005646155073278092,-0.0,0.08908101923119315,0.01016908
2019-01-23 03:00:00,-0.0,0.0047609736070756935,-0.0,0.007391326392924306,-0.0,0.08130067565969387,0.0121523
2019-01-23 04:00:00,-0.0,0.005237070967783263,-0.0,0.016633819032216737,-0.0,0.06379139246788679,0.02187089
2019-01-23 05:00:00,-0.0,0.005435444868078084,-0.0,0.026428325131921917,-0.0,0.0359721028553374,0.03186377
2019-01-23 06:00:00,-0.0,0.004999022287429478,-0.0,0.03417349771257053,-0.0,-0.0,0.03917252
2019-01-23 07:00:00,0.03967452941345497,0.004403900586545016,-0.0,0.0,-0.0,-0.0,0.04407842999999999
2019-01-23 08:00:00,0.04758992,-0.0,-0.0,0.0,-0.0,-0.0,0.04758992
2019-01-23 09:00:00,0.0356569699706247,0.006308290029375294,-0.0,0.0,-0.0,-0.0,0.04196526
2019-01-23 10:00:00,0.04412339,-0.0,-0.0,0.0,-0.0,-0.0,0.04412339
2019-01-23 11:00:00,0.10968593782985818,0.0068240621701418265,-0.0,0.0,-0.0,-0.0,0.11651
2019-01-23 12:00:00,0.13062865834918425,0.0076572325513800735,-0.0,0.0,0.059907860900564325,0.05691246785553611,0.07837803
2019-01-23 13:00:00,0.19433373962458286,-0.0,-0.0,0.0,0.13325520962458287,0.18350491699888982,0.06107853
2019-01-23 14:00:00,0.06169728442808925,0.00801430557191075,-0.0,0.0,-0.0,0.18350491699888982,0.06971159
2019-01-23 15:00:00,0.1704616139940283,0.007101785630554576,-0.0,0.0,0.13325520962458287,0.31009736614224354,0.04430819
2019-01-23 16:00:00,0.10951363389624444,0.006030566568962545,-0.0,0.0,0.04999977046520698,0.3575971480841902,0.06554443
2019-01-23 17:00:00,0.032815932108282306,0.00599089178890358,-0.0,0.019908506102814118,-0.0,0.33664082587070165,0.05871533
2019-01-23 18:00:00,-0.0,0.00626861524931633,-0.0,0.05530506475068368,-0.0,0.27842496823840307,0.06157368000000001
2019-01-23 19:00:00,-0.0,0.00579251788860876,-0.0,0.06923449211139124,-0.0,0.20554655548957018,0.07502701
2019-01-23 20:00:00,-0.0,0.005633818768372903,-0.0,0.0485733712316271,-0.0,0.15441669103522587,0.05420719
2019-01-23 21:00:00,-0.0,0.005316420527901191,-0.0,0.01962987947209881,-0.0,0.13375366001196395,0.0249463
2019-01-23 22:00:00,-0.0,0.005832192668667724,-0.0,0.021409887331332273,-0.0,0.1112169365052984,0.02724208
2019-01-23 23:00:00,-0.0,0.0057528431085497956,-0.0,0.014331436891450205,-0.0,0.09613121346166661,0.02008428
2019-01-24 00:00:00,-0.0,0.005237070967783263,-0.0,0.005921349032216737,-0.0,0.08989821448038585,0.01115842
2019-01-24 01:00:00,-0.0,0.004800648387134657,-0.0,0.0033684726128653426,-0.0,0.08635245383526444,0.008169121
2019-01-24 02:00:00,-0.0,0.004721298827016729,-0.0,0.006931131172983271,-0.0,0.07905652628475573,0.01165243
2019-01-24 03:00:00,-0.0,0.0048403231671936215,-0.0,0.004367736832806379,-0.0,0.07445890856601217,0.00920806
2019-01-24 04:00:00,-0.0,0.0049196727273115495,-0.0,0.02095075727268845,-0.0,0.05240547985791907,0.02587043
2019-01-24 05:00:00,-0.0,0.005078371847547406,-0.0,0.020144628152452593,-0.0,0.031200608118495284,0.025223
2019-01-24 06:00:00,-0.0,0.004999022287429478,-0.0,0.02964057771257052,-0.0,-0.0,0.0346396
2019-01-24 07:00:00,0.038346933313749804,0.004205526686250196,-0.0,0.0,-0.0,-0.0,0.04255246
2019-01-24 08:00:00,0.06452911,-0.0,-0.0,0.0,-0.0,-0.0,0.06452911
2019-01-24 09:00:00,0.05899697,-0.0,-0.0,0.0,-0.0,-0.0,0.05899697
2019-01-24 10:00:00,0.07273885,-0.0,-0.0,0.0,-0.0,-0.0,0.07273885
2019-01-24 11:00:00,0.04651803,-0.0,-0.0,0.0,-0.0,-0.0,0.04651803
2019-01-24 12:00:00,0.0598515,-0.0,-0.0,0.0,-0.0,-0.0,0.0598515
2019-01-24 13:00:00,0.10954407215379133,-0.0,-0.0,0.0,0.04961800215379134,0.047137102046101775,0.05992607
2019-01-24 14:00:00,0.2013384904749717,0.00646698914961115,-0.0,0.0,0.13325520962458287,0.1737295511894555,0.07455027
2019-01-24 15:00:00,0.19727717325560412,0.001066186368978761,-0.0,0.0,0.13325520962458287,0.3003220003328092,0.06508815
2019-01-24 16:00:00,0.12554001934447534,0.006625688269847007,-0.0,0.0,0.09099794761432235,0.38677005056641545,0.04116776
2019-01-24 17:00:00,0.040829124832397756,0.006030566568962545,-0.0,0.028682898598639706,-0.0,0.3565775257257421,0.07554259
2019-01-24 18:00:00,-0.0,0.006030566568962545,-0.0,0.09631203343103746,-0.0,0.2551964379035974,0.1023426
2019-01-24 19:00:00,-0.0,0.006347964809434258,-0.0,0.06427566519056575,-0.0,0.1875378429661598,0.07062363
2019-01-24 20:00:00,-0.0,0.005911542228785652,-0.0,0.03470009777121434,-0.0,0.1510114242596184,0.04061164
2019-01-24 21:00:00,-0.0,0.00599089178890358,-0.0,0.02428768821109642,-0.0,0.12544543666899058,0.03027858
2019-01-24 22:00:00,-0.0,0.0047609736070756935,-0.0,0.018253246392924305,-0.0,0.1062314930974913,0.02301422
2019-01-24 23:00:00,-0.0,0.003689754545483662,-0.0,0.004448939454516337,-0.0,0.10154839893484253,0.008138693999999998
2019-01-25 00:00:00,-0.0,0.0030549580645402364,-0.0,0.005767695935459763,-0.0,0.0954771400554112,0.008822654
2019-01-25 01:00:00,-0.0,0.002777234604127488,-0.0,0.004707719395872513,-0.0,0.09052164595449277,0.007484954
2019-01-25 02:00:00,-0.0,0.002539185923773703,-0.0,0.004832521076226297,-0.0,0.08543478166372825,0.007371707
2019-01-25 03:00:00,-0.0,0.0023011372434199187,-0.0,0.010183052756580081,-0.0,0.074715778762065,0.01248419
2019-01-25 04:00:00,-0.0,0.002578860703832667,-0.0,0.014362569296167332,-0.0,0.05959728476609939,0.01694143
2019-01-25 05:00:00,-0.0,0.0035310554252478057,-0.0,0.030117784574752192,-0.0,0.0278943536347813,0.03364884
2019-01-25 06:00:00,-0.0,0.004681624046957765,-0.0,0.026499635953042236,-0.0,-0.0,0.03118126
2019-01-25 07:00:00,0.04125779,-0.0,-0.0,0.0,-0.0,-0.0,0.04125779
2019-01-25 08:00:00,0.07611195,-0.0,-0.0,0.0,-0.0,-0.0,0.07611195
2019-01-25 09:00:00,0.04863085,-0.0,-0.0,0.0,-0.0,-0.0,0.04863085
2019-01-25 10:00:00,0.04872954,-0.0,-0.0,0.0,-0.0,-0.0,0.04872954
2019-01-25 11:00:00,0.09146516,-0.0,-0.0,0.0,-0.0,-0.0,0.09146516
2019-01-25 12:00:00,0.10942517683280638,0.0048403231671936215,-0.0,0.0,-0.0,-0.0,0.1142655
2019-01-25 13:00:00,0.1450172097348189,-0.0,-0.0,0.0,0.0846049397348189,0.08037469274807796,0.06041227
2019-01-25 14:00:00,0.06077121000000001,-0.0,-0.0,0.0,-0.0,0.08037469274807796,0.06077121000000001
2019-01-25 15:00:00,0.16630109962458287,-0.0,-0.0,0.0,0.13325520962458287,0.20696714189143167,0.03304589
2019-01-25 16:00:00,0.11714524601444963,0.005197396187724299,-0.0,0.0,0.08243319220217393,0.2852786744834969,0.03990945
2019-01-25 17:00:00,0.038158060591025944,0.005356095307960156,-0.0,0.0,0.0124525858989861,0.2971086310875337,0.03106157
2019-01-25 18:00:00,-0.0,0.006109916129080473,-0.0,0.06388075387091952,-0.0,0.22986573227603946,0.06999066999999999
2019-01-25 19:00:00,-0.0,0.006109916129080473,-0.0,0.07060666387091952,-0.0,0.15554292820138735,0.07671657999999999
2019-01-25 20:00:00,-0.0,0.006149590909139437,-0.0,0.03136542909086057,-0.0,0.12252668705311306,0.03751502
2019-01-25 21:00:00,-0.0,0.005951217008844617,-0.0,0.01667034299115538,-0.0,0.10497895758873899,0.02262156
2019-01-25 22:00:00,-0.0,0.005633818768372903,-0.0,0.013866571231627097,-0.0,0.0903825668186052,0.01950039
2019-01-25 23:00:00,-0.0,0.005514794428196012,-0.0,0.01032819557180399,-0.0,0.07951078200617995,0.01584299
2019-01-26 00:00:00,-0.0,0.005435444868078084,-0.0,0.007608115131921916,-0.0,0.07150223976205161,0.01304356
2019-01-26 01:00:00,-0.0,0.005554469208254976,-0.0,0.002725708791745023,-0.0,0.06863307261284632,0.008280178
2019-01-26 02:00:00,-0.0,0.005633818768372903,-0.0,0.0031259142316270973,-0.0,0.06534263657955464,0.008759733
2019-01-26 03:00:00,-0.0,0.005713168328490832,-0.0,0.004822691671509167,-0.0,0.060266119030597615,0.01053586
2019-01-26 04:00:00,-0.0,0.005078371847547406,-0.0,0.011371978152452594,-0.0,0.048295615712226465,0.01645035
2019-01-26 05:00:00,-0.0,0.004522924926721909,-0.0,0.01722372507327809,-0.0,0.03016537879298637,0.02174665
2019-01-26 06:00:00,-0.0,0.004483250146662945,-0.0,0.028657109853337054,-0.0,-0.0,0.03314036
2019-01-26 07:00:00,0.02595855,-0.0,-0.0,0.0,-0.0,-0.0,0.02595855
2019-01-26 08:00:00,0.05893419,-0.0,-0.0,0.0,-0.0,-0.0,0.05893419
2019-01-26 09:00:00,0.04240205,-0.0,-0.0,0.0,-0.0,-0.0,0.04240205
2019-01-26 10:00:00,0.05173749,-0.0,-0.0,0.0,-0.0,-0.0,0.05173749
2019-01-26 11:00:00,0.04745198,-0.0,-0.0,0.0,-0.0,-0.0,0.04745198
2019-01-26 12:00:00,0.049974560527794434,0.00821267947220557,-0.0,0.0,-0.0,-0.0,0.05818724
2019-01-26 13:00:00,0.18333355958077321,0.010474141935566526,-0.0,0.0,0.12890807151633976,0.12246266794052277,0.06489963
2019-01-26 14:00:00,0.02994865,-0.0,-0.0,0.0,-0.0,0.12246266794052277,0.02994865
2019-01-26 15:00:00,0.17819814296009115,0.004745356664491718,-0.0,0.0,0.13325520962458287,0.24905511708387648,0.04968829
2019-01-26 16:00:00,0.10111886056621874,0.011029588856392023,-0.0,0.0,0.04974332942261078,0.29631128003535673,0.06240511999999999
2019-01-26 17:00:00,0.030526448472820752,0.010355117595389634,-0.0,0.025976973931789618,-0.0,0.2689670969492624,0.06685854000000001
2019-01-26 18:00:00,-0.0,0.009323573313856566,-0.0,0.04601675668614343,-0.0,0.22052840570069038,0.05534033
2019-01-26 19:00:00,-0.0,0.009125199413561746,-0.0,0.058007290586438255,-0.0,0.15946809982022905,0.06713249
2019-01-26 20:00:00,-0.0,0.009204548973679675,-0.0,0.014901331026320325,-0.0,0.1437824882135761,0.02410588
2019-01-26 21:00:00,-0.0,0.008887150733207961,-0.0,0.01781211926679204,-0.0,0.12503288898537393,0.02669927
2019-01-26 22:00:00,-0.0,0.008847475953148998,-0.0,0.016211384046851,-0.0,0.10796827419921498,0.02505886
2019-01-26 23:00:00,-0.0,0.008847475953148998,-0.0,0.006741064046851002,-0.0,0.10087241730779287,0.01558854
2019-01-27 00:00:00,-0.0,0.008450728152559355,-0.0,0.005349791847440645,-0.0,0.09524105746838166,0.01380052
2019-01-27 01:00:00,-0.0,0.0076572325513800735,-0.0,0.0007153884486199268,-0.0,0.09448801699615016,0.008372621
2019-01-27 02:00:00,-0.0,0.008053980351969714,-0.0,0.005156939648030285,-0.0,0.08905965947190775,0.01321092
2019-01-27 03:00:00,-0.0,0.007736582111498002,-0.0,0.0017603038885019972,-0.0,0.0872067080103267,0.009496886
2019-01-27 04:00:00,-0.0,0.006784387390082864,-0.0,0.016141352609917135,-0.0,0.0702158105262034,0.02292574
2019-01-27 05:00:00,-0.0,0.006744712610023899,-0.0,0.0360042873899761,-0.0,0.03231656064201803,0.042749
2019-01-27 06:00:00,-0.0,0.006784387390082864,-0.0,0.030700732609917132,-0.0,-0.0,0.03748512
2019-01-27 07:00:00,0.035105415743743866,0.005350654256256131,-0.0,0.0,-0.0,-0.0,0.04045607
2019-01-27 08:00:00,0.05546495,-0.0,-0.0,0.0,-0.0,-0.0,0.05546495
2019-01-27 09:00:00,0.05835843392956336,0.007022436070436647,-0.0,0.0,-0.0,-0.0,0.06538087000000001
2019-01-27 10:00:00,0.048498658387027896,0.008728451612972105,-0.0,0.0,-0.0,-0.0,0.05722711
2019-01-27 11:00:00,0.09394129,-0.0,-0.0,0.0,-0.0,-0.0,0.09394129
2019-01-27 12:00:00,0.09123157800578965,0.00956162199421035,-0.0,0.0,-0.0,-0.0,0.1007932
2019-01-27 13:00:00,0.09145921,-0.0,-0.0,0.0,-0.0,-0.0,0.09145921
2019-01-27 14:00:00,0.13566462794037598,-0.0,-0.0,0.0,0.09337022794037599,0.08870171654335718,0.0422944
2019-01-27 15:00:00,0.18479307745444104,0.0068240621701418265,-0.0,0.0,0.13325520962458287,0.2152941656867109,0.05836193
2019-01-27 16:00:00,0.12668476116220612,0.005594143988313939,-0.0,0.0,0.09220424515052006,0.30288819857970495,0.04007466
2019-01-27 17:00:00,0.047315995132872164,0.0049196727273115495,-0.0,0.0,0.009917147860183717,0.3123094890468795,0.04231852
2019-01-27 18:00:00,-0.0,0.006863736950200791,-0.0,0.06104341304979921,-0.0,0.24805326478393297,0.06790715
2019-01-27 19:00:00,-0.0,0.008173004692146607,-0.0,0.0699541453078534,-0.0,0.1744173223546136,0.07812715
2019-01-27 20:00:00,-0.0,0.00849040293261832,-0.0,0.03006584706738168,-0.0,0.14276906228368552,0.03855625
2019-01-27 21:00:00,-0.0,0.00916487419362071,-0.0,0.027061265806379287,-0.0,0.11428351932960207,0.03622614
2019-01-27 22:00:00,-0.0,0.009045849853443817,-0.0,0.018633910146556184,-0.0,0.09466887707006924,0.02767976
2019-01-27 23:00:00,-0.0,0.008252354252264536,-0.0,0.007399075747735465,-0.0,0.08688037628297927,0.01565143
2019-01-28 00:00:00,-0.0,0.0074985334311442175,-0.0,0.003425476568855782,-0.0,0.0832746114736574,0.01092401
2019-01-28 01:00:00,-0.0,0.007101785630554576,-0.0,0.004065754369445424,-0.0,0.0789948700321359,0.01116754
2019-01-28 02:00:00,-0.0,0.006784387390082864,-0.0,0.0046030626099171365,-0.0,0.07414954096906523,0.01138745
2019-01-28 03:00:00,-0.0,0.006863736950200791,-0.0,0.002845790049799208,-0.0,0.07115397249559238,0.009709526999999999
2019-01-28 04:00:00,-0.0,0.006705037829964935,-0.0,0.015717592170035065,-0.0,0.05460913863239758,0.02242263
2019-01-28 05:00:00,-0.0,0.006387639589493222,-0.0,0.02440352041050678,-0.0,0.028921222410811496,0.03079116
2019-01-28 06:00:00,-0.0,0.006546338709729079,-0.0,0.027475161290270923,-0.0,-0.0,0.0340215
2019-01-28 07:00:00,0.03268296343103746,0.006030566568962545,-0.0,0.0,-0.0,-0.0,0.03871353
2019-01-28 08:00:00,0.04837242,-0.0,-0.0,0.0,-0.0,-0.0,0.04837242
2019-01-28 09:00:00,0.05718110999999999,-0.0,-0.0,0.0,-0.0,-0.0,0.05718110999999999
2019-01-28 10:00:00,0.03718153,-0.0,-0.0,0.0,-0.0,-0.0,0.03718153
2019-01-28 11:00:00,0.0834156919647283,0.010275768035271705,-0.0,0.0,-0.0,-0.0,0.09369146
2019-01-28 12:00:00,0.08336304190608447,0.00936324809391553,-0.0,0.0,-0.0,-0.0,0.09272629
2019-01-28 13:00:00,0.19002461962458286,-0.0,-0.0,0.0,0.13325520962458287,0.1265924491433537,0.05676941
2019-01-28 14:00:00,0.05043547767428645,0.006387639589493222,-0.0,0.0,0.001919297263779666,0.1284157815439444,0.05490382000000001
2019-01-28 15:00:00,0.17412198962458286,-0.0,-0.0,0.0,0.13325520962458287,0.2550082306872981,0.04086678
2019-01-28 16:00:00,0.1156189235908086,0.004681624046957765,-0.0,0.0,0.07130043763776636,0.32274364644317616,0.04900011
2019-01-28 17:00:00,0.039302802408756714,0.004403900586545016,-0.0,0.01623412700469827,-0.0,0.3056550917013885,0.05994083
2019-01-28 18:00:00,-0.0,0.005316420527901191,-0.0,0.06185659947209881,-0.0,0.2405428817307582,0.06717302
2019-01-28 19:00:00,-0.0,0.006863736950200791,-0.0,0.04823868304979921,-0.0,0.1897653206257064,0.05510242
2019-01-28 20:00:00,-0.0,0.007458858651085253,-0.0,0.05109043134891474,-0.0,0.13598591920579614,0.05854929
2019-01-28 21:00:00,-0.0,0.008053980351969714,-0.0,0.017045499648030288,-0.0,0.11804328799734322,0.02509948
2019-01-28 22:00:00,-0.0,0.008133329912087643,-0.0,0.014380300087912357,-0.0,0.10290613001006706,0.02251363
2019-01-28 23:00:00,-0.0,0.007736582111498002,-0.0,0.006132517888501998,-0.0,0.09645084802217022,0.0138691
2019-01-29 00:00:00,-0.0,0.007458858651085253,-0.0,0.0,0.00011710865108525287,0.0965621012407012,0.00734175
2019-01-29 01:00:00,-0.0,0.0065066639296701145,-0.0,0.005645156070329886,-0.0,0.09061983169298554,0.01215182
2019-01-29 02:00:00,-0.0,0.005316420527901191,-0.0,0.005671339472098808,-0.0,0.08465000066972364,0.01098776
2019-01-29 03:00:00,-0.0,0.004126177126132268,-0.0,0.005216299873867732,-0.0,0.0791591586972313,0.009342477
2019-01-29 04:00:00,-0.0,0.003848453665719519,-0.0,0.01330036633428048,-0.0,0.06515877308219921,0.01714882
2019-01-29 05:00:00,-0.0,0.003967478005896411,-0.0,0.020282301994103587,-0.0,0.0438089815094586,0.02424978
2019-01-29 06:00:00,-0.0,0.004046827566014339,-0.0,0.04161853243398567,-0.0,-0.0,0.04566536
2019-01-29 07:00:00,0.05244664545451634,0.003689754545483662,-0.0,0.0,-0.0,-0.0,0.0561364
2019-01-29 08:00:00,0.0503901,-0.0,-0.0,0.0,-0.0,-0.0,0.0503901
2019-01-29 09:00:00,0.02957277,-0.0,-0.0,0.0,-0.0,-0.0,0.02957277
2019-01-29 10:00:00,0.0353971,-0.0,-0.0,0.0,-0.0,-0.0,0.0353971
2019-01-29 11:00:00,0.0690021,-0.0,-0.0,0.0,-0.0,-0.0,0.0690021
2019-01-29 12:00:00,0.10629178175386339,-0.0,-0.0,0.0,0.049856711753863386,0.047363876166170216,0.05643507
2019-01-29 13:00:00,0.18214225217585617,0.005871867448726688,-0.0,0.0,0.13325520962458287,0.17395632530952393,0.05475891
2019-01-29 14:00:00,0.19038323962458287,-0.0,-0.0,0.0,0.13325520962458287,0.30054877445287764,0.05712803
2019-01-29 15:00:00,0.18773765810784762,0.003848453665719519,-0.0,0.0,0.12338630177356714,0.4177657611377664,0.06819981
2019-01-29 16:00:00,0.11523734298489834,0.0026978850440095596,-0.0,0.0,0.06465631802890788,0.4791892632652289,0.05327891000000001
2019-01-29 17:00:00,0.03701331877329516,0.0023804868035378467,-0.0,0.030144634423166984,-0.0,0.44745806913557945,0.06953843999999999
2019-01-29 18:00:00,-0.0,0.0032533319648350573,-0.0,0.09754986803516494,-0.0,0.34477399751961635,0.1008032
2019-01-29 19:00:00,-0.0,0.004483250146662945,-0.0,0.06849408985333706,-0.0,0.2726749555687352,0.07297734
2019-01-29 20:00:00,-0.0,0.004681624046957765,-0.0,0.03178299595304224,-0.0,0.23921917035500656,0.03646462
2019-01-29 21:00:00,-0.0,0.004522924926721909,-0.0,0.02781731507327809,-0.0,0.20993778606734542,0.03234024
2019-01-29 22:00:00,-0.0,0.004800648387134657,-0.0,0.02104482161286534,-0.0,0.18778534226432927,0.02584547
2019-01-29 23:00:00,-0.0,0.0048403231671936215,-0.0,0.009551716832806378,-0.0,0.17773090349295415,0.01439204
2019-01-30 00:00:00,-0.0,0.0047609736070756935,-0.0,0.010694186392924307,-0.0,0.16647386518461277,0.01545516
2019-01-30 01:00:00,-0.0,0.004284876246368124,-0.0,0.008778333753631877,-0.0,0.15723351386500026,0.01306321
2019-01-30 02:00:00,-0.0,0.003689754545483662,-0.0,0.009678475454516338,-0.0,0.14704564496550937,0.01336823
2019-01-30 03:00:00,-0.0,0.002856584164245416,-0.0,0.007509935835754584,-0.0,0.1391404493489256,0.01036652
2019-01-30 04:00:00,-0.0,0.002578860703832667,-0.0,0.031538019296167334,-0.0,0.10594253430032843,0.03411688
2019-01-30 05:00:00,-0.0,0.002539185923773703,-0.0,0.0416437840762263,-0.0,0.06210697211482706,0.04418297
2019-01-30 06:00:00,-0.0,0.00289625894430438,-0.0,0.04623288105569562,-0.0,0.01344078152988431,0.04912914
2019-01-30 07:00:00,0.04922389816242346,0.0028169093841864516,-0.0,0.012768742453390096,-0.0,-0.0,0.06480955000000001
2019-01-30 08:00:00,0.07005826999999999,-0.0,-0.0,0.0,-0.0,-0.0,0.07005826999999999
2019-01-30 09:00:00,0.07446793,-0.0,-0.0,0.0,-0.0,-0.0,0.07446793
2019-01-30 10:00:00,0.0584604,-0.0,-0.0,0.0,-0.0,-0.0,0.0584604
2019-01-30 11:00:00,0.11709755736199659,-0.0,-0.0,0.0,0.04524387736199658,0.04298168349389675,0.07185368
2019-01-30 12:00:00,0.24657550962458286,-0.0,-0.0,0.0,0.13325520962458287,0.16957413263725046,0.1133203
2019-01-30 13:00:00,0.22563787962458287,-0.0,-0.0,0.0,0.13325520962458287,0.2961665817806042,0.09238267
2019-01-30 14:00:00,0.18839611962458286,-0.0,-0.0,0.0,0.13325520962458287,0.4227590309239579,0.05514091
2019-01-30 15:00:00,0.1587375320586679,0.0013489425220047798,-0.0,0.0,0.09259641458067266,0.5107256247755969,0.06749006
2019-01-30 16:00:00,0.09310566784210329,0.0012299181818278874,-0.0,0.0,0.023468646023931172,0.5330208384983315,0.07086694
2019-01-30 17:00:00,0.0263290618078079,0.0015076416422406362,-0.0,0.07229699654995146,-0.0,0.4569187368668036,0.1001337
2019-01-30 18:00:00,-0.0,0.002737559824068524,-0.0,0.11471394017593148,-0.0,0.3361672208921389,0.1174515
2019-01-30 19:00:00,-0.0,0.004046827566014339,-0.0,0.08797880243398568,-0.0,0.243557955172154,0.09202563000000001
2019-01-30 20:00:00,-0.0,0.004641949266898801,-0.0,0.07020058073310119,-0.0,0.1696626070320475,0.07484252999999999
2019-01-30 21:00:00,-0.0,0.005475119648137048,0.011148580031610452,0.012291700320252502,-0.0,0.15672397511599223,0.0289154
2019-01-30 22:00:00,-0.0,0.005276745747842227,-0.0,0.02031003425215777,-0.0,0.13534499169266825,0.02558678
2019-01-30 23:00:00,-0.0,0.004403900586545016,0.014237099413454985,0.0,-0.0,0.13534499169266825,0.018641
2019-01-31 00:00:00,-0.0,0.003610404985365734,-0.0,0.005217979014634265,-0.0,0.12985238220357956,0.008828384
2019-01-31 01:00:00,-0.0,0.0029756085044223084,-0.0,0.009161741495577691,-0.0,0.12020844378718198,0.01213735
2019-01-31 02:00:00,-0.0,0.002539185923773703,-0.0,0.010114564076226297,-0.0,0.10956153423325957,0.01265375
2019-01-31 03:00:00,-0.0,0.0024201615835968107,-0.0,0.01002937841640319,-0.0,0.09900429379494041,0.01244954
2019-01-31 04:00:00,-0.0,0.0028169093841864516,-0.0,0.01495133061581355,-0.0,0.08326605104145246,0.01776824
2019-01-31 05:00:00,-0.0,0.0035707302053067697,-0.0,0.05162590979469324,-0.0,0.028922988099670106,0.05519664000000001
2019-01-31 06:00:00,-0.0,0.004046827566014339,0.014592673073353388,0.023038969360632273,-0.0,0.004671441404267716,0.04167847
2019-01-31 07:00:00,0.046552833921051646,0.0032930067448940213,-0.0,0.00443786933405433,-0.0,-0.0,0.05428371
2019-01-31 08:00:00,0.06060573,-0.0,-0.0,0.0,-0.0,-0.0,0.06060573
2019-01-31 09:00:00,0.06888715999999999,-0.0,-0.0,0.0,-0.0,-0.0,0.06888715999999999
2019-01-31 10:00:00,0.05956953,-0.0,-0.0,0.0,-0.0,-0.0,0.05956953
2019-01-31 11:00:00,0.09878141069829145,-0.0,-0.0,0.0,0.0029283506982914547,0.002781933163376882,0.09585306
2019-01-31 12:00:00,0.22847021962458286,-0.0,-0.0,0.0,0.13325520962458287,0.1293743823067306,0.09521501
2019-01-31 13:00:00,0.20363824962458288,-0.0,-0.0,0.0,0.13325520962458287,0.2559668314500843,0.07038304
2019-01-31 14:00:00,0.18935756962458286,-0.0,-0.0,0.0,0.13325520962458287,0.382559280593438,0.05610236
2019-01-31 15:00:00,0.15759279024093711,0.001388617302063744,-0.0,0.0,0.09104272754300086,0.46904987175928886,0.06793868
2019-01-31 16:00:00,0.1034083442016803,0.001388617302063744,-0.0,0.0,0.04292473150374404,0.5098283666878457,0.06187223
2019-01-31 17:00:00,0.033579093320102824,0.0019837390029482055,-0.0,0.04255989767694897,-0.0,0.4650284743963205,0.07812273
2019-01-31 18:00:00,-0.0,0.0032136571847760933,-0.0,0.0663996028152239,-0.0,0.3951341556434532,0.06961326
2019-01-31 19:00:00,-0.0,0.004403900586545016,-0.0,0.08903987941345498,-0.0,0.30140796678718484,0.09344378
2019-01-31 20:00:00,-0.0,0.005356095307960156,-0.0,0.04690863469203985,-0.0,0.25203045658503764,0.05226473
2019-01-31 21:00:00,-0.0,0.005832192668667724,-0.0,0.033603527331332275,-0.0,0.2166583225520563,0.03943572
2019-01-31 22:00:00,-0.0,0.005435444868078084,-0.0,0.02894257513192192,-0.0,0.1861924539921385,0.03437802
2019-01-31 23:00:00,-0.0,0.004522924926721909,-0.0,0.010745735073278091,-0.0,0.17488115391500367,0.01526866
2019-02-01 00:00:00,-0.0,0.004126177126132268,-0.0,0.009845352873867732,-0.0,0.16451762457409028,0.01397153
2019-02-01 01:00:00,-0.0,0.003650079765424698,-0.0,0.014085970234575302,-0.0,0.14969028748506363,0.01773605
2019-02-01 02:00:00,-0.0,0.0033723563050119497,-0.0,0.006229982694988052,-0.0,0.14313241096402357,0.009602339000000001
2019-02-01 03:00:00,-0.0,0.003094632844599201,-0.0,0.0085275871554008,-0.0,0.13415600343202272,0.01162222
2019-02-01 04:00:00,-0.0,0.0033723563050119497,-0.0,0.02585443369498805,-0.0,0.1069408100688774,0.02922679
2019-02-01 05:00:00,-0.0,0.003888128445778483,-0.0,0.04790280155422153,-0.0,0.05651680843285475,0.05179093000000001
2019-02-01 06:00:00,-0.0,0.004324551026427088,-0.0,0.040938088973572914,-0.0,0.013424083197514843,0.04526264
2019-02-01 07:00:00,0.0385396411969362,0.003650079765424698,-0.0,0.012752879037639102,-0.0,-0.0,0.0549426
2019-02-01 08:00:00,0.0547387,-0.0,-0.0,0.0,-0.0,-0.0,0.0547387
2019-02-01 09:00:00,0.04727956,-0.0,-0.0,0.0,-0.0,-0.0,0.04727956
2019-02-01 10:00:00,0.0796659,-0.0,-0.0,0.0,-0.0,-0.0,0.0796659
2019-02-01 11:00:00,0.17555927864908527,-0.0,-0.0,0.0,0.06970267864908528,0.06621754471663101,0.1058566
2019-02-01 12:00:00,0.1984219150733349,0.005038697067488442,-0.0,0.0,0.11686072214082334,0.17723523075041317,0.08659989
2019-02-01 13:00:00,0.18964556113739892,0.005078371847547406,-0.0,0.0,0.09300073298494632,0.2655859270861122,0.1017232
2019-02-01 14:00:00,0.17209285326552698,0.0049196727273115495,-0.0,0.0,0.10320814599283853,0.3636336657793088,0.07380437999999999
2019-02-01 15:00:00,0.13660585691587285,0.004879997947252586,-0.0,0.0,0.08539321486312543,0.4447572198992779,0.05609264000000001
2019-02-01 16:00:00,0.08509247511798784,0.004879997947252586,-0.0,0.0,0.040981953065240426,0.4836900753112563,0.04899052
2019-02-01 17:00:00,0.02403957817234634,0.004681624046957765,-0.0,0.03438669778069589,-0.0,0.4474935513315764,0.0631079
2019-02-01 18:00:00,-0.0,0.004721298827016729,-0.0,0.12127000117298327,-0.0,0.31984091851790986,0.1259913
2019-02-01 19:00:00,-0.0,0.005237070967783263,-0.0,0.07382388903221673,-0.0,0.24213156164189226,0.07906096
2019-02-01 20:00:00,-0.0,0.005713168328490832,-0.0,0.04659829167150917,-0.0,0.19308072830346154,0.05231146
2019-02-01 21:00:00,-0.0,0.005475119648137048,-0.0,0.02715220035186294,-0.0,0.16449946477518476,0.03262731999999999
2019-02-01 22:00:00,-0.0,0.004483250146662945,-0.0,0.02896067985333705,-0.0,0.13401453861377735,0.03344393
2019-02-01 23:00:00,-0.0,0.0037691041056015905,-0.0,0.01956693589439841,-0.0,0.1134177639880948,0.02333604
2019-02-02 00:00:00,-0.0,0.003134307624658165,-0.0,0.011169222375341835,-0.0,0.10166068780352445,0.01430353
2019-02-02 01:00:00,-0.0,0.0032136571847760933,-0.0,0.005802536815223906,-0.0,0.09555275431381507,0.009016194
2019-02-02 02:00:00,-0.0,0.003094632844599201,-0.0,0.008433997155400799,-0.0,0.08667486257128791,0.01152863
2019-02-02 03:00:00,-0.0,0.002777234604127488,-0.0,0.009780645395872513,-0.0,0.07637944636510632,0.01255788
2019-02-02 04:00:00,-0.0,0.002777234604127488,-0.0,0.01568314539587251,-0.0,0.059870872264187885,0.01846038
2019-02-02 05:00:00,-0.0,0.00289625894430438,-0.0,0.02277590105569562,-0.0,0.03589623957398197,0.02567216
2019-02-02 06:00:00,-0.0,0.003173982404717129,-0.0,0.034101427595282875,-0.0,-0.0,0.03727541
2019-02-02 07:00:00,0.03372800841640319,0.0024201615835968107,-0.0,0.0,-0.0,-0.0,0.03614817
2019-02-02 08:00:00,0.07611823,-0.0,-0.0,0.0,-0.0,-0.0,0.07611823
2019-02-02 09:00:00,0.06044957,-0.0,-0.0,0.0,-0.0,-0.0,0.06044957
2019-02-02 10:00:00,0.05532044,-0.0,-0.0,0.0,-0.0,-0.0,0.05532044
2019-02-02 11:00:00,0.1012697,-0.0,-0.0,0.0,-0.0,-0.0,0.1012697
2019-02-02 12:00:00,0.19885470757843465,-0.0,-0.0,0.0,0.09075470757843465,0.08621697219951291,0.1081
2019-02-02 13:00:00,0.07889937999999999,-0.0,-0.0,0.0,-0.0,0.08621697219951291,0.07889937999999999
2019-02-02 14:00:00,0.18314576962458287,-0.0,-0.0,0.0,0.13325520962458287,0.21280942134286662,0.04989056
2019-02-02 15:00:00,0.18582975507829633,0.0020670245462865444,-0.0,0.0,0.13325520962458287,0.33940187048622034,0.05464157
2019-02-02 16:00:00,0.10875047268442392,0.0021821129032430263,-0.0,0.0,0.03521607558766694,0.37285714229450395,0.07571651
2019-02-02 17:00:00,0.033197512714192565,0.0026978850440095596,-0.0,0.035471772241797886,-0.0,0.33551843467155884,0.07136717000000001
2019-02-02 18:00:00,-0.0,0.0037294293255426265,-0.0,0.07096832067445737,-0.0,0.2608149392247616,0.07469775
2019-02-02 19:00:00,-0.0,0.004443575366603981,-0.0,0.07994551463339603,-0.0,0.17666176592645,0.08438909
2019-02-02 20:00:00,-0.0,0.005316420527901191,-0.0,0.04790252947209881,-0.0,0.12623805069266178,0.05321895
2019-02-02 21:00:00,-0.0,0.006070241349021509,-0.0,0.027305148650978488,-0.0,0.09749578895478969,0.03337539
2019-02-02 22:00:00,-0.0,0.005594143988313939,-0.0,0.01795084601168606,-0.0,0.07860016157406753,0.02354499
2019-02-02 23:00:00,-0.0,0.0048403231671936215,-0.0,0.0050234768328063775,-0.0,0.07331229122374502,0.009863799999999999
2019-02-03 00:00:00,-0.0,0.004284876246368124,-0.0,0.0017829807536318765,-0.0,0.07143546937781674,0.006067857
2019-02-03 01:00:00,-0.0,0.0035310554252478057,-0.0,0.007988524574752194,-0.0,0.06302649614123548,0.01151958
2019-02-03 02:00:00,-0.0,0.003134307624658165,-0.0,0.004058730375341835,-0.0,0.058754148377717766,0.007193038
2019-02-03 03:00:00,-0.0,0.0030549580645402364,-0.0,0.004710508935459764,-0.0,0.05379571791933907,0.007765467
2019-02-03 04:00:00,-0.0,0.0034120310850709133,-0.0,0.01568640891492909,-0.0,0.037283708535203186,0.01909844
2019-02-03 05:00:00,-0.0,0.0037691041056015905,-0.0,0.009340115894398409,-0.0,0.02745200759373118,0.01310922
2019-02-03 06:00:00,-0.0,0.004007152785955375,-0.0,0.02607940721404462,-0.0,-0.0,0.03008656
2019-02-03 07:00:00,0.03445069,-0.0,-0.0,0.0,-0.0,-0.0,0.03445069
2019-02-03 08:00:00,0.05241994,-0.0,-0.0,0.0,-0.0,-0.0,0.05241994
2019-02-03 09:00:00,0.04266577,-0.0,-0.0,0.0,-0.0,-0.0,0.04266577
2019-02-03 10:00:00,0.03880877,-0.0,-0.0,0.0,-0.0,-0.0,0.03880877
2019-02-03 11:00:00,0.06394877,-0.0,-0.0,0.0,-0.0,-0.0,0.06394877
2019-02-03 12:00:00,0.06483939999999999,-0.0,-0.0,0.0,-0.0,-0.0,0.06483939999999999
2019-02-03 13:00:00,0.05648783,-0.0,-0.0,0.0,-0.0,-0.0,0.05648783
2019-02-03 14:00:00,0.1416764176041454,-0.0,-0.0,0.0,0.09232775760414538,0.08771136972393812,0.04934866
2019-02-03 15:00:00,0.15205688962458286,-0.0,-0.0,0.0,0.13325520962458287,0.21430381886729183,0.01880168
2019-02-03 16:00:00,0.12821108358584715,0.0012695929618868516,-0.0,0.0,0.101491786547734,0.31072101608763913,0.02798889
2019-02-03 17:00:00,0.045026511497410604,0.0009918695014741027,-0.0,0.0,0.013706360998884712,0.3237420590365796,0.03231202
2019-02-03 18:00:00,-0.0,0.0015473164222996004,-0.0,0.051489243577700405,-0.0,0.2695428552705792,0.05303656
2019-02-03 19:00:00,-0.0,0.0023804868035378467,-0.0,0.03766795319646215,-0.0,0.22989237822167166,0.04004844
2019-02-03 20:00:00,-0.0,0.0029756085044223084,-0.0,0.027696751495577692,-0.0,0.20073790296316882,0.03067236
2019-02-03 21:00:00,-0.0,0.003094632844599201,-0.0,0.0200487771554008,-0.0,0.17963392701011535,0.02314341
2019-02-03 22:00:00,-0.0,0.003094632844599201,-0.0,0.0170257671554008,-0.0,0.16171206684653555,0.0201204
2019-02-03 23:00:00,-0.0,0.0030152832844812724,-0.0,0.007988656715518728,-0.0,0.15330295451441056,0.01100394
2019-02-04 00:00:00,-0.0,0.002856584164245416,-0.0,0.0046321408357545835,-0.0,0.14842701679256362,0.007488725
2019-02-04 01:00:00,-0.0,0.0028169093841864516,-0.0,0.008123350615813549,-0.0,0.13987612140749672,0.01094026
2019-02-04 02:00:00,-0.0,0.0030152832844812724,-0.0,0.007432946715518727,-0.0,0.1320519669701086,0.01044823
2019-02-04 03:00:00,-0.0,0.0034913806451888417,-0.0,0.007618759354811157,-0.0,0.1240322202808337,0.01111014
2019-02-04 04:00:00,-0.0,0.0032930067448940213,-0.0,0.019514943255105978,-0.0,0.1034901747491432,0.02280795
2019-02-04 05:00:00,-0.0,0.00289625894430438,-0.0,0.038882001055695614,-0.0,0.06256175258525308,0.04177826
2019-02-04 06:00:00,-0.0,0.0026978850440095596,-0.0,0.05943366495599043,-0.0,-0.0,0.06213154999999999
2019-02-04 07:00:00,0.04503079,-0.0,-0.0,0.0,-0.0,-0.0,0.04503079
2019-02-04 08:00:00,0.0557807,-0.0,-0.0,0.0,-0.0,-0.0,0.0557807
2019-02-04 09:00:00,0.06041016,-0.0,-0.0,0.0,-0.0,-0.0,0.06041016
2019-02-04 10:00:00,0.03584249,-0.0,-0.0,0.0,-0.0,-0.0,0.03584249
2019-02-04 11:00:00,0.08772334,-0.0,-0.0,0.0,-0.0,-0.0,0.08772334
2019-02-04 12:00:00,0.2105962696245829,-0.0,-0.0,0.0,0.13325520962458287,0.1265924491433537,0.07734106
2019-02-04 13:00:00,0.08341246275110772,-0.0,-0.0,0.0,0.032640962751107734,0.15760136375690606,0.0507715
2019-02-04 14:00:00,0.233908911422989,-0.0,-0.0,0.0,0.126847311422989,0.2781063096087456,0.1070616
2019-02-04 15:00:00,0.18048762659555267,-0.0,-0.0,0.0,0.11866206659555267,0.39083527287452063,0.06182556
2019-02-04 16:00:00,0.11256627874352651,0.00011902434017689234,-0.0,0.0,0.06446287308370341,0.45207500230403885,0.04822243
2019-02-04 17:00:00,0.033197512714192565,0.0003173982404717129,-0.0,0.034356149045335724,-0.0,0.415910634887896,0.06787106
2019-02-04 18:00:00,-0.0,0.001071219061592031,-0.0,0.09396317093840796,-0.0,0.3170020339000981,0.09503439
2019-02-04 19:00:00,-0.0,0.0019837390029482055,-0.0,0.07508133099705179,-0.0,0.23796905390320153,0.07706507
2019-02-04 20:00:00,-0.0,0.002499511143714739,-0.0,0.05555845885628526,-0.0,0.17948646563342757,0.05805797
2019-02-04 21:00:00,-0.0,0.002856584164245416,-0.0,0.04896027583575458,-0.0,0.12794933317473853,0.05181686
2019-02-04 22:00:00,-0.0,0.0028169093841864516,-0.0,0.016775120615813547,-0.0,0.11029131147388216,0.01959203
2019-02-04 23:00:00,-0.0,0.0023804868035378467,-0.0,0.009121603196462153,-0.0,0.10068962389865883,0.01150209
2019-02-05 00:00:00,-0.0,0.0019440642228892415,-0.0,0.008291205777110757,-0.0,0.0919620388701212,0.01023527
2019-02-05 01:00:00,-0.0,0.0017060155425354566,-0.0,0.006120174457464544,-0.0,0.08551974996752694,0.00782619
2019-02-05 02:00:00,-0.0,0.0017060155425354566,-0.0,0.004116771457464544,-0.0,0.08118630632809058,0.005822787
2019-02-05 03:00:00,-0.0,0.0015869912023585644,-0.0,0.005497473797641436,-0.0,0.07539949180425749,0.007084465
2019-02-05 04:00:00,-0.0,0.001467966862181672,-0.0,0.013008413137818328,-0.0,0.0617064253433961,0.01447638
2019-02-05 05:00:00,-0.0,0.0013092677419458158,-0.0,0.024736052258054184,-0.0,0.035668475598075906,0.02604532
2019-02-05 06:00:00,-0.0,0.0012299181818278874,-0.0,0.03388505181817211,-0.0,-0.0,0.03511497
2019-02-05 07:00:00,0.0215464,-0.0,-0.0,0.0,-0.0,-0.0,0.0215464
2019-02-05 08:00:00,0.07822446,-0.0,-0.0,0.0,-0.0,-0.0,0.07822446
2019-02-05 09:00:00,0.05267594,-0.0,-0.0,0.0,-0.0,-0.0,0.05267594
2019-02-05 10:00:00,0.04882848,-0.0,-0.0,0.0,-0.0,-0.0,0.04882848
2019-02-05 11:00:00,0.08587479,-0.0,-0.0,0.0,-0.0,-0.0,0.08587479
2019-02-05 12:00:00,0.20580272241226855,-0.0,-0.0,0.0,0.12900848241226856,0.12255805829165511,0.07679424
2019-02-05 13:00:00,0.21163392962458288,-0.0,-0.0,0.0,0.13325520962458287,0.24915050743500883,0.07837872
2019-02-05 14:00:00,0.18443603962458288,-0.0,-0.0,0.0,0.13325520962458287,0.37574295657836254,0.05118083
2019-02-05 15:00:00,0.15759279024093711,0.00011902434017689234,-0.0,0.0,0.113430404581114,0.4835018409304208,0.04428141
2019-02-05 16:00:00,0.09539515147756485,0.00015869912023585645,-0.0,0.0,0.0521252605978007,0.5330208384983315,0.04342859
2019-02-05 17:00:00,0.02594748120189764,0.0003173982404717129,-0.0,0.039381660557630656,-0.0,0.49156645896398343,0.06564654
2019-02-05 18:00:00,-0.0,0.0006347964809434258,-0.0,0.12294680351905657,-0.0,0.3621487710491871,0.1235816
2019-02-05 19:00:00,-0.0,0.001031544281533067,-0.0,0.08636811571846693,-0.0,0.2712349650297482,0.08739966
2019-02-05 20:00:00,-0.0,0.0015076416422406362,-0.0,0.05503968835775937,-0.0,0.21329845096894887,0.05654733
2019-02-05 21:00:00,-0.0,0.0019440642228892415,0.014592673073353388,0.02510842270375737,-0.0,0.1868685323334148,0.04164516
2019-02-05 22:00:00,-0.0,0.0020234137830071695,0.008311405311115455,0.015565890905877375,-0.0,0.17048338401143862,0.02590071
2019-02-05 23:00:00,-0.0,0.0018647146627713133,-0.0,0.012278125337228687,-0.0,0.1575590415511979,0.01414284
2019-02-06 00:00:00,-0.0,0.0015473164222996004,-0.0,0.009469103577700401,-0.0,0.14759156410098695,0.01101642
2019-02-06 01:00:00,-0.0,0.0012695929618868516,-0.0,0.010408507038113149,-0.0,0.1366352409029731,0.0116781
2019-02-06 02:00:00,-0.0,0.0011108938416509952,-0.0,0.011379206158349005,-0.0,0.12465712915734256,0.0124901
2019-02-06 03:00:00,-0.0,0.001071219061592031,-0.0,0.00791762793840797,-0.0,0.11632278395901838,0.008988847
2019-02-06 04:00:00,-0.0,0.0011902434017689234,-0.0,0.020646846598231076,-0.0,0.0945892612240383,0.02183709
2019-02-06 05:00:00,-0.0,0.0012299181818278874,-0.0,0.03936616181817211,-0.0,0.05315119615227819,0.04059608
2019-02-06 06:00:00,-0.0,0.0012695929618868516,-0.0,0.04335395703811314,-0.0,0.007515451901632773,0.04462355
2019-02-06 07:00:00,0.05113180119197476,0.0009918695014741027,-0.0,0.007139679306551135,-0.0,-0.0,0.05926335
2019-02-06 08:00:00,0.05796664,-0.0,-0.0,0.0,-0.0,-0.0,0.05796664
2019-02-06 09:00:00,0.05877031,-0.0,-0.0,0.0,-0.0,-0.0,0.05877031
2019-02-06 10:00:00,0.04642777,-0.0,-0.0,0.0,-0.0,-0.0,0.04642777
2019-02-06 11:00:00,0.1032754,-0.0,-0.0,0.0,-0.0,-0.0,0.1032754
2019-02-06 12:00:00,0.11515832602072634,-0.0,-0.0,0.0,0.03438516602072634,0.032665907719690024,0.08077316000000001
2019-02-06 13:00:00,0.18673453962458286,-0.0,-0.0,0.0,0.13325520962458287,0.15925835686304374,0.05347933
2019-02-06 14:00:00,0.18754327962458286,-0.0,-0.0,0.0,0.13325520962458287,0.28585080600639745,0.05428807
2019-02-06 15:00:00,0.19029920962458285,-0.0,-0.0,0.0,0.13325520962458287,0.41244325514975116,0.057044
2019-02-06 16:00:00,0.12515843873856508,-0.0,-0.0,0.0,0.06894222873856508,0.477938372451388,0.05621621
2019-02-06 17:00:00,0.04235544725603879,-0.0,-0.0,0.059892552743961214,-0.0,0.41489358008932353,0.102248
2019-02-06 18:00:00,-0.0,7.934956011792822e-05,-0.0,0.09257730043988206,-0.0,0.3174437901526056,0.09265665
2019-02-06 19:00:00,-0.0,0.0002777234604127488,-0.0,0.07659861653958726,-0.0,0.23681366747935587,0.07687634
2019-02-06 20:00:00,-0.0,0.0005554469208254976,-0.0,0.052955183079174496,-0.0,0.18107136950127745,0.05351063
2019-02-06 21:00:00,-0.0,0.0007934956011792822,-0.0,0.030246224398820718,-0.0,0.14923323855515036,0.03103972
2019-02-06 22:00:00,-0.0,0.0009125199413561745,-0.0,0.020247760058643826,-0.0,0.12791980691447266,0.02116028
2019-02-06 23:00:00,-0.0,0.0011505686217099594,-0.0,0.016720201378290042,-0.0,0.11031959493732524,0.01787077
2019-02-07 00:00:00,-0.0,0.0016266659824175286,-0.0,0.009465874017582471,-0.0,0.10035551702408053,0.01109254
2019-02-07 01:00:00,-0.0,0.002142438123184062,-0.0,0.008898991876815938,-0.0,0.09098815715374797,0.01104143
2019-02-07 02:00:00,-0.0,0.002737559824068524,-0.0,0.004939650175931475,-0.0,0.08578852538960957,0.007677209999999999
2019-02-07 03:00:00,-0.0,0.0033326815249529857,-0.0,0.007075078475047014,-0.0,0.07834107436324429,0.01040776
2019-02-07 04:00:00,-0.0,0.0033326815249529857,-0.0,0.021627718475047016,-0.0,0.05557505491582638,0.0249604
2019-02-07 05:00:00,-0.0,0.0032930067448940213,-0.0,0.020460343255105977,-0.0,0.034037851489399036,0.02375335
2019-02-07 06:00:00,-0.0,0.0034120310850709133,-0.0,0.03233595891492909,-0.0,-0.0,0.03574799
2019-02-07 07:00:00,0.03610086,-0.0,-0.0,0.0,-0.0,-0.0,0.03610086
2019-02-07 08:00:00,0.06719433,-0.0,-0.0,0.0,-0.0,-0.0,0.06719433
2019-02-07 09:00:00,0.08221632,-0.0,-0.0,0.0,-0.0,-0.0,0.08221632
2019-02-07 10:00:00,0.06961911000000001,-0.0,-0.0,0.0,-0.0,-0.0,0.06961911000000001
2019-02-07 11:00:00,0.08902226,-0.0,-0.0,0.0,-0.0,-0.0,0.08902226
2019-02-07 12:00:00,0.1182529,-0.0,-0.0,0.0,-0.0,-0.0,0.1182529
2019-02-07 13:00:00,0.21110313962458288,-0.0,-0.0,0.0,0.13325520962458287,0.1265924491433537,0.07784793000000001
2019-02-07 14:00:00,0.2091173602021773,-0.0,-0.0,0.0,0.11364805020217733,0.23455809683542217,0.09546930999999999
2019-02-07 15:00:00,0.19837990962458288,-0.0,-0.0,0.0,0.13325520962458287,0.3611505459787759,0.06512470000000001
2019-02-07 16:00:00,0.130882147827219,0.002777234604127488,-0.0,0.0,0.09035642243134648,0.44698914728855504,0.04330296
2019-02-07 17:00:00,0.043881769679679834,0.0026582102639505956,-0.0,0.03427651005636958,-0.0,0.4109086103871134,0.08081649
2019-02-07 18:00:00,-0.0,0.0033326815249529857,-0.0,0.09984421847504701,-0.0,0.30580943304495867,0.1031769
2019-02-07 19:00:00,-0.0,0.004046827566014339,-0.0,0.06925786243398566,-0.0,0.23290641995655273,0.07330468999999999
2019-02-07 20:00:00,-0.0,0.004007152785955375,-0.0,0.05418258721404462,-0.0,0.17587211762597946,0.05818974
2019-02-07 21:00:00,-0.0,0.0034517058651298772,-0.0,0.036740524134870126,-0.0,0.13719788169453723,0.04019223
2019-02-07 22:00:00,-0.0,0.0032533319648350573,-0.0,0.022626418035164943,-0.0,0.11338059955225835,0.02587975
2019-02-07 23:00:00,-0.0,0.0030549580645402364,-0.0,0.008466541935459765,-0.0,0.10446845014651122,0.0115215
2019-02-08 00:00:00,-0.0,0.0026978850440095596,-0.0,0.00471429895599044,-0.0,0.09950603019283707,0.007412184
2019-02-08 01:00:00,-0.0,0.0026185354838916316,-0.0,0.004567125516108367,-0.0,0.09469852964956511,0.007185660999999999
2019-02-08 02:00:00,-0.0,0.0023408120234788823,-0.0,0.0033474479765211174,-0.0,0.09117490020059552,0.00568826
2019-02-08 03:00:00,-0.0,0.002102763343125098,-0.0,0.008822736656874901,-0.0,0.08188780898283246,0.0109255
2019-02-08 04:00:00,-0.0,0.0017060155425354566,-0.0,0.017152554457464546,-0.0,0.06383248850129083,0.01885857
2019-02-08 05:00:00,-0.0,0.0013489425220047798,-0.0,0.03688601747799522,-0.0,0.0250051016823485,0.03823496
2019-02-08 06:00:00,-0.0,0.0011902434017689234,-0.0,0.023754846598231075,-0.0,-0.0,0.02494509
2019-02-08 07:00:00,0.04342091,-0.0,-0.0,0.0,-0.0,-0.0,0.04342091
2019-02-08 08:00:00,0.0596069,-0.0,-0.0,0.0,-0.0,-0.0,0.0596069
2019-02-08 09:00:00,0.03499852,-0.0,-0.0,0.0,-0.0,-0.0,0.03499852
2019-02-08 10:00:00,0.07498392,-0.0,-0.0,0.0,-0.0,-0.0,0.07498392
2019-02-08 11:00:00,0.05526635000000001,-0.0,-0.0,0.0,-0.0,-0.0,0.05526635000000001
2019-02-08 12:00:00,0.06389455000000001,-0.0,-0.0,0.0,-0.0,-0.0,0.06389455000000001
2019-02-08 13:00:00,0.1657658379961222,-0.0,-0.0,0.0,0.10207627799612222,0.0969724640963161,0.06368956
2019-02-08 14:00:00,0.18578649962458288,-0.0,-0.0,0.0,0.13325520962458287,0.22356491323966982,0.05253129
2019-02-08 15:00:00,0.18525797962458287,-0.0,-0.0,0.0,0.13325520962458287,0.35015736238302353,0.05200277
2019-02-08 16:00:00,0.13164530903903948,-0.0,-0.0,0.0,0.09004774903903948,0.435702723970111,0.04159756
2019-02-08 17:00:00,0.04578967270923112,7.934956011792822e-05,-0.0,0.0006465977306509482,-0.0,0.43502209477995213,0.04651562
2019-02-08 18:00:00,-0.0,0.0003173982404717129,-0.0,0.08435029175952828,-0.0,0.3462323139804487,0.08466768999999999
2019-02-08 19:00:00,-0.0,0.0007934956011792822,-0.0,0.08084571439882073,-0.0,0.26113156198169,0.08163921
2019-02-08 20:00:00,-0.0,0.001428292082122708,-0.0,0.03930396791787729,-0.0,0.21975896417339816,0.04073226
2019-02-08 21:00:00,-0.0,0.0020234137830071695,-0.0,0.02848439621699283,-0.0,0.18977538920814255,0.03050781
2019-02-08 22:00:00,-0.0,0.002102763343125098,-0.0,0.015285186656874901,-0.0,0.17368571904301108,0.01738795
2019-02-08 23:00:00,-0.0,0.0018647146627713133,-0.0,0.013767045337228688,-0.0,0.15919409237224405,0.01563176
2019-02-09 00:00:00,-0.0,0.001467966862181672,-0.0,0.010824843137818327,-0.0,0.14779952064822477,0.01229281
2019-02-09 01:00:00,-0.0,0.0009521947214151387,-0.0,0.01062661527858486,-0.0,0.13661360982866175,0.01157881
2019-02-09 02:00:00,-0.0,0.0005951217008844617,-0.0,0.008302412299115538,-0.0,0.12787422846117172,0.008897534
2019-02-09 03:00:00,-0.0,0.000357073020530677,-0.0,0.010573056979469322,-0.0,0.11674469479857243,0.01093013
2019-02-09 04:00:00,-0.0,0.00023804868035378468,-0.0,0.024303411319646216,-0.0,0.09116215656736588,0.02454146
2019-02-09 05:00:00,-0.0,0.0002777234604127488,-0.0,0.03594253653958725,-0.0,0.05332790757832668,0.03622026
2019-02-09 06:00:00,-0.0,0.0003967478005896411,-0.0,0.05066151219941035,-0.0,-0.0,0.05105825999999999
2019-02-09 07:00:00,0.05601603,-0.0,-0.0,0.0,-0.0,-0.0,0.05601603
2019-02-09 08:00:00,0.05361581,-0.0,-0.0,0.0,-0.0,-0.0,0.05361581
2019-02-09 09:00:00,0.05531362,-0.0,-0.0,0.0,-0.0,-0.0,0.05531362
2019-02-09 10:00:00,0.05715323999999999,-0.0,-0.0,0.0,-0.0,-0.0,0.05715323999999999
2019-02-09 11:00:00,0.04789564,-0.0,-0.0,0.0,-0.0,-0.0,0.04789564
2019-02-09 12:00:00,0.1282609,-0.0,-0.0,0.0,-0.0,-0.0,0.1282609
2019-02-09 13:00:00,0.113825567807908,-0.0,-0.0,0.0,0.04483192780790802,0.04259033141751262,0.06899364
2019-02-09 14:00:00,0.19294699962458287,-0.0,-0.0,0.0,0.13325520962458287,0.16918278056086633,0.05969178999999999
2019-02-09 15:00:00,0.17517336962458288,-0.0,-0.0,0.0,0.13325520962458287,0.29577522970422004,0.04191816
2019-02-09 16:00:00,0.1297374060094882,-0.0,-0.0,0.0,0.05840899600948818,0.3512637759132338,0.07132841000000001
2019-02-09 17:00:00,0.04578967270923112,0.00011902434017689234,-0.0,0.0033668529505919906,-0.0,0.3477197201757686,0.04927555
2019-02-09 18:00:00,-0.0,0.0005951217008844617,-0.0,0.06065529829911554,-0.0,0.28387203775564696,0.06125042
2019-02-09 19:00:00,-0.0,0.001388617302063744,-0.0,0.05120542269793626,-0.0,0.22997159281045088,0.05259404
2019-02-09 20:00:00,-0.0,0.002102763343125098,-0.0,0.042787756656874905,-0.0,0.18493184896110887,0.04489052
2019-02-09 21:00:00,-0.0,0.002737559824068524,-0.0,0.025741030175931476,-0.0,0.15783602772328625,0.02847859
2019-02-09 22:00:00,-0.0,0.0026582102639505956,-0.0,0.025156339736049405,-0.0,0.13135567010639215,0.02781455
2019-02-09 23:00:00,-0.0,0.0020234137830071695,-0.0,0.018346066216992828,-0.0,0.112044021456926,0.02036948
2019-02-10 00:00:00,-0.0,0.001428292082122708,-0.0,0.008642067917877293,-0.0,0.10294710785916043,0.01007036
2019-02-10 01:00:00,-0.0,0.001031544281533067,-0.0,0.008212296718466933,-0.0,0.09430258499761629,0.009243841
2019-02-10 02:00:00,-0.0,0.0008728451612972104,-0.0,0.00736144683870279,-0.0,0.08655369358845545,0.008234292
2019-02-10 03:00:00,-0.0,0.0009918695014741027,-0.0,0.0032834384985258973,-0.0,0.08309744253737555,0.004275308
2019-02-10 04:00:00,-0.0,0.0015869912023585644,-0.0,0.026041928797641438,-0.0,0.05568488590827931,0.02762892
2019-02-10 05:00:00,-0.0,0.0023408120234788823,-0.0,0.022318977976521118,-0.0,0.03219122488036234,0.02465979
2019-02-10 06:00:00,-0.0,0.0024598363636557747,-0.0,0.030581663636344226,-0.0,-0.0,0.0330415
2019-02-10 07:00:00,0.025885778856285263,0.002499511143714739,-0.0,0.0,-0.0,-0.0,0.02838529
2019-02-10 08:00:00,0.02278474,-0.0,-0.0,0.0,-0.0,-0.0,0.02278474
2019-02-10 09:00:00,0.05256262,-0.0,-0.0,0.0,-0.0,-0.0,0.05256262
2019-02-10 10:00:00,0.07363115,-0.0,-0.0,0.0,-0.0,-0.0,0.07363115
2019-02-10 11:00:00,0.07673587999999999,-0.0,-0.0,0.0,-0.0,-0.0,0.07673587999999999
2019-02-10 12:00:00,0.10322566361917049,-0.0,-0.0,0.0,0.04557367361917049,0.04329498993821196,0.05765199
2019-02-10 13:00:00,0.05873952,-0.0,-0.0,0.0,-0.0,0.04329498993821196,0.05873952
2019-02-10 14:00:00,0.17777433962458286,-0.0,-0.0,0.0,0.13325520962458287,0.16988743908156567,0.04451913
2019-02-10 15:00:00,0.16938763962458286,-0.0,-0.0,0.0,0.13325520962458287,0.2964798882249194,0.03613243
2019-02-10 16:00:00,0.11103995631988547,0.0006347964809434258,-0.0,0.0,0.0624637428008289,0.3558204438857068,0.04921101
2019-02-10 17:00:00,0.0366317381673849,0.001031544281533067,-0.0,0.01212203755108203,-0.0,0.3430604043582521,0.04978532
2019-02-10 18:00:00,-0.0,0.0017853651026533848,-0.0,0.09362841489734662,-0.0,0.2445041781505188,0.09541378
2019-02-10 19:00:00,-0.0,0.002777234604127488,-0.0,0.05428722539587251,-0.0,0.18735973036538986,0.05706446
2019-02-10 20:00:00,-0.0,0.004165851906191231,-0.0,0.02731347809380877,-0.0,0.15860870079295958,0.03147933
2019-02-10 21:00:00,-0.0,0.005237070967783263,-0.0,0.023635359032216738,-0.0,0.13372937549588934,0.02887243
2019-02-10 22:00:00,-0.0,0.005237070967783263,-0.0,0.009819799032216737,-0.0,0.1233927449356612,0.01505687
2019-02-10 23:00:00,-0.0,0.0049196727273115495,-0.0,0.008979527272688451,-0.0,0.1139406109644102,0.0138992
2019-02-11 00:00:00,-0.0,0.0048403231671936215,-0.0,0.0041532738328063775,-0.0,0.10956874377198243,0.008993596999999999
2019-02-11 01:00:00,-0.0,0.004443575366603981,-0.0,0.006450644633396019,-0.0,0.1027785915263024,0.01089422
2019-02-11 02:00:00,-0.0,0.003888128445778483,-0.0,0.007115471554221518,-0.0,0.09528862146922712,0.0110036
2019-02-11 03:00:00,-0.0,0.0034913806451888417,-0.0,0.005004944354811159,-0.0,0.09002025899047852,0.008496325
2019-02-11 04:00:00,-0.0,0.0037294293255426265,-0.0,0.021375470674457372,-0.0,0.06751976354368129,0.0251049
2019-02-11 05:00:00,-0.0,0.004284876246368124,-0.0,0.03353087375363188,-0.0,0.03222410696091089,0.03781575
2019-02-11 06:00:00,-0.0,0.004800648387134657,-0.0,0.030612901612865347,-0.0,-0.0,0.03541355
2019-02-11 07:00:00,0.02736893,-0.0,-0.0,0.0,-0.0,-0.0,0.02736893
2019-02-11 08:00:00,0.05093767,-0.0,-0.0,0.0,-0.0,-0.0,0.05093767
2019-02-11 09:00:00,0.05465166,-0.0,-0.0,0.0,-0.0,-0.0,0.05465166
2019-02-11 10:00:00,0.05682165,-0.0,-0.0,0.0,-0.0,-0.0,0.05682165
2019-02-11 11:00:00,0.06541784,-0.0,-0.0,0.0,-0.0,-0.0,0.06541784
2019-02-11 12:00:00,0.0879574,-0.0,-0.0,0.0,-0.0,-0.0,0.0879574
2019-02-11 13:00:00,0.05237384812307729,0.011386661876922699,-0.0,0.0,-0.0,-0.0,0.06376050999999999
2019-02-11 14:00:00,0.14899297471869896,0.011823084457571305,-0.0,0.0,0.08742901917627026,0.08305756821745675,0.07338704
2019-02-11 15:00:00,0.18712700962458287,-0.0,-0.0,0.0,0.13325520962458287,0.20965001736081046,0.0538718
2019-02-11 16:00:00,0.1350795344922318,0.010077394134976884,-0.0,0.0,0.09449354862720871,0.2994188885566587,0.05066337999999999
2019-02-11 17:00:00,0.04922389816242346,0.007696907331439038,-0.0,0.0,0.013045855493862495,0.3118124512758281,0.04387495
2019-02-11 18:00:00,-0.0,0.007022436070436647,-0.0,0.05731258392956336,-0.0,0.25148341556049825,0.06433502
2019-02-11 19:00:00,-0.0,0.007736582111498002,-0.0,0.048080017888502,-0.0,0.2008728704147067,0.0558166
2019-02-11 20:00:00,-0.0,0.0082920290323235,-0.0,0.0366784809676765,-0.0,0.16226394308031036,0.04497051
2019-02-11 21:00:00,-0.0,0.0076572325513800735,-0.0,0.022927427448619926,-0.0,0.13812980892386834,0.03058466
2019-02-11 22:00:00,-0.0,0.007101785630554576,-0.0,0.012675784369445425,-0.0,0.12478687800866262,0.01977757
2019-02-11 23:00:00,-0.0,0.00646698914961115,-0.0,0.011821360850388849,-0.0,0.1123433402714112,0.01828835
2019-02-12 00:00:00,-0.0,0.005435444868078084,-0.0,0.005958045131921916,-0.0,0.10607171381675655,0.01139349
2019-02-12 01:00:00,-0.0,0.004403900586545016,-0.0,0.005015770413454983,-0.0,0.10079195548680393,0.009419671
2019-02-12 02:00:00,-0.0,0.003848453665719519,-0.0,0.00760343633428048,-0.0,0.09278833829282448,0.01145189
2019-02-12 03:00:00,-0.0,0.003689754545483662,-0.0,0.008427175454516338,-0.0,0.08391762728807045,0.01211693
2019-02-12 04:00:00,-0.0,0.0032930067448940213,-0.0,0.021569973255105977,-0.0,0.061212392282695746,0.02486298
2019-02-12 05:00:00,-0.0,0.0035310554252478057,-0.0,0.038184694574752195,-0.0,0.021017976940851335,0.04171575
2019-02-12 06:00:00,-0.0,0.004165851906191231,-0.0,0.01996707809380877,-0.0,-0.0,0.02413293
2019-02-12 07:00:00,0.04415148847504701,0.0033326815249529857,-0.0,0.0,-0.0,-0.0,0.04748417
2019-02-12 08:00:00,0.03897093,-0.0,-0.0,0.0,-0.0,-0.0,0.03897093
2019-02-12 09:00:00,0.04233724,-0.0,-0.0,0.0,-0.0,-0.0,0.04233724
2019-02-12 10:00:00,0.04576785360696893,0.008768126393031069,-0.0,0.0,-0.0,-0.0,0.05453598
2019-02-12 11:00:00,0.06549759000000001,-0.0,-0.0,0.0,-0.0,-0.0,0.06549759000000001
2019-02-12 12:00:00,0.0811012315743248,0.014362270381345008,-0.0,0.0,0.004591671955669808,0.004362088357886318,0.09087183
2019-02-12 13:00:00,0.028185431876709178,0.015671538123290824,-0.0,0.0,-0.0,0.004362088357886318,0.04385697
2019-02-12 14:00:00,0.19982625804087928,0.015949261583703574,-0.0,0.0,0.13325520962458287,0.13095453750124003,0.08252031
2019-02-12 15:00:00,0.16822895974176375,0.015354139882819112,-0.0,0.0,0.13325520962458287,0.25754698664459375,0.05032788999999999
2019-02-12 16:00:00,0.10875047268442392,0.013092677419458158,-0.0,0.0,0.06393049010388208,0.31828095224328173,0.05791266
2019-02-12 17:00:00,0.03968438301466697,0.012338856598337838,-0.0,0.030796040386995203,-0.0,0.28586406762539207,0.08281928000000001
2019-02-12 18:00:00,-0.0,0.01245788093851473,-0.0,0.059992449061485265,-0.0,0.22271412124488124,0.07245033
2019-02-12 19:00:00,-0.0,0.01158503577721752,-0.0,0.04202961422278248,-0.0,0.17847242206300495,0.05361465
2019-02-12 20:00:00,-0.0,0.011227962756686843,-0.0,0.03255333724331316,-0.0,0.14420575128057006,0.0437813
2019-02-12 21:00:00,-0.0,0.009720321114446207,-0.0,0.028870808885553795,-0.0,0.11381542613788186,0.03859113
2019-02-12 22:00:00,-0.0,0.008887150733207961,-0.0,0.01988069926679204,-0.0,0.09288837427810076,0.02876785
2019-02-12 23:00:00,-0.0,0.00761755777132111,-0.0,0.009993272228678891,-0.0,0.08236914035317561,0.01761083
2019-02-13 00:00:00,-0.0,0.006863736950200791,-0.0,0.0033192630497992084,-0.0,0.0788751792481238,0.010183
2019-02-13 01:00:00,-0.0,0.006308290029375294,-0.0,0.0004358309706247055,-0.0,0.07841640980536095,0.006744121
2019-02-13 02:00:00,-0.0,0.006109916129080473,-0.0,0.003111207870919526,-0.0,0.07514145415176145,0.009221123999999999
2019-02-13 03:00:00,-0.0,0.005713168328490832,-0.0,0.003285254671509168,-0.0,0.07168329133964653,0.008998423
2019-02-13 04:00:00,-0.0,0.0057528431085497956,-0.0,0.018214876891450207,-0.0,0.052509736717067365,0.02396772
2019-02-13 05:00:00,-0.0,0.005554469208254976,-0.0,0.024486100791745024,-0.0,0.026734893778388398,0.03004057
2019-02-13 06:00:00,-0.0,0.005475119648137048,-0.0,0.022946780351862952,-0.0,0.0025803881448484495,0.0284219
2019-02-13 07:00:00,0.04617125331514139,0.004879997947252586,-0.0,0.0024513687376060272,-0.0,-0.0,0.05350262
2019-02-13 08:00:00,0.04858975,-0.0,-0.0,0.0,-0.0,-0.0,0.04858975
2019-02-13 09:00:00,0.05180543,-0.0,-0.0,0.0,-0.0,-0.0,0.05180543
2019-02-13 10:00:00,0.06130037999999999,-0.0,-0.0,0.0,-0.0,-0.0,0.06130037999999999
2019-02-13 11:00:00,0.044047246070329886,0.0065066639296701145,-0.0,0.0,-0.0,-0.0,0.05055391
2019-02-13 12:00:00,0.08155546475068368,0.00626861524931633,-0.0,0.0,-0.0,-0.0,0.08782408
2019-02-13 13:00:00,0.16612639443990482,-0.0,-0.0,0.0,0.10399030443990481,0.09879078921790957,0.06213609
2019-02-13 14:00:00,0.16935418962458287,-0.0,-0.0,0.0,0.13325520962458287,0.22538323836126328,0.03609898
2019-02-13 15:00:00,0.17171127265961672,0.004800648387134657,-0.0,0.0,0.13119776104675138,0.3500211113556771,0.04531416
2019-02-13 16:00:00,0.11065837571397522,0.004403900586545016,-0.0,0.0,0.05718325630052023,0.4043452048411713,0.05787902
2019-02-13 17:00:00,0.038158060591025944,0.004403900586545016,-0.0,0.003182838822429042,-0.0,0.40099484818598286,0.0457448
2019-02-13 18:00:00,-0.0,0.0046022744868398375,-0.0,0.11653302551316017,-0.0,0.2783285055405511,0.1211353
2019-02-13 19:00:00,-0.0,0.004641949266898801,-0.0,0.0778061707331012,-0.0,0.19642727318991826,0.08244812
2019-02-13 20:00:00,-0.0,0.005475119648137048,-0.0,0.03222479035186296,-0.0,0.16250644124058883,0.03769991
2019-02-13 21:00:00,-0.0,0.005356095307960156,-0.0,0.014899714692039843,-0.0,0.14682253103844162,0.02025581
2019-02-13 22:00:00,-0.0,0.0049196727273115495,-0.0,0.00970205727268845,-0.0,0.13660983917245378,0.01462173
2019-02-13 23:00:00,-0.0,0.004721298827016729,-0.0,0.007242231172983271,-0.0,0.12898643793773457,0.01196353
2019-02-14 00:00:00,-0.0,0.004324551026427088,-0.0,0.007142628973572912,-0.0,0.12146788112344728,0.01146718
2019-02-14 01:00:00,-0.0,0.003848453665719519,-0.0,0.006166686334280481,-0.0,0.11497663235052046,0.01001514
2019-02-14 02:00:00,-0.0,0.0034120310850709133,-0.0,0.008310048914929086,-0.0,0.10622921244006879,0.01172208
2019-02-14 03:00:00,-0.0,0.0033326815249529857,-0.0,0.007870538475047014,-0.0,0.09794443509791403,0.01120322
2019-02-14 04:00:00,-0.0,0.0035310554252478057,-0.0,0.027494684574752196,-0.0,0.06900266186133278,0.03102574
2019-02-14 05:00:00,-0.0,0.003927803225837447,-0.0,0.030642416774162552,-0.0,0.036747486309582716,0.03457022
2019-02-14 06:00:00,-0.0,0.003967478005896411,-0.0,0.034910111994103585,-0.0,-0.0,0.03887759
2019-02-14 07:00:00,0.0485072,-0.0,-0.0,0.0,-0.0,-0.0,0.0485072
2019-02-14 08:00:00,0.06214265,-0.0,-0.0,0.0,-0.0,-0.0,0.06214265
2019-02-14 09:00:00,0.06065155,-0.0,-0.0,0.0,-0.0,-0.0,0.06065155
2019-02-14 10:00:00,0.06420362865097849,0.006070241349021509,-0.0,0.0,-0.0,-0.0,0.07027387
2019-02-14 11:00:00,0.07432004,-0.0,-0.0,0.0,-0.0,-0.0,0.07432004
2019-02-14 12:00:00,0.1007085,-0.0,-0.0,0.0,-0.0,-0.0,0.1007085
2019-02-14 13:00:00,0.21612572962458287,-0.0,-0.0,0.0,0.13325520962458287,0.1265924491433537,0.08287052
2019-02-14 14:00:00,0.1390615098825467,0.005514794428196012,-0.0,0.0,0.08116302431074272,0.2036973222385593,0.06341328
2019-02-14 15:00:00,0.17029052962458285,-0.0,-0.0,0.0,0.13325520962458287,0.330289771381913,0.03703532
2019-02-14 16:00:00,0.11828998783218041,0.0034120310850709133,-0.0,0.0,0.07913774891725131,0.40547063285330176,0.04256427
2019-02-14 17:00:00,0.03968438301466697,0.00289625894430438,-0.0,0.005173658041028643,-0.0,0.40002467702064004,0.0477543
2019-02-14 18:00:00,-0.0,0.003650079765424698,-0.0,0.0930400402345753,-0.0,0.30208779256319235,0.09669011999999999
2019-02-14 19:00:00,-0.0,0.004284876246368124,-0.0,0.07024066375363187,-0.0,0.22815025176989565,0.07452554
2019-02-14 20:00:00,-0.0,0.004522924926721909,-0.0,0.040722565073278094,-0.0,0.18528439379802397,0.04524549
2019-02-14 21:00:00,-0.0,0.005038697067488442,-0.0,0.027010022932511563,-0.0,0.1568527907111697,0.03204872
2019-02-14 22:00:00,-0.0,0.005356095307960156,-0.0,0.017295344692039843,-0.0,0.1386471647195488,0.02265144
2019-02-14 23:00:00,-0.0,0.005356095307960156,-0.0,0.0022018756920398445,-0.0,0.13632940083319106,0.007557971
2019-02-15 00:00:00,-0.0,0.004959347507370514,-0.0,0.008064072492629488,-0.0,0.12784090347252844,0.01302342
2019-02-15 01:00:00,-0.0,0.004284876246368124,-0.0,0.007267303753631877,-0.0,0.12019111004765277,0.01155218
2019-02-15 02:00:00,-0.0,0.004126177126132268,-0.0,0.006100492873867732,-0.0,0.11376953860147622,0.01022667
2019-02-15 03:00:00,-0.0,0.004126177126132268,-0.0,0.005662452873867732,-0.0,0.10780906189214176,0.00978863
2019-02-15 04:00:00,-0.0,0.004562599706780873,-0.0,0.020974960293219127,-0.0,0.08573015632033215,0.02553756
2019-02-15 05:00:00,-0.0,0.005157721407665334,-0.0,0.04703672859233467,-0.0,0.03621781043366408,0.05219445
2019-02-15 06:00:00,-0.0,0.005395770088019119,-0.0,0.03440691991198088,-0.0,-0.0,0.03980269
2019-02-15 07:00:00,0.03885173,-0.0,-0.0,0.0,-0.0,-0.0,0.03885173
2019-02-15 08:00:00,0.0493872,-0.0,-0.0,0.0,-0.0,-0.0,0.0493872
2019-02-15 09:00:00,0.03764172475068367,0.00626861524931633,-0.0,0.0,-0.0,-0.0,0.04391034
2019-02-15 10:00:00,0.04814494,-0.0,-0.0,0.0,-0.0,-0.0,0.04814494
2019-02-15 11:00:00,0.07956274398820717,0.007934956011792822,-0.0,0.0,-0.0,-0.0,0.0874977
2019-02-15 12:00:00,0.10382534486797132,0.008093655132028678,-0.0,0.0,-0.0,-0.0,0.111919
2019-02-15 13:00:00,0.1606923305980137,0.0082920290323235,-0.0,0.0,0.08561491963033721,0.08133417364882034,0.08336944
2019-02-15 14:00:00,0.24105330962458288,-0.0,-0.0,0.0,0.13325520962458287,0.20792662279217405,0.1077981
2019-02-15 15:00:00,0.16790485751308487,0.007736582111498002,-0.0,0.0,0.13325520962458287,0.33451907193552777,0.04238623
2019-02-15 16:00:00,0.1240136969208343,0.006149590909139437,-0.0,0.0,0.07536586782997375,0.40611664637400285,0.05479742
2019-02-15 17:00:00,0.046934414526961905,0.0048403231671936215,-0.0,0.0,0.009834447694155528,0.4154593716834506,0.04194029
2019-02-15 18:00:00,-0.0,0.004007152785955375,-0.0,0.08031936721404463,-0.0,0.33091266935287733,0.08432652
2019-02-15 19:00:00,-0.0,0.003848453665719519,-0.0,0.07992128633428047,-0.0,0.24678499952731897,0.08376974
2019-02-15 20:00:00,-0.0,0.004721298827016729,-0.0,0.03703539117298327,-0.0,0.20780037723996816,0.04175669
2019-02-15 21:00:00,-0.0,0.005276745747842227,-0.0,0.027524664252157778,-0.0,0.17882704644822314,0.03280141
2019-02-15 22:00:00,-0.0,0.004800648387134657,-0.0,0.022177091612865345,-0.0,0.15548273948731225,0.02697774
2019-02-15 23:00:00,-0.0,0.004284876246368124,-0.0,0.011757623753631877,-0.0,0.14310629343085765,0.0160425
2019-02-16 00:00:00,-0.0,0.004007152785955375,-0.0,0.008835857214044625,-0.0,0.13380539110028436,0.01284301
2019-02-16 01:00:00,-0.0,0.003927803225837447,-0.0,0.005527315774162552,-0.0,0.12798716396958693,0.009455119
2019-02-16 02:00:00,-0.0,0.003808778885660555,-0.0,0.008456241114339444,-0.0,0.11908585753344014,0.01226502
2019-02-16 03:00:00,-0.0,0.0037691041056015905,-0.0,0.00508686389439841,-0.0,0.11373126396038918,0.008855968
2019-02-16 04:00:00,-0.0,0.003808778885660555,-0.0,0.025336701114339447,-0.0,0.0870610522610845,0.02914548
2019-02-16 05:00:00,-0.0,0.003967478005896411,-0.0,0.03633678199410359,-0.0,0.04881180805676494,0.04030426
2019-02-16 06:00:00,-0.0,0.004086502346073303,-0.0,0.0463712176539267,-0.0,-0.0,0.05045772
2019-02-16 07:00:00,0.04083659,-0.0,-0.0,0.0,-0.0,-0.0,0.04083659
2019-02-16 08:00:00,0.07075972,-0.0,-0.0,0.0,-0.0,-0.0,0.07075972
2019-02-16 09:00:00,0.06388295000000001,-0.0,-0.0,0.0,-0.0,-0.0,0.06388295000000001
2019-02-16 10:00:00,0.07409220000000001,-0.0,-0.0,0.0,-0.0,-0.0,0.07409220000000001
2019-02-16 11:00:00,0.1378087,-0.0,-0.0,0.0,-0.0,-0.0,0.1378087
2019-02-16 12:00:00,0.15598564247736568,-0.0,-0.0,0.0,0.05445014247736568,0.05172763535349739,0.1015355
2019-02-16 13:00:00,0.2526669096245829,-0.0,-0.0,0.0,0.13325520962458287,0.1783200844968511,0.1194117
2019-02-16 14:00:00,0.2021908496245829,-0.0,-0.0,0.0,0.13325520962458287,0.3049125336402048,0.06893564
2019-02-16 15:00:00,0.18618374962458287,-0.0,-0.0,0.0,0.13325520962458287,0.43150498278355853,0.05292854
2019-02-16 16:00:00,0.1201978908617317,0.0006347964809434258,-0.0,0.0,0.06383129734267512,0.49214471525909986,0.05700139
2019-02-16 17:00:00,0.043881769679679834,0.0005157721407665335,-0.0,0.021297658179553626,-0.0,0.469726127701675,0.0656952
2019-02-16 18:00:00,-0.0,0.0009521947214151387,-0.0,0.10918320527858486,-0.0,0.3547964379347436,0.1101354
2019-02-16 19:00:00,-0.0,0.001467966862181672,-0.0,0.07883157313781831,-0.0,0.27181583463177694,0.08029953999999999
2019-02-16 20:00:00,-0.0,0.0016266659824175286,-0.0,0.05121424401758247,-0.0,0.21790610408695327,0.05284091
2019-02-16 21:00:00,-0.0,0.0019043894428302775,-0.0,0.03248691055716972,-0.0,0.18370935613203776,0.0343913
2019-02-16 22:00:00,-0.0,0.0021821129032430263,-0.0,0.020236527096756975,-0.0,0.16240774866176727,0.02241864
2019-02-16 23:00:00,-0.0,0.002142438123184062,-0.0,0.022457011876815938,-0.0,0.1387687887914347,0.02459945
2019-02-17 00:00:00,-0.0,0.0016266659824175286,-0.0,0.009534084017582472,-0.0,0.12873291087819,0.01116075
2019-02-17 01:00:00,-0.0,0.0009125199413561745,-0.0,0.009574600058643827,-0.0,0.11865438450067017,0.01048712
2019-02-17 02:00:00,-0.0,0.0005157721407665335,-0.0,0.011762127859233466,-0.0,0.10627319728042442,0.0122779
2019-02-17 03:00:00,-0.0,0.0004364225806486052,-0.0,0.009149546419351395,-0.0,0.09664209578637031,0.009585969
2019-02-17 04:00:00,-0.0,0.0005157721407665335,-0.0,0.027247327859233464,-0.0,0.06796069803980877,0.0277631
2019-02-17 05:00:00,-0.0,0.000714146041061354,-0.0,0.028264103958938646,-0.0,0.03820900966197861,0.02897825
2019-02-17 06:00:00,-0.0,0.0007538208211203181,-0.0,0.03629855917887968,-0.0,-0.0,0.03705238
2019-02-17 07:00:00,0.04780708,-0.0,-0.0,0.0,-0.0,-0.0,0.04780708
2019-02-17 08:00:00,0.03668039,-0.0,-0.0,0.0,-0.0,-0.0,0.03668039
2019-02-17 09:00:00,0.05072796,-0.0,-0.0,0.0,-0.0,-0.0,0.05072796
2019-02-17 10:00:00,0.05199476,-0.0,-0.0,0.0,-0.0,-0.0,0.05199476
2019-02-17 11:00:00,0.07332304,-0.0,-0.0,0.0,-0.0,-0.0,0.07332304
2019-02-17 12:00:00,0.09761402,-0.0,-0.0,0.0,-0.0,-0.0,0.09761402
2019-02-17 13:00:00,0.20775145969644268,-0.0,-0.0,0.0,0.12217898969644268,0.11607004021162054,0.08557247
2019-02-17 14:00:00,0.19703487962458288,-0.0,-0.0,0.0,0.13325520962458287,0.24266248935497425,0.06377967
2019-02-17 15:00:00,0.17749287962458288,-0.0,-0.0,0.0,0.13325520962458287,0.36925493849832797,0.04423767
2019-02-17 16:00:00,0.11142153692579573,-0.0,-0.0,0.0,0.059716716925795735,0.42598581957783394,0.05170482
2019-02-17 17:00:00,0.035486996349654125,7.934956011792822e-05,-0.0,0.0,0.0023680059097720557,0.4282354251921174,0.03319834
2019-02-17 18:00:00,-0.0,0.00019837390029482055,-0.0,0.08915191609970517,-0.0,0.3343913029819014,0.08935029
2019-02-17 19:00:00,-0.0,0.0003967478005896411,-0.0,0.07442606219941036,-0.0,0.25604807961410103,0.07482281
2019-02-17 20:00:00,-0.0,0.0006347964809434258,-0.0,0.043615493519056574,-0.0,0.2101370338045678,0.04425029
2019-02-17 21:00:00,-0.0,0.0009918695014741027,-0.0,0.03484577049852589,-0.0,0.17345727538506686,0.03583764
2019-02-17 22:00:00,-0.0,0.0009521947214151387,-0.0,0.023447245278584862,-0.0,0.14877596456550385,0.02439944
2019-02-17 23:00:00,-0.0,0.0006744712610023899,-0.0,0.01447584873899761,-0.0,0.13353822905076954,0.01515032
2019-02-18 00:00:00,-0.0,0.0005157721407665335,-0.0,0.010419677859233466,-0.0,0.12257014709368168,0.01093545
2019-02-18 01:00:00,-0.0,0.000357073020530677,-0.0,0.009218592979469323,-0.0,0.11286636501002976,0.009575666
2019-02-18 02:00:00,-0.0,0.00019837390029482055,-0.0,0.00932732109970518,-0.0,0.103048132273498,0.009525695
2019-02-18 03:00:00,-0.0,7.934956011792822e-05,-0.0,0.01294515043988207,-0.0,0.08942165812625372,0.0130245
2019-02-18 04:00:00,-0.0,3.967478005896411e-05,-0.0,0.018924395219941034,-0.0,0.06950124210526315,0.01896407
2019-02-18 05:00:00,-0.0,-0.0,-0.0,0.02834884,-0.0,0.039660357894736833,0.02834884
2019-02-18 06:00:00,-0.0,-0.0,-0.0,0.03767734,-0.0,-0.0,0.03767734
2019-02-18 07:00:00,0.03310327,-0.0,-0.0,0.0,-0.0,-0.0,0.03310327
2019-02-18 08:00:00,0.04896335,-0.0,-0.0,0.0,-0.0,-0.0,0.04896335
2019-02-18 09:00:00,0.03481694,-0.0,-0.0,0.0,-0.0,-0.0,0.03481694
2019-02-18 10:00:00,0.05397773,-0.0,-0.0,0.0,-0.0,-0.0,0.05397773
2019-02-18 11:00:00,0.07120059000000001,-0.0,-0.0,0.0,-0.0,-0.0,0.07120059000000001
2019-02-18 12:00:00,0.08490576,-0.0,-0.0,0.0,-0.0,-0.0,0.08490576
2019-02-18 13:00:00,0.11382972345928373,-0.0,-0.0,0.0,0.06252474345928373,0.05939850628631954,0.05130498
2019-02-18 14:00:00,0.20085254962458288,-0.0,-0.0,0.0,0.13325520962458287,0.18599095542967325,0.06759734
2019-02-18 15:00:00,0.19303739962458288,-0.0,-0.0,0.0,0.13325520962458287,0.31258340457302697,0.05978219
2019-02-18 16:00:00,0.12668476116220612,-0.0,-0.0,0.0,0.08544953116220612,0.39376045917712277,0.04123523
2019-02-18 17:00:00,0.04807915634469268,7.934956011792822e-05,-0.0,0.005043964095189375,-0.0,0.38845102328744974,0.05320246999999999
2019-02-18 18:00:00,-0.0,7.934956011792822e-05,-0.0,0.09019027043988208,-0.0,0.29351389650862647,0.09026962000000001
2019-02-18 19:00:00,-0.0,0.00015869912023585645,-0.0,0.06606730087976413,-0.0,0.22396936926676952,0.066226
2019-02-18 20:00:00,-0.0,0.000357073020530677,-0.0,0.01859160697946932,-0.0,0.2043992566568018,0.01894868
2019-02-18 21:00:00,-0.0,0.0006744712610023899,-0.0,0.03480042873899761,-0.0,0.16776722640522537,0.0354749
2019-02-18 22:00:00,-0.0,0.001071219061592031,-0.0,0.01656595093840797,-0.0,0.15032938331216436,0.01763717
2019-02-18 23:00:00,-0.0,0.0013092677419458158,-0.0,0.013023182258054183,-0.0,0.13662077040894943,0.01433245
2019-02-19 00:00:00,-0.0,0.001388617302063744,-0.0,0.008308486697936256,-0.0,0.1278749949374376,0.009697104
2019-02-19 01:00:00,-0.0,0.0012695929618868516,-0.0,0.01045078703811315,-0.0,0.11687416647626586,0.01172038
2019-02-19 02:00:00,-0.0,0.0011108938416509952,-0.0,0.009733536158349005,-0.0,0.10662833894116165,0.01084443
2019-02-19 03:00:00,-0.0,0.0009521947214151387,-0.0,0.01418673527858486,-0.0,0.09169493338475654,0.01513893
2019-02-19 04:00:00,-0.0,0.0009521947214151387,-0.0,0.026018845278584862,-0.0,0.06430667519677248,0.02697104
2019-02-19 05:00:00,-0.0,0.001031544281533067,-0.0,0.018968515718466934,-0.0,0.04433981654575466,0.02000006
2019-02-19 06:00:00,-0.0,0.001031544281533067,-0.0,0.04212282571846693,-0.0,-0.0,0.04315437
2019-02-19 07:00:00,0.04370471,-0.0,-0.0,0.0,-0.0,-0.0,0.04370471
2019-02-19 08:00:00,0.05532985,-0.0,-0.0,0.0,-0.0,-0.0,0.05532985
2019-02-19 09:00:00,0.0585873,-0.0,-0.0,0.0,-0.0,-0.0,0.0585873
2019-02-19 10:00:00,0.0620227,-0.0,-0.0,0.0,-0.0,-0.0,0.0620227
2019-02-19 11:00:00,0.08233475,-0.0,-0.0,0.0,-0.0,-0.0,0.08233475
2019-02-19 12:00:00,0.04704826,-0.0,-0.0,0.0,-0.0,-0.0,0.04704826
2019-02-19 13:00:00,0.08278001227000101,-0.0,-0.0,0.0,0.018366022270001,0.01744772115650095,0.06441399
2019-02-19 14:00:00,0.19069799962458286,-0.0,-0.0,0.0,0.13325520962458287,0.14404017029985466,0.05744279
2019-02-19 15:00:00,0.18449937962458288,-0.0,-0.0,0.0,0.13325520962458287,0.2706326194432084,0.05124417
2019-02-19 16:00:00,0.13813217933951388,0.00019837390029482055,-0.0,0.0,0.06979318323980871,0.33693614352102663,0.06853737
2019-02-19 17:00:00,0.0507502205860645,0.000357073020530677,-0.0,0.0,0.009508733606595175,0.34596944044729205,0.04159856
2019-02-19 18:00:00,-0.0,0.0009918695014741027,-0.0,0.08423883049852589,-0.0,0.257296987290949,0.08523069999999999
2019-02-19 19:00:00,-0.0,0.0019440642228892415,-0.0,0.051281285777110754,-0.0,0.2033166864729377,0.05322535
2019-02-19 20:00:00,-0.0,0.002539185923773703,-0.0,0.029366044076226297,-0.0,0.17240506112954163,0.03190523
2019-02-19 21:00:00,-0.0,0.0030549580645402364,-0.0,0.02640733193545976,-0.0,0.14460786961853137,0.02946229
2019-02-19 22:00:00,-0.0,0.0032533319648350573,-0.0,0.013831908035164944,-0.0,0.1300479664236209,0.01708524
2019-02-19 23:00:00,-0.0,0.0030152832844812724,-0.0,0.019346616715518728,-0.0,0.10968310672307488,0.0223619
2019-02-20 00:00:00,-0.0,0.002737559824068524,-0.0,0.004639269175931476,-0.0,0.10479966548525227,0.007376829
2019-02-20 01:00:00,-0.0,0.0026582102639505956,-0.0,0.006098291736049404,-0.0,0.09838041102625289,0.008756502
2019-02-20 02:00:00,-0.0,0.002737559824068524,-0.0,0.006797999175931475,-0.0,0.09122462242000923,0.009535558999999999
2019-02-20 03:00:00,-0.0,0.0032136571847760933,-0.0,0.005422445815223907,-0.0,0.08551678471977353,0.008636103000000001
2019-02-20 04:00:00,-0.0,0.0033723563050119497,-0.0,0.01260697369498805,-0.0,0.07224628609347032,0.01597933
2019-02-20 05:00:00,-0.0,0.0035707302053067697,-0.0,0.034817639794693225,-0.0,0.03559613894116167,0.03838837
2019-02-20 06:00:00,-0.0,0.003967478005896411,-0.0,0.03381633199410359,-0.0,-0.0,0.03778381
2019-02-20 07:00:00,0.0430169002345753,0.003650079765424698,-0.0,0.0,-0.0,-0.0,0.04666698
2019-02-20 08:00:00,0.05512473,-0.0,-0.0,0.0,-0.0,-0.0,0.05512473
2019-02-20 09:00:00,0.06851860000000001,-0.0,-0.0,0.0,-0.0,-0.0,0.06851860000000001
2019-02-20 10:00:00,0.04261533,-0.0,-0.0,0.0,-0.0,-0.0,0.04261533
2019-02-20 11:00:00,0.06989145999999999,-0.0,-0.0,0.0,-0.0,-0.0,0.06989145999999999
2019-02-20 12:00:00,0.0750111,-0.0,-0.0,0.0,-0.0,-0.0,0.0750111
2019-02-20 13:00:00,0.20646671962458288,-0.0,-0.0,0.0,0.13325520962458287,0.1265924491433537,0.07321151000000001
2019-02-20 14:00:00,0.09111394710141485,-0.0,-0.0,0.0,0.026530527101414847,0.15179644988969782,0.06458342
2019-02-20 15:00:00,0.19791009962458286,-0.0,-0.0,0.0,0.13325520962458287,0.27838889903305153,0.06465488999999999
2019-02-20 16:00:00,0.12325053570901379,0.0017853651026533848,-0.0,0.0,0.06999282081166716,0.34488207880413535,0.05504308
2019-02-20 17:00:00,0.04540809210332086,0.0019440642228892415,-0.0,0.014514473673789892,-0.0,0.3296036854633039,0.06186663
2019-02-20 18:00:00,-0.0,0.003094632844599201,-0.0,0.09881166715540081,-0.0,0.2255914042470925,0.1019063
2019-02-20 19:00:00,-0.0,0.004403900586545016,-0.0,0.047387829413454985,-0.0,0.17570947854871885,0.05179173
2019-02-20 20:00:00,-0.0,0.005237070967783263,-0.0,0.024059079032216737,-0.0,0.15038413219901703,0.02929615
2019-02-20 21:00:00,-0.0,0.004999022287429478,-0.0,0.01940974771257052,-0.0,0.12995281881736384,0.02440877
2019-02-20 22:00:00,-0.0,0.005276745747842227,-0.0,0.013094844252157773,-0.0,0.11616877223614512,0.01837159
2019-02-20 23:00:00,-0.0,0.005038697067488442,-0.0,0.008997782932511559,-0.0,0.1066974217808698,0.01403648
2019-02-21 00:00:00,-0.0,0.004800648387134657,-0.0,0.004590883612865342,-0.0,0.10186491271469575,0.009391532
2019-02-21 01:00:00,-0.0,0.004641949266898801,-0.0,0.007173790733101199,-0.0,0.09431355404827343,0.01181574
2019-02-21 02:00:00,-0.0,0.004681624046957765,-0.0,0.003877809953042235,-0.0,0.09023164883454476,0.008559434
2019-02-21 03:00:00,-0.0,0.004681624046957765,-0.0,0.006971415953042235,-0.0,0.08289331625239504,0.01165304
2019-02-21 04:00:00,-0.0,0.004443575366603981,-0.0,0.020284504633396018,-0.0,0.06154120611197819,0.02472808
2019-02-21 05:00:00,-0.0,0.0046022744868398375,-0.0,0.029030875513160165,-0.0,0.030982389782335917,0.03363315
2019-02-21 06:00:00,-0.0,0.004562599706780873,-0.0,0.029433270293219124,-0.0,-0.0,0.03399587
2019-02-21 07:00:00,0.05905952325510598,0.0032930067448940213,-0.0,0.0,-0.0,-0.0,0.06235253
2019-02-21 08:00:00,0.05648952,-0.0,-0.0,0.0,-0.0,-0.0,0.05648952
2019-02-21 09:00:00,0.0539245,-0.0,-0.0,0.0,-0.0,-0.0,0.0539245
2019-02-21 10:00:00,0.08545863,-0.0,-0.0,0.0,-0.0,-0.0,0.08545863
2019-02-21 11:00:00,0.09853862,-0.0,-0.0,0.0,-0.0,-0.0,0.09853862
2019-02-21 12:00:00,0.08757664,-0.0,-0.0,0.0,-0.0,-0.0,0.08757664
2019-02-21 13:00:00,0.11381489981388629,-0.0,-0.0,0.0,0.046616639813886286,0.04428580782319197,0.06719826000000001
2019-02-21 14:00:00,0.18486775962458288,-0.0,-0.0,0.0,0.13325520962458287,0.17087825696654568,0.05161255
2019-02-21 15:00:00,0.17897541962458285,-0.0,-0.0,0.0,0.13325520962458287,0.2974707061098994,0.04572021
2019-02-21 16:00:00,0.13050056722130873,0.0016266659824175286,-0.0,0.0,0.07971388320372627,0.37319889515343935,0.05241335
2019-02-21 17:00:00,0.04769757573878242,0.0019440642228892415,-0.0,0.009832750038328335,-0.0,0.362848631955199,0.05947439
2019-02-21 18:00:00,-0.0,0.002777234604127488,-0.0,0.0902394653958725,-0.0,0.2678597210121753,0.0930167
2019-02-21 19:00:00,-0.0,0.0033723563050119497,-0.0,0.07580333369498805,-0.0,0.18806673817534578,0.07917569
2019-02-21 20:00:00,-0.0,0.00424520146630916,-0.0,0.02694867853369084,-0.0,0.15969970813988174,0.03119388
2019-02-21 21:00:00,-0.0,0.004443575366603981,-0.0,0.015912754633396017,-0.0,0.14294944010472804,0.02035633
2019-02-21 22:00:00,-0.0,0.003927803225837447,-0.0,0.016784926774162552,-0.0,0.12528109613192537,0.02071273
2019-02-21 23:00:00,-0.0,0.0034120310850709133,-0.0,0.005973362914929087,-0.0,0.1189933456951579,0.009385394
2019-02-22 00:00:00,-0.0,0.0029756085044223084,-0.0,0.009849931495577691,-0.0,0.10862499675244454,0.01282554
2019-02-22 01:00:00,-0.0,0.0026978850440095596,-0.0,0.006332632955990442,-0.0,0.10195906732508618,0.009030518000000001
2019-02-22 02:00:00,-0.0,0.0026582102639505956,-0.0,0.008371879736049404,-0.0,0.09314656233977102,0.01103009
2019-02-22 03:00:00,-0.0,0.0026978850440095596,-0.0,0.00871383495599044,-0.0,0.08397410449136003,0.01141172
2019-02-22 04:00:00,-0.0,0.002737559824068524,-0.0,0.022046740175931473,-0.0,0.0607670095693269,0.0247843
2019-02-22 05:00:00,-0.0,0.002856584164245416,-0.0,0.019939845835754585,-0.0,0.03977769816326945,0.02279643
2019-02-22 06:00:00,-0.0,0.0032930067448940213,-0.0,0.037788813255105975,-0.0,-0.0,0.04108182
2019-02-22 07:00:00,0.04717963,-0.0,-0.0,0.0,-0.0,-0.0,0.04717963
2019-02-22 08:00:00,0.04057379000000001,-0.0,-0.0,0.0,-0.0,-0.0,0.04057379000000001
2019-02-22 09:00:00,0.0538239,-0.0,-0.0,0.0,-0.0,-0.0,0.0538239
2019-02-22 10:00:00,0.0382494,-0.0,-0.0,0.0,-0.0,-0.0,0.0382494
2019-02-22 11:00:00,0.05062973,-0.0,-0.0,0.0,-0.0,-0.0,0.05062973
2019-02-22 12:00:00,0.0521503,-0.0,-0.0,0.0,-0.0,-0.0,0.0521503
2019-02-22 13:00:00,0.12169261837235994,-0.0,-0.0,0.0,0.05482870837235994,0.05208727295374194,0.06686391
2019-02-22 14:00:00,0.21522488962458286,-0.0,-0.0,0.0,0.13325520962458287,0.17867972209709565,0.08196968
2019-02-22 15:00:00,0.16624168962458286,-0.0,-0.0,0.0,0.13325520962458287,0.30527217124044936,0.03298648
2019-02-22 16:00:00,0.12897424479766767,7.934956011792822e-05,-0.0,0.0,0.0977317843577856,0.39811736638034567,0.03132181
2019-02-22 17:00:00,0.04464493089150035,0.00015869912023585645,-0.0,0.012199989988263792,-0.0,0.38527527165585745,0.05700362
2019-02-22 18:00:00,-0.0,0.0006744712610023899,-0.0,0.07384053873899761,-0.0,0.3075483887727021,0.07451501
2019-02-22 19:00:00,-0.0,0.001428292082122708,-0.0,0.0797906979178773,-0.0,0.2235581804380944,0.08121899
2019-02-22 20:00:00,-0.0,0.0019043894428302775,-0.0,0.04401327055716972,-0.0,0.1772284219568631,0.04591766
2019-02-22 21:00:00,-0.0,0.0022614624633609543,-0.0,0.027243617536639043,-0.0,0.14855092981303253,0.02950508
2019-02-22 22:00:00,-0.0,0.0024201615835968107,-0.0,0.01587523841640319,-0.0,0.1318401525326081,0.0182954
2019-02-22 23:00:00,-0.0,0.0026185354838916316,-0.0,0.017044884516108368,-0.0,0.11389816883144141,0.01966342
2019-02-23 00:00:00,-0.0,0.002777234604127488,-0.0,0.0027056923958725123,-0.0,0.11105007157262824,0.005482927
2019-02-23 01:00:00,-0.0,0.002777234604127488,-0.0,0.011539185395872512,-0.0,0.09890356062960454,0.01431642
2019-02-23 02:00:00,-0.0,0.002856584164245416,-0.0,0.007859025835754584,-0.0,0.09063090185512603,0.01071561
2019-02-23 03:00:00,-0.0,0.003134307624658165,-0.0,0.006264148375341835,-0.0,0.08403706146002936,0.009398456
2019-02-23 04:00:00,-0.0,0.0030152832844812724,-0.0,0.018750976715518727,-0.0,0.06429919123316755,0.02176626
2019-02-23 05:00:00,-0.0,0.002856584164245416,-0.0,0.023153645835754584,-0.0,0.03992693245868903,0.02601023
2019-02-23 06:00:00,-0.0,0.002856584164245416,-0.0,0.03793058583575458,-0.0,-0.0,0.04078717
2019-02-23 07:00:00,0.03400879,-0.0,-0.0,0.0,-0.0,-0.0,0.03400879
2019-02-23 08:00:00,0.06286992999999999,-0.0,-0.0,0.0,-0.0,-0.0,0.06286992999999999
2019-02-23 09:00:00,0.05568544,-0.0,-0.0,0.0,-0.0,-0.0,0.05568544
2019-02-23 10:00:00,0.05287001,-0.0,-0.0,0.0,-0.0,-0.0,0.05287001
2019-02-23 11:00:00,0.06062459,-0.0,-0.0,0.0,-0.0,-0.0,0.06062459
2019-02-23 12:00:00,0.22152124962458286,-0.0,-0.0,0.0,0.13325520962458287,0.1265924491433537,0.08826604
2019-02-23 13:00:00,0.09116211330723983,-0.0,-0.0,0.0,0.03674220330723983,0.16149754228523155,0.05441991
2019-02-23 14:00:00,0.19970664962458287,-0.0,-0.0,0.0,0.13325520962458287,0.28808999142858527,0.06645144
2019-02-23 15:00:00,0.16043289962458288,-0.0,-0.0,0.0,0.13325520962458287,0.414682440571939,0.02717769
2019-02-23 16:00:00,0.09463199026574433,-0.0,-0.0,0.0,0.03137877026574433,0.4444922723243961,0.06325322
2019-02-23 17:00:00,0.03128960968464127,0.00015869912023585645,-0.0,0.05429830119512287,-0.0,0.3873361658032141,0.08574661
2019-02-23 18:00:00,-0.0,0.0004364225806486052,-0.0,0.0881622974193514,-0.0,0.29453374746705474,0.08859872
2019-02-23 19:00:00,-0.0,0.0007538208211203181,-0.0,0.06107853917887968,-0.0,0.2302405483313919,0.06183236
2019-02-23 20:00:00,-0.0,0.0011505686217099594,-0.0,0.04075124137829004,-0.0,0.18734450477529713,0.04190181
2019-02-23 21:00:00,-0.0,0.0018647146627713133,-0.0,0.029177995337228688,-0.0,0.15663082547295115,0.03104271
2019-02-23 22:00:00,-0.0,0.0022614624633609543,-0.0,0.022618607536639045,-0.0,0.13282176490806794,0.02488007
2019-02-23 23:00:00,-0.0,0.0019440642228892415,-0.0,0.007838060777110759,-0.0,0.1245711746163724,0.009782125000000001
2019-02-24 00:00:00,-0.0,0.0017456903225944208,-0.0,0.009205689677405579,-0.0,0.11488097495594549,0.01095138
2019-02-24 01:00:00,-0.0,0.0015076416422406362,-0.0,0.009466668357759363,-0.0,0.10491606089514616,0.01097431
2019-02-24 02:00:00,-0.0,0.001388617302063744,-0.0,0.005466829697936256,-0.0,0.09916150331837115,0.006855447
2019-02-24 03:00:00,-0.0,0.0013092677419458158,-0.0,0.0067491722580541825,-0.0,0.09205711146778779,0.008058439999999998
2019-02-24 04:00:00,-0.0,0.0012695929618868516,-0.0,0.024163477038113147,-0.0,0.06662187248030027,0.02543307
2019-02-24 05:00:00,-0.0,0.0012695929618868516,-0.0,0.02328550703811315,-0.0,0.04211081244018117,0.0245551
2019-02-24 06:00:00,-0.0,0.0012299181818278874,-0.0,0.04000527181817211,-0.0,-0.0,0.04123519
2019-02-24 07:00:00,0.0339114,-0.0,-0.0,0.0,-0.0,-0.0,0.0339114
2019-02-24 08:00:00,0.05973975,-0.0,-0.0,0.0,-0.0,-0.0,0.05973975
2019-02-24 09:00:00,0.0536229,-0.0,-0.0,0.0,-0.0,-0.0,0.0536229
2019-02-24 10:00:00,0.05311097,-0.0,-0.0,0.0,-0.0,-0.0,0.05311097
2019-02-24 11:00:00,0.08634203,-0.0,-0.0,0.0,-0.0,-0.0,0.08634203
2019-02-24 12:00:00,0.13991659665081135,-0.0,-0.0,0.0,0.09826818665081137,0.0933547773182708,0.04164841
2019-02-24 13:00:00,0.2197861196245829,-0.0,-0.0,0.0,0.13325520962458287,0.2199472264616245,0.08653091
2019-02-24 14:00:00,0.17561889962458288,-0.0,-0.0,0.0,0.13325520962458287,0.3465396756049782,0.04236369
2019-02-24 15:00:00,0.1438558884281678,0.000714146041061354,-0.0,0.0,0.09236275446922916,0.4342842923507459,0.05220727999999999
2019-02-24 16:00:00,0.08203983027070577,0.0007538208211203181,-0.0,0.0,0.03074860109182609,0.4634954633879807,0.05204505
2019-02-24 17:00:00,0.0244211587782566,0.001031544281533067,-0.0,0.04515434694021034,-0.0,0.41596457187196983,0.07060705
2019-02-24 18:00:00,-0.0,0.0016663407624764928,-0.0,0.07198045923752351,-0.0,0.34019566741141877,0.0736468
2019-02-24 19:00:00,-0.0,0.002063088563066134,-0.0,0.09324370143693386,-0.0,0.24204440274096206,0.09530679
2019-02-24 20:00:00,-0.0,0.002102763343125098,-0.0,0.0520492366568749,-0.0,0.18725573257583059,0.054152
2019-02-24 21:00:00,-0.0,0.002102763343125098,-0.0,0.0336996066568749,-0.0,0.15178246241069912,0.03580237
2019-02-24 22:00:00,-0.0,0.0019440642228892415,-0.0,0.02153091577711076,-0.0,0.12911834054005622,0.02347498
2019-02-24 23:00:00,-0.0,0.002142438123184062,-0.0,0.02013587187681594,-0.0,0.10792268593288155,0.02227831
2019-02-25 00:00:00,-0.0,0.0023804868035378467,-0.0,0.008127103196462154,-0.0,0.0993678404629214,0.01050759
2019-02-25 01:00:00,-0.0,0.0024598363636557747,-0.0,0.0008858826363442253,-0.0,0.09843533242466432,0.003345719
2019-02-25 02:00:00,-0.0,0.0023408120234788823,-0.0,0.004724279976521118,-0.0,0.09346240613358946,0.007065092
2019-02-25 03:00:00,-0.0,0.0023011372434199187,-0.0,0.007623729756580082,-0.0,0.08543742744245253,0.009924867
2019-02-25 04:00:00,-0.0,0.002142438123184062,-0.0,0.01748120187681594,-0.0,0.06703616230896206,0.01962364
2019-02-25 05:00:00,-0.0,0.002063088563066134,-0.0,0.03287312143693387,-0.0,0.03243287658587377,0.03493621
2019-02-25 06:00:00,-0.0,0.0023011372434199187,-0.0,0.030811232756580084,-0.0,-0.0,0.03311237
2019-02-25 07:00:00,0.03741485,-0.0,-0.0,0.0,-0.0,-0.0,0.03741485
2019-02-25 08:00:00,0.01971293,-0.0,-0.0,0.0,-0.0,-0.0,0.01971293
2019-02-25 09:00:00,0.03736684000000001,-0.0,-0.0,0.0,-0.0,-0.0,0.03736684000000001
2019-02-25 10:00:00,0.04088251,-0.0,-0.0,0.0,-0.0,-0.0,0.04088251
2019-02-25 11:00:00,0.06566703,-0.0,-0.0,0.0,-0.0,-0.0,0.06566703
2019-02-25 12:00:00,0.1216129,-0.0,-0.0,0.0,-0.0,-0.0,0.1216129
2019-02-25 13:00:00,0.07142460014403934,-0.0,-0.0,0.0,0.029383420144039347,0.027914249136837377,0.04204118
2019-02-25 14:00:00,0.19583781962458285,-0.0,-0.0,0.0,0.13325520962458287,0.1545066982801911,0.06258261
2019-02-25 15:00:00,0.16175637962458286,-0.0,-0.0,0.0,0.13325520962458287,0.2810991474235448,0.02850117
2019-02-25 16:00:00,0.1201978908617317,0.0007934956011792822,-0.0,0.0,0.06313498646291099,0.3410773845633102,0.0578564
2019-02-25 17:00:00,0.04311860846785931,0.001031544281533067,-0.0,0.008719237250607623,-0.0,0.3318992400889864,0.05286939
2019-02-25 18:00:00,-0.0,0.0017456903225944208,-0.0,0.05036201967740557,-0.0,0.27888658779698056,0.05210770999999999
2019-02-25 19:00:00,-0.0,0.002856584164245416,-0.0,0.07384984583575457,-0.0,0.20114990796987048,0.07670642999999999
2019-02-25 20:00:00,-0.0,0.0037691041056015905,-0.0,0.04038222589439841,-0.0,0.15864230176524058,0.04415133
2019-02-25 21:00:00,-0.0,0.004007152785955375,-0.0,0.03332194721404462,-0.0,0.12356656785571991,0.0373291
2019-02-25 22:00:00,-0.0,0.004800648387134657,-0.0,0.009340201612865343,-0.0,0.11373477668428271,0.01414085
2019-02-25 23:00:00,-0.0,0.005633818768372903,-0.0,0.012348851231627097,-0.0,0.10073598591414892,0.01798267
2019-02-26 00:00:00,-0.0,0.005078371847547406,-0.0,0.004047553152452594,-0.0,0.09647540364840936,0.009125925
2019-02-26 01:00:00,-0.0,0.004562599706780873,-0.0,0.0024058532932191273,-0.0,0.09394292649765237,0.006968453
2019-02-26 02:00:00,-0.0,0.004959347507370514,-0.0,0.0021827804926294854,-0.0,0.09164526282120028,0.007142127999999999
2019-02-26 03:00:00,-0.0,0.006070241349021509,-0.0,0.003692799650978491,-0.0,0.0877581052938545,0.009763041
2019-02-26 04:00:00,-0.0,0.007181135190672504,-0.0,0.0252164048093275,-0.0,0.06121452128403608,0.03239754
2019-02-26 05:00:00,-0.0,0.007141460410613539,-0.0,0.02437314958938646,-0.0,0.03555857434783981,0.03151461
2019-02-26 06:00:00,-0.0,0.0064273143695521865,-0.0,0.03378064563044782,-0.0,-0.0,0.04020796
2019-02-26 07:00:00,0.04653943,-0.0,-0.0,0.0,-0.0,-0.0,0.04653943
2019-02-26 08:00:00,0.05087687014655618,0.009045849853443817,-0.0,0.0,-0.0,-0.0,0.05992272
2019-02-26 09:00:00,0.06364519,-0.0,-0.0,0.0,-0.0,-0.0,0.06364519
2019-02-26 10:00:00,0.05159475472130838,0.012576905278691623,-0.0,0.0,-0.0,-0.0,0.06417166
2019-02-26 11:00:00,0.08093130648083667,0.012894303519163337,-0.0,0.0,-0.0,-0.0,0.09382561
2019-02-26 12:00:00,0.06227726302042392,0.013172026979576085,-0.0,0.0,-0.0,-0.0,0.07544929
2019-02-26 13:00:00,0.04554246540844445,0.013053002639399193,-0.0,0.0,0.014203598047843647,0.013493418145451463,0.04439187
2019-02-26 14:00:00,0.18080928962458287,-0.0,-0.0,0.0,0.13325520962458287,0.14008586728880518,0.04755408
2019-02-26 15:00:00,0.16615637006435818,0.013608449560224691,-0.0,0.0,0.13325520962458287,0.2666783164321589,0.04650961
2019-02-26 16:00:00,0.13317163146268052,0.013489425220047799,-0.0,0.0,0.09074701668272832,0.3528879822807508,0.05591404
2019-02-26 17:00:00,0.0507502205860645,0.013608449560224691,-0.0,0.009706459853710797,-0.0,0.34267065611895,0.07406512999999999
2019-02-26 18:00:00,-0.0,0.013251376539694014,-0.0,0.082848833460306,-0.0,0.2554613577396805,0.09610021
2019-02-26 19:00:00,-0.0,0.013013327859340229,-0.0,0.055752652140659775,-0.0,0.1967743554863544,0.06876598
2019-02-26 20:00:00,-0.0,0.011823084457571305,-0.0,0.04550446554242869,-0.0,0.14887491807327158,0.05732755
2019-02-26 21:00:00,-0.0,0.009680646334387243,-0.0,0.020812143665612758,-0.0,0.12696739842525814,0.03049279
2019-02-26 22:00:00,-0.0,0.00801430557191075,-0.0,0.01100193442808925,-0.0,0.11538641481674314,0.01901624
2019-02-26 23:00:00,-0.0,0.006625688269847007,-0.0,0.010684521730152993,-0.0,0.10413954983763472,0.01731021
2019-02-27 00:00:00,-0.0,0.006070241349021509,-0.0,0.006397948650978491,-0.0,0.09740486704713106,0.01246819
2019-02-27 01:00:00,-0.0,0.005237070967783263,-0.0,0.007484729032216737,-0.0,0.08952620490795554,0.0127218
2019-02-27 02:00:00,-0.0,0.004641949266898801,-0.0,0.005573750733101198,-0.0,0.08365909887311218,0.0102157
2019-02-27 03:00:00,-0.0,0.004800648387134657,-0.0,0.002432721612865343,-0.0,0.08109833928062235,0.00723337
2019-02-27 04:00:00,-0.0,0.004681624046957765,-0.0,0.020955995953042234,-0.0,0.059039396172156845,0.02563762
2019-02-27 05:00:00,-0.0,0.005118046627606371,-0.0,0.03516710337239363,-0.0,0.02202139262226882,0.04028515
2019-02-27 06:00:00,-0.0,0.005951217008844617,-0.0,0.02092032299115538,-0.0,-0.0,0.02687154
2019-02-27 07:00:00,0.02707862991198088,0.005395770088019119,-0.0,0.0,-0.0,-0.0,0.0324744
2019-02-27 08:00:00,0.04067715,-0.0,-0.0,0.0,-0.0,-0.0,0.04067715
2019-02-27 09:00:00,0.061371818064433474,0.010474141935566526,-0.0,0.0,-0.0,-0.0,0.07184596
2019-02-27 10:00:00,0.02370631340166216,0.012338856598337838,-0.0,0.0,-0.0,-0.0,0.03604517
2019-02-27 11:00:00,0.05818225950136734,0.01253723049863266,-0.0,0.0,-0.0,-0.0,0.07071949
2019-02-27 12:00:00,0.08109543598231078,0.011902434017689234,-0.0,0.0,-0.0,-0.0,0.09299787000000001
2019-02-27 13:00:00,0.19706944962458287,-0.0,-0.0,0.0,0.13325520962458287,0.1265924491433537,0.06381424
2019-02-27 14:00:00,0.12687259386450359,0.009323573313856566,-0.0,0.0,0.07389193717836015,0.19678978946279585,0.06230423
2019-02-27 15:00:00,0.16900118962458288,-0.0,-0.0,0.0,0.13325520962458287,0.32338223860614956,0.03574598
2019-02-27 16:00:00,0.13202688964494974,0.005237070967783263,-0.0,0.0,0.085216930612733,0.4043383226882459,0.05204703
2019-02-27 17:00:00,0.049605478768333724,0.0034517058651298772,-0.0,0.030584845366536398,-0.0,0.3721437486182076,0.08364203
2019-02-27 18:00:00,-0.0,0.003173982404717129,-0.0,0.07113324759528288,-0.0,0.2972666458863309,0.07430723
2019-02-27 19:00:00,-0.0,0.003808778885660555,-0.0,0.08109325111433943,-0.0,0.21190532892386835,0.08490202999999999
2019-02-27 20:00:00,-0.0,0.004443575366603981,-0.0,0.02902307463339602,-0.0,0.18135472404660938,0.03346665
2019-02-27 21:00:00,-0.0,0.004443575366603981,-0.0,0.027578694633396017,-0.0,0.15232451916935041,0.03202227
2019-02-27 22:00:00,-0.0,0.004443575366603981,-0.0,0.02132888463339602,-0.0,0.1298730616605125,0.02577246
2019-02-27 23:00:00,-0.0,0.004443575366603981,-0.0,0.007678104633396019,-0.0,0.12179084625693773,0.01212168
2019-02-28 00:00:00,-0.0,0.004284876246368124,-0.0,0.006885103753631876,-0.0,0.11454336862153576,0.01116998
2019-02-28 01:00:00,-0.0,0.004165851906191231,-0.0,0.0047833500938087685,-0.0,0.1095082632596318,0.008949202
2019-02-28 02:00:00,-0.0,0.004007152785955375,-0.0,0.007298087214044624,-0.0,0.1018260661922164,0.01130524
2019-02-28 03:00:00,-0.0,0.0034120310850709133,-0.0,0.004894511914929086,-0.0,0.09667394838702789,0.008306543
2019-02-28 04:00:00,-0.0,0.00289625894430438,-0.0,0.02351487105569562,-0.0,0.07192145253892723,0.02641113
2019-02-28 05:00:00,-0.0,0.0026582102639505956,-0.0,0.0395334397360494,-0.0,0.030307305448348924,0.04219165
2019-02-28 06:00:00,-0.0,0.002737559824068524,-0.0,0.02879194017593148,-0.0,-0.0,0.0315295
2019-02-28 07:00:00,0.032423344955990446,0.0026978850440095596,-0.0,0.0,-0.0,-0.0,0.03512123
2019-02-28 08:00:00,0.0645079,-0.0,-0.0,0.0,-0.0,-0.0,0.0645079
2019-02-28 09:00:00,0.04112825,-0.0,-0.0,0.0,-0.0,-0.0,0.04112825
2019-02-28 10:00:00,0.04441772,-0.0,-0.0,0.0,-0.0,-0.0,0.04441772
2019-02-28 11:00:00,0.07596442,-0.0,-0.0,0.0,-0.0,-0.0,0.07596442
2019-02-28 12:00:00,0.08677669,-0.0,-0.0,0.0,-0.0,-0.0,0.08677669
2019-02-28 13:00:00,0.17055187784200396,-0.0,-0.0,0.0,0.08571062784200395,0.08142509644990376,0.08484125
2019-02-28 14:00:00,0.18034200962458286,-0.0,-0.0,0.0,0.13325520962458287,0.20801754559325747,0.0470868
2019-02-28 15:00:00,0.19010289962458288,-0.0,-0.0,0.0,0.13325520962458287,0.3346099947366112,0.05684769
2019-02-28 16:00:00,0.12210579389128301,-0.0,-0.0,0.0,0.063543483891283,0.39497630443333004,0.05856231
2019-02-28 17:00:00,0.043881769679679834,0.00019837390029482055,-0.0,0.02869733642002533,-0.0,0.364768581885935,0.07277747999999999
2019-02-28 18:00:00,-0.0,0.0003967478005896411,-0.0,0.10418925219941036,-0.0,0.2550956848339241,0.104586
2019-02-28 19:00:00,-0.0,0.0007538208211203181,-0.0,0.05236216917887967,-0.0,0.19997761201405076,0.05311598999999999
2019-02-28 20:00:00,-0.0,0.0011902434017689234,-0.0,0.03854411659823108,-0.0,0.1594048577001233,0.03973436
2019-02-28 21:00:00,-0.0,0.0017853651026533848,-0.0,0.029571134897346616,-0.0,0.1282773472818637,0.0313565
2019-02-28 22:00:00,-0.0,0.002142438123184062,-0.0,0.02295569187681594,-0.0,0.10411346109574167,0.02509813
2019-02-28 23:00:00,-0.0,0.0019837390029482055,-0.0,0.014546930997051795,-0.0,0.08880090215147662,0.01653067
2019-03-01 00:00:00,-0.0,0.0019440642228892415,-0.0,0.006629107777110759,-0.0,0.08182289396504425,0.008573172
2019-03-01 01:00:00,-0.0,0.001825039882712349,-0.0,0.004631433117287651,-0.0,0.07694770121000462,0.006456473
2019-03-01 02:00:00,-0.0,0.0016266659824175286,-0.0,0.005376031017582471,-0.0,0.07128872119149675,0.007002697
2019-03-01 03:00:00,-0.0,0.0012695929618868516,-0.0,0.011796467038113148,-0.0,0.05887138746716712,0.01306606
2019-03-01 04:00:00,-0.0,0.0009918695014741027,-0.0,0.0204287404985259,-0.0,0.03736745010029775,0.02142061
2019-03-01 05:00:00,-0.0,0.0011902434017689234,-0.0,0.012785266598231076,-0.0,0.023909274733738727,0.01397551
2019-03-01 06:00:00,-0.0,0.0019837390029482055,-0.0,0.022713810997051793,-0.0,-0.0,0.02469755
2019-03-01 07:00:00,0.04553982,-0.0,-0.0,0.0,-0.0,-0.0,0.04553982
2019-03-01 08:00:00,0.04609988,-0.0,-0.0,0.0,-0.0,-0.0,0.04609988
2019-03-01 09:00:00,0.04707235,-0.0,-0.0,0.0,-0.0,-0.0,0.04707235
2019-03-01 10:00:00,0.05833752,-0.0,-0.0,0.0,-0.0,-0.0,0.05833752
2019-03-01 11:00:00,0.06552031999999999,-0.0,-0.0,0.0,-0.0,-0.0,0.06552031999999999
2019-03-01 12:00:00,0.07761324,-0.0,-0.0,0.0,-0.0,-0.0,0.07761324
2019-03-01 13:00:00,0.16647204962458287,-0.0,-0.0,0.0,0.13325520962458287,0.1265924491433537,0.03321684
2019-03-01 14:00:00,0.16722848541300983,-0.0,-0.0,0.0,0.10493579541300982,0.22628145478571304,0.06229269
2019-03-01 15:00:00,0.17620789962458286,-0.0,-0.0,0.0,0.13325520962458287,0.35287390392906676,0.04295268999999999
2019-03-01 16:00:00,0.12439527752674456,0.0011505686217099594,-0.0,0.0,0.06020032614845454,0.41006421377009855,0.06534551999999999
2019-03-01 17:00:00,0.041592286044218274,0.001388617302063744,-0.0,0.017864536653717983,-0.0,0.39125943834513227,0.06084544
2019-03-01 18:00:00,-0.0,0.0019837390029482055,-0.0,0.0863638709970518,-0.0,0.3003501004534988,0.08834761000000001
2019-03-01 19:00:00,-0.0,0.002578860703832667,-0.0,0.08489578929616734,-0.0,0.2109861117206911,0.08747465
2019-03-01 20:00:00,-0.0,0.003134307624658165,-0.0,0.022908502375341835,-0.0,0.1868718986940155,0.02604281
2019-03-01 21:00:00,-0.0,0.0032533319648350573,-0.0,0.032957178035164944,-0.0,0.1521801323412103,0.03621051
2019-03-01 22:00:00,-0.0,0.003094632844599201,-0.0,0.0159610471554008,-0.0,0.13537903007236737,0.01905568
2019-03-01 23:00:00,-0.0,0.0033723563050119497,-0.0,0.01377765369498805,-0.0,0.12087623670922207,0.01715001
2019-03-02 00:00:00,-0.0,0.0035707302053067697,-0.0,0.00715501979469323,-0.0,0.11334463692533446,0.01072575
2019-03-02 01:00:00,-0.0,0.0032533319648350573,-0.0,0.007368218035164943,-0.0,0.10558861794095031,0.01062155
2019-03-02 02:00:00,-0.0,0.0029756085044223084,-0.0,0.0070211034955776925,-0.0,0.09819798268244748,0.009996712000000001
2019-03-02 03:00:00,-0.0,0.0026582102639505956,-0.0,0.011422899736049406,-0.0,0.0861738776971323,0.01408111
2019-03-02 04:00:00,-0.0,0.0023408120234788823,-0.0,0.016172717976521117,-0.0,0.0691499640376364,0.01851353
2019-03-02 05:00:00,-0.0,0.0017456903225944208,-0.0,0.03277138967740558,-0.0,0.03465376437720948,0.03451708
2019-03-02 06:00:00,-0.0,0.0011108938416509952,-0.0,0.03292107615834901,-0.0,-0.0,0.03403197
2019-03-02 07:00:00,0.03675777,-0.0,-0.0,0.0,-0.0,-0.0,0.03675777
2019-03-02 08:00:00,0.06958485,-0.0,-0.0,0.0,-0.0,-0.0,0.06958485
2019-03-02 09:00:00,0.06554675,-0.0,-0.0,0.0,-0.0,-0.0,0.06554675
2019-03-02 10:00:00,0.05747299,-0.0,-0.0,0.0,-0.0,-0.0,0.05747299
2019-03-02 11:00:00,0.03536037,-0.0,-0.0,0.0,-0.0,-0.0,0.03536037
2019-03-02 12:00:00,0.21031633962458288,-0.0,-0.0,0.0,0.13325520962458287,0.1265924491433537,0.07706113
2019-03-02 13:00:00,0.09652159357525938,-0.0,-0.0,0.0,0.012972063575259369,0.1389159095398501,0.08354953000000001
2019-03-02 14:00:00,0.16696574962458288,-0.0,-0.0,0.0,0.13325520962458287,0.2655083586832038,0.03371054
2019-03-02 15:00:00,0.18850081931966814,0.0002777234604127488,-0.0,0.0,0.1322267927800809,0.3911238118242807,0.05655175
2019-03-02 16:00:00,0.11600050419671885,0.00023804868035378468,-0.0,0.0,0.07366042287707264,0.46110121355749967,0.04257813
2019-03-02 17:00:00,0.03968438301466697,0.00047609736070756937,-0.0,0.02619779962462545,-0.0,0.4335245823736834,0.06635827999999999
2019-03-02 18:00:00,-0.0,0.0012695929618868516,-0.0,0.06303423703811316,-0.0,0.36717275391251164,0.06430383
2019-03-02 19:00:00,-0.0,0.0023011372434199187,-0.0,0.07876610275658008,-0.0,0.2842610668003221,0.08106724
2019-03-02 20:00:00,-0.0,0.003094632844599201,-0.0,0.0350830571554008,-0.0,0.24733153295253177,0.03817769
2019-03-02 21:00:00,-0.0,0.003650079765424698,-0.0,0.024668900234575304,-0.0,0.22136426954771565,0.02831898
2019-03-02 22:00:00,-0.0,0.0026978850440095596,-0.0,0.01351987495599044,-0.0,0.20713282222562046,0.01621776
2019-03-02 23:00:00,-0.0,0.0016663407624764928,-0.0,0.018835519237523506,-0.0,0.18730595987033255,0.02050186
2019-03-03 00:00:00,-0.0,0.001031544281533067,-0.0,0.010867005718466934,-0.0,0.1758670064824726,0.01189855
2019-03-03 01:00:00,-0.0,0.0005554469208254976,-0.0,0.016326713079174503,-0.0,0.1586809927149205,0.01688216
2019-03-03 02:00:00,-0.0,0.00019837390029482055,-0.0,0.01112684609970518,-0.0,0.14696852313628347,0.01132522
2019-03-03 03:00:00,-0.0,7.934956011792822e-05,-0.0,0.013209410439882071,-0.0,0.13306388056798657,0.01328876
2019-03-03 04:00:00,-0.0,7.934956011792822e-05,-0.0,0.029371350439882073,-0.0,0.10214666957863702,0.0294507
2019-03-03 05:00:00,-0.0,7.934956011792822e-05,-0.0,0.03806522043988207,-0.0,0.06207801648402433,0.03814457
2019-03-03 06:00:00,-0.0,0.00011902434017689234,-0.0,0.05897411565982311,-0.0,-0.0,0.05909314
2019-03-03 07:00:00,0.04464493089150035,0.00021653910849964847,-0.0,0.0,-0.0,-0.0,0.04486147
2019-03-03 08:00:00,0.05079673,-0.0,-0.0,0.0,-0.0,-0.0,0.05079673
2019-03-03 09:00:00,0.05902312,-0.0,-0.0,0.0,-0.0,-0.0,0.05902312
2019-03-03 10:00:00,0.06499213000000001,-0.0,-0.0,0.0,-0.0,-0.0,0.06499213000000001
2019-03-03 11:00:00,0.08548597,-0.0,-0.0,0.0,-0.0,-0.0,0.08548597
2019-03-03 12:00:00,0.19048471059625305,-0.0,-0.0,0.0,0.07968121059625305,0.0756971500664404,0.1108035
2019-03-03 13:00:00,0.23440380962458288,-0.0,-0.0,0.0,0.13325520962458287,0.2022895992097941,0.1011486
2019-03-03 14:00:00,0.23077465962458288,-0.0,-0.0,0.0,0.13325520962458287,0.3288820483531478,0.09751945000000001
2019-03-03 15:00:00,0.18033998962458286,-0.0,-0.0,0.0,0.13325520962458287,0.45547449749650154,0.04708478
2019-03-03 16:00:00,0.10836889207851366,0.0004364225806486052,-0.0,0.0,0.04427128465916226,0.4975322179227057,0.06453403
2019-03-03 17:00:00,0.03777647998511568,0.0005951217008844617,-0.0,0.022347838313999863,-0.0,0.4740081775921795,0.06071944
2019-03-03 18:00:00,-0.0,0.0007934956011792822,-0.0,0.09037286439882072,-0.0,0.3788788466460524,0.09116636
2019-03-03 19:00:00,-0.0,0.0009125199413561745,-0.0,0.08456383005864382,-0.0,0.28986428868958525,0.08547634999999999
2019-03-03 20:00:00,-0.0,0.0008331703812382464,-0.0,0.04783652961876176,-0.0,0.2395100469856255,0.0486697
2019-03-03 21:00:00,-0.0,0.0005951217008844617,-0.0,0.042061558299115544,-0.0,0.1952347224602407,0.04265668
2019-03-03 22:00:00,-0.0,0.0003967478005896411,-0.0,0.026769042199410356,-0.0,0.16705678330296664,0.02716579
2019-03-03 23:00:00,-0.0,0.0002777234604127488,-0.0,0.00932639753958725,-0.0,0.15723952273498007,0.009604120999999998
2019-03-04 00:00:00,-0.0,0.00023804868035378468,-0.0,0.011057781319646215,-0.0,0.14559975292482616,0.01129583
2019-03-04 01:00:00,-0.0,0.00023804868035378468,-0.0,0.015138851319646216,-0.0,0.1296641199567775,0.0153769
2019-03-04 02:00:00,-0.0,0.00023804868035378468,-0.0,0.013291201319646215,-0.0,0.11567338172557098,0.01352925
2019-03-04 03:00:00,-0.0,0.0002777234604127488,-0.0,0.012085196539587251,-0.0,0.10295212221021598,0.01236292
2019-03-04 04:00:00,-0.0,0.00015869912023585645,-0.0,0.025865830879764143,-0.0,0.07572493181046425,0.02602453
2019-03-04 05:00:00,-0.0,3.967478005896411e-05,-0.0,0.037836455219941036,-0.0,0.035897084210526314,0.03787613
2019-03-04 06:00:00,-0.0,-0.0,-0.0,0.03410223,-0.0,-0.0,0.03410223
2019-03-04 07:00:00,0.03637663,-0.0,-0.0,0.0,-0.0,-0.0,0.03637663
2019-03-04 08:00:00,0.05120819,-0.0,-0.0,0.0,-0.0,-0.0,0.05120819
2019-03-04 09:00:00,0.03756221,-0.0,-0.0,0.0,-0.0,-0.0,0.03756221
2019-03-04 10:00:00,0.06678898999999999,-0.0,-0.0,0.0,-0.0,-0.0,0.06678898999999999
2019-03-04 11:00:00,0.09392708860083962,-0.0,-0.0,0.0,0.037842448600839615,0.03595032617079763,0.05608464
2019-03-04 12:00:00,0.23718020962458286,-0.0,-0.0,0.0,0.13325520962458287,0.16254277531415134,0.103925
2019-03-04 13:00:00,0.1006888,-0.0,-0.0,0.0,-0.0,0.16254277531415134,0.1006888
2019-03-04 14:00:00,0.21495550962458287,-0.0,-0.0,0.0,0.13325520962458287,0.28913522445750506,0.0817003
2019-03-04 15:00:00,0.18850081931966814,-0.0,-0.0,0.0,0.13319766931966814,0.4156730103111898,0.05530315
2019-03-04 16:00:00,0.11523734298489834,0.00047609736070756937,-0.0,0.0,0.0638447603456059,0.47632553263951544,0.05186868
2019-03-04 17:00:00,0.039302802408756714,0.0006744712610023899,-0.0,0.032455206330240884,-0.0,0.44216215755505134,0.07243248
2019-03-04 18:00:00,-0.0,0.0007934956011792822,-0.0,0.11490890439882072,-0.0,0.3212054160826085,0.1157024
2019-03-04 19:00:00,-0.0,0.0008728451612972104,-0.0,0.07440952483870279,-0.0,0.24287960046292134,0.07528237
2019-03-04 20:00:00,-0.0,0.0011108938416509952,-0.0,0.038939746158349005,-0.0,0.20189039398044872,0.04005064
2019-03-04 21:00:00,-0.0,0.0015473164222996004,-0.0,0.026956893577700397,-0.0,0.17351471653023778,0.02850421
2019-03-04 22:00:00,-0.0,0.002063088563066134,-0.0,0.020269511436933868,-0.0,0.15217838870188635,0.0223326
2019-03-04 23:00:00,-0.0,0.0023011372434199187,-0.0,0.016828262756580083,-0.0,0.13446442790548627,0.0191294
2019-03-05 00:00:00,-0.0,0.002063088563066134,-0.0,0.009793571436933865,-0.0,0.12415540534029272,0.01185666
2019-03-05 01:00:00,-0.0,0.0016266659824175286,-0.0,0.007000393017582471,-0.0,0.11678657058494275,0.008627059
2019-03-05 02:00:00,-0.0,0.0012695929618868516,-0.0,0.005417848038113148,-0.0,0.11108357265008681,0.006687441
2019-03-05 03:00:00,-0.0,0.0008728451612972104,-0.0,0.01236534483870279,-0.0,0.0980674201882944,0.01323819
2019-03-05 04:00:00,-0.0,0.0004364225806486052,-0.0,0.018129857419351397,-0.0,0.07898335974687187,0.01856628
2019-03-05 05:00:00,-0.0,0.00019837390029482055,-0.0,0.04620628609970518,-0.0,0.030345163852445373,0.04640466
2019-03-05 06:00:00,-0.0,0.00011902434017689234,-0.0,0.028827905659823107,-0.0,-0.0,0.02894693
2019-03-05 07:00:00,0.0431198,-0.0,-0.0,0.0,-0.0,-0.0,0.0431198
2019-03-05 08:00:00,0.05698109000000001,-0.0,-0.0,0.0,-0.0,-0.0,0.05698109000000001
2019-03-05 09:00:00,0.07120252,-0.0,-0.0,0.0,-0.0,-0.0,0.07120252
2019-03-05 10:00:00,0.08264063,-0.0,-0.0,0.0,-0.0,-0.0,0.08264063
2019-03-05 11:00:00,0.1089675,-0.0,-0.0,0.0,-0.0,-0.0,0.1089675
2019-03-05 12:00:00,0.2321743859711149,-0.0,-0.0,0.0,0.11726508597111487,0.11140183167255913,0.1149093
2019-03-05 13:00:00,0.05563622999999999,-0.0,-0.0,0.0,-0.0,0.11140183167255913,0.05563622999999999
2019-03-05 14:00:00,0.19301684962458288,-0.0,-0.0,0.0,0.13325520962458287,0.23799428081591284,0.05976164
2019-03-05 15:00:00,0.17529417962458288,-0.0,-0.0,0.0,0.13325520962458287,0.36458672995926655,0.04203897
2019-03-05 16:00:00,0.11867156843809067,0.0026978850440095596,-0.0,0.0,0.07018343348210022,0.4312609917672618,0.05118602
2019-03-05 17:00:00,0.04273702786194905,0.0024201615835968107,-0.0,0.013918440554454133,-0.0,0.41661000170994167,0.05907563
2019-03-05 18:00:00,-0.0,0.0024598363636557747,-0.0,0.09405064363634422,-0.0,0.3176093241980004,0.09651048
2019-03-05 19:00:00,-0.0,0.002539185923773703,-0.0,0.06027028407622629,-0.0,0.2541669199072359,0.06280946999999999
2019-03-05 20:00:00,-0.0,0.0024598363636557747,-0.0,0.05566630363634423,-0.0,0.19557081081634725,0.05812614
2019-03-05 21:00:00,-0.0,0.0023804868035378467,-0.0,0.024747913196462155,-0.0,0.16952037587270288,0.0271284
2019-03-05 22:00:00,-0.0,0.0023011372434199187,-0.0,0.023106632756580082,-0.0,0.145197604549987,0.02540777
2019-03-05 23:00:00,-0.0,0.002102763343125098,-0.0,0.015388276656874901,-0.0,0.12899941859538186,0.01749104
2019-03-06 00:00:00,-0.0,0.001825039882712349,-0.0,0.010261310117287651,-0.0,0.11819803952455275,0.01208635
2019-03-06 01:00:00,-0.0,0.0015076416422406362,-0.0,0.0055136133577593635,-0.0,0.11239423599006922,0.007021255
2019-03-06 02:00:00,-0.0,0.0013092677419458158,-0.0,0.0068632762580541845,-0.0,0.10516973466580165,0.008172544
2019-03-06 03:00:00,-0.0,0.0012695929618868516,-0.0,0.006446942038113149,-0.0,0.09838347988884044,0.007716535
2019-03-06 04:00:00,-0.0,0.0012299181818278874,-0.0,0.024670011818172115,-0.0,0.0724150463960277,0.02589993
2019-03-06 05:00:00,-0.0,0.0011902434017689234,-0.0,0.03476397659823108,-0.0,0.03582138681894234,0.03595422
2019-03-06 06:00:00,-0.0,0.0013489425220047798,-0.0,0.034030317477995224,-0.0,-0.0,0.03537926
2019-03-06 07:00:00,0.035725,-0.0,-0.0,0.0,-0.0,-0.0,0.035725
2019-03-06 08:00:00,0.06663791999999999,-0.0,-0.0,0.0,-0.0,-0.0,0.06663791999999999
2019-03-06 09:00:00,0.04679775,-0.0,-0.0,0.0,-0.0,-0.0,0.04679775
2019-03-06 10:00:00,0.07110822,-0.0,-0.0,0.0,-0.0,-0.0,0.07110822
2019-03-06 11:00:00,0.07637769,-0.0,-0.0,0.0,-0.0,-0.0,0.07637769
2019-03-06 12:00:00,0.1101665,-0.0,-0.0,0.0,-0.0,-0.0,0.1101665
2019-03-06 13:00:00,0.18812351177166728,-0.0,-0.0,0.0,0.11237001177166728,0.1067515111830839,0.0757535
2019-03-06 14:00:00,0.20656845962458287,-0.0,-0.0,0.0,0.13325520962458287,0.23334396032643762,0.07331325
2019-03-06 15:00:00,0.2022377211324375,-0.0,-0.0,0.0,0.1194897011324375,0.3468591764022532,0.08274801999999999
2019-03-06 16:00:00,0.1350795344922318,-0.0,-0.0,0.0,0.08270704449223182,0.42543086866987345,0.05237249
2019-03-06 17:00:00,0.05418444603925683,-0.0,-0.0,0.015413753960743168,-0.0,0.40920586450067015,0.0695982
2019-03-06 18:00:00,-0.0,0.00019837390029482055,-0.0,0.06795568609970518,-0.0,0.33767356334308574,0.06815406
2019-03-06 19:00:00,-0.0,0.0003967478005896411,-0.0,0.07535410219941036,-0.0,0.25835345576475904,0.07575085
2019-03-06 20:00:00,-0.0,0.00047609736070756937,-0.0,0.02663886263929243,-0.0,0.2303125477233986,0.02711496
2019-03-06 21:00:00,-0.0,0.0003967478005896411,-0.0,0.029968672199410358,-0.0,0.19876657698717717,0.03036542
2019-03-06 22:00:00,-0.0,0.00023804868035378468,-0.0,0.028402561319646216,-0.0,0.16886914401912853,0.02864061
2019-03-06 23:00:00,-0.0,0.00015869912023585645,-0.0,0.013648430879764145,-0.0,0.1545023746720084,0.01380713
2019-03-07 00:00:00,-0.0,0.00011902434017689234,-0.0,0.014143035659823108,-0.0,0.13961496871429985,0.01426206
2019-03-07 01:00:00,-0.0,7.934956011792822e-05,-0.0,0.00978418943988207,-0.0,0.1293158219354766,0.009863539
2019-03-07 02:00:00,-0.0,0.00011902434017689234,-0.0,0.011919875659823108,-0.0,0.11676858439882072,0.0120389
2019-03-07 03:00:00,-0.0,0.00015869912023585645,-0.0,0.009627626879764145,-0.0,0.10663424031485846,0.009786326000000001
2019-03-07 04:00:00,-0.0,0.00019837390029482055,-0.0,0.03007470609970518,-0.0,0.07497665494674774,0.03027308
2019-03-07 05:00:00,-0.0,0.00019837390029482055,-0.0,0.03324014609970518,-0.0,0.03998702747337387,0.03343852
2019-03-07 06:00:00,-0.0,0.00019837390029482055,-0.0,0.03798767609970518,-0.0,-0.0,0.03818605
2019-03-07 07:00:00,0.04890402,-0.0,-0.0,0.0,-0.0,-0.0,0.04890402
2019-03-07 08:00:00,0.03636988,-0.0,-0.0,0.0,-0.0,-0.0,0.03636988
2019-03-07 09:00:00,0.06355176,-0.0,-0.0,0.0,-0.0,-0.0,0.06355176
2019-03-07 10:00:00,0.055395,-0.0,-0.0,0.0,-0.0,-0.0,0.055395
2019-03-07 11:00:00,0.09676318,-0.0,-0.0,0.0,-0.0,-0.0,0.09676318
2019-03-07 12:00:00,0.1044859,-0.0,-0.0,0.0,-0.0,-0.0,0.1044859
2019-03-07 13:00:00,0.20774804962458288,-0.0,-0.0,0.0,0.13325520962458287,0.1265924491433537,0.07449284
2019-03-07 14:00:00,0.11873010237182732,-0.0,-0.0,0.0,0.06609371237182732,0.18938147589658966,0.05263639
2019-03-07 15:00:00,0.18770955962458286,-0.0,-0.0,0.0,0.13325520962458287,0.31597392503994337,0.05445435
2019-03-07 16:00:00,0.1369874375217831,0.0019837390029482055,-0.0,0.0,0.07137186652473132,0.38377719823843814,0.06759931
2019-03-07 17:00:00,0.05456602664516709,0.0013489425220047798,-0.0,0.014005950832828129,-0.0,0.36903409209861904,0.06992092
2019-03-07 18:00:00,-0.0,0.0011902434017689234,-0.0,0.09967215659823109,-0.0,0.2641160325215337,0.1008624
2019-03-07 19:00:00,-0.0,0.0011902434017689234,-0.0,0.043026466598231075,-0.0,0.21882501504971155,0.04421671
2019-03-07 20:00:00,-0.0,0.0011108938416509952,-0.0,0.03643215615834901,-0.0,0.18047537698829155,0.03754305
2019-03-07 21:00:00,-0.0,0.0011902434017689234,-0.0,0.023148636598231076,-0.0,0.15610839109541674,0.02433888
2019-03-07 22:00:00,-0.0,0.0011505686217099594,-0.0,0.01145213137829004,-0.0,0.1440535159603746,0.0126027
2019-03-07 23:00:00,-0.0,0.001071219061592031,-0.0,0.01518506093840797,-0.0,0.12806924128836622,0.01625628
2019-03-08 00:00:00,-0.0,0.0011505686217099594,-0.0,0.01019907137829004,-0.0,0.11733337667963986,0.01134964
2019-03-08 01:00:00,-0.0,0.0012299181818278874,-0.0,0.008154636818172113,-0.0,0.10874954844998501,0.009384555000000001
2019-03-08 02:00:00,-0.0,0.0012299181818278874,-0.0,0.009910871818172112,-0.0,0.09831705179927752,0.01114079
2019-03-08 03:00:00,-0.0,0.001071219061592031,-0.0,0.006944577938407969,-0.0,0.09100696975884807,0.008015797
2019-03-08 04:00:00,-0.0,0.0009125199413561745,-0.0,0.025461990058643826,-0.0,0.06420487496027563,0.02637451
2019-03-08 05:00:00,-0.0,0.000714146041061354,-0.0,0.030424573958938647,-0.0,0.032179007635077056,0.03113872
2019-03-08 06:00:00,0.0003815806059102594,0.0005157721407665335,-0.0,0.030570057253323207,-0.0,-0.0,0.03146741
2019-03-08 07:00:00,0.04636088999999999,-0.0,-0.0,0.0,-0.0,-0.0,0.04636088999999999
2019-03-08 08:00:00,0.05135965,-0.0,-0.0,0.0,-0.0,-0.0,0.05135965
2019-03-08 09:00:00,0.06280416,-0.0,-0.0,0.0,-0.0,-0.0,0.06280416
2019-03-08 10:00:00,0.05464864,-0.0,-0.0,0.0,-0.0,-0.0,0.05464864
2019-03-08 11:00:00,0.06066549,-0.0,-0.0,0.0,-0.0,-0.0,0.06066549
2019-03-08 12:00:00,0.1012776,-0.0,-0.0,0.0,-0.0,-0.0,0.1012776
2019-03-08 13:00:00,0.11891992542431312,-0.0,-0.0,0.0,0.038967455424313104,0.037019082653097446,0.07995247000000001
2019-03-08 14:00:00,0.18820396962458286,-0.0,-0.0,0.0,0.13325520962458287,0.16361153179645116,0.05494876
2019-03-08 15:00:00,0.17958114962458288,-0.0,-0.0,0.0,0.13325520962458287,0.2902039809398049,0.04632594
2019-03-08 16:00:00,0.13813217933951388,0.0015473164222996004,-0.0,0.0,0.08054088576181348,0.3667178224135277,0.05913861
2019-03-08 17:00:00,0.056092349068808126,0.001825039882712349,-0.0,0.02323916104847952,-0.0,0.3422555476256545,0.08115655
2019-03-08 18:00:00,-0.0,0.0020234137830071695,-0.0,0.07038015621699283,-0.0,0.2681711726603989,0.07240357
2019-03-08 19:00:00,-0.0,0.0023011372434199187,-0.0,0.050583742756580084,-0.0,0.21492512765347252,0.05288488
2019-03-08 20:00:00,-0.0,0.0024201615835968107,-0.0,0.032122188416403186,-0.0,0.18111229774146917,0.03454235
2019-03-08 21:00:00,-0.0,0.002499511143714739,-0.0,0.03434002885628526,-0.0,0.14496489894537942,0.03683954
2019-03-08 22:00:00,-0.0,0.002737559824068524,-0.0,0.014218060175931477,-0.0,0.12999851981281998,0.01695562
2019-03-08 23:00:00,-0.0,0.002539185923773703,-0.0,0.011881074076226298,-0.0,0.11749212604837125,0.01442026
2019-03-09 00:00:00,-0.0,0.0018647146627713133,-0.0,0.007970868337228687,-0.0,0.10910173832497264,0.009835583
2019-03-09 01:00:00,-0.0,0.001071219061592031,-0.0,0.00863660893840797,-0.0,0.1000105710213853,0.009707828
2019-03-09 02:00:00,-0.0,0.0006744712610023899,-0.0,0.00973051873899761,-0.0,0.08976791971717729,0.01040499
2019-03-09 03:00:00,-0.0,0.0005951217008844617,-0.0,0.006146427299115539,-0.0,0.08329799624442409,0.006741549
2019-03-09 04:00:00,-0.0,0.00047609736070756937,-0.0,0.020516532639292432,-0.0,0.061701646097800475,0.02099263
2019-03-09 05:00:00,-0.0,0.0003967478005896411,-0.0,0.029937622199410357,-0.0,0.030188359572105364,0.03033437
2019-03-09 06:00:00,0.0003815806059102594,0.0003967478005896411,-0.0,0.0286789415935001,-0.0,-0.0,0.02945727
2019-03-09 07:00:00,0.04347809,-0.0,-0.0,0.0,-0.0,-0.0,0.04347809
2019-03-09 08:00:00,0.06216003,-0.0,-0.0,0.0,-0.0,-0.0,0.06216003
2019-03-09 09:00:00,0.05174264999999999,-0.0,-0.0,0.0,-0.0,-0.0,0.05174264999999999
2019-03-09 10:00:00,0.06721622000000001,-0.0,-0.0,0.0,-0.0,-0.0,0.06721622000000001
2019-03-09 11:00:00,0.07462572,-0.0,-0.0,0.0,-0.0,-0.0,0.07462572
2019-03-09 12:00:00,0.08832855030566662,-0.0,-0.0,0.0,0.005598470305666625,0.005318546790383294,0.08273008
2019-03-09 13:00:00,0.20218889962458286,-0.0,-0.0,0.0,0.13325520962458287,0.131910995933737,0.06893368999999999
2019-03-09 14:00:00,0.18429129962458288,-0.0,-0.0,0.0,0.13325520962458287,0.2585034450770907,0.05103609
2019-03-09 15:00:00,0.19027681962458287,-0.0,-0.0,0.0,0.13325520962458287,0.38509589422044443,0.05702161
2019-03-09 16:00:00,0.13355321206859078,7.934956011792822e-05,-0.0,0.0,0.0954739416287087,0.4757961387677177,0.03815862
2019-03-09 17:00:00,0.05342128482743632,0.00015869912023585645,-0.0,0.02046849605232782,-0.0,0.4542503534494779,0.07404848
2019-03-09 18:00:00,-0.0,0.00023804868035378468,-0.0,0.09794890131964622,-0.0,0.35114624679721873,0.09818695
2019-03-09 19:00:00,-0.0,0.0003173982404717129,-0.0,0.059528621759528284,-0.0,0.2884845396819258,0.05984602
2019-03-09 20:00:00,-0.0,0.0003173982404717129,-0.0,0.04122962175952828,-0.0,0.24508493782979074,0.04154702
2019-03-09 21:00:00,-0.0,0.000357073020530677,-0.0,0.042466166979469325,-0.0,0.20038370943034933,0.04282324
2019-03-09 22:00:00,-0.0,0.00047609736070756937,-0.0,0.02606822263929243,-0.0,0.1729434750731994,0.02654432
2019-03-09 23:00:00,-0.0,0.0007538208211203181,-0.0,0.01882289917887968,-0.0,0.15312989699016816,0.01957672
2019-03-10 00:00:00,-0.0,0.0012695929618868516,-0.0,0.012576297038113148,-0.0,0.139891689581628,0.01384589
2019-03-10 01:00:00,-0.0,0.002063088563066134,-0.0,0.010013271436933865,-0.0,0.12935140385853974,0.01207636
2019-03-10 02:00:00,-0.0,0.0026978850440095596,-0.0,0.007935684955990441,-0.0,0.12099805127328664,0.01063357
2019-03-10 03:00:00,-0.0,0.002777234604127488,-0.0,0.010749145395872512,-0.0,0.10968316138289452,0.01352638
2019-03-10 04:00:00,-0.0,0.002102763343125098,-0.0,0.026442196656874903,-0.0,0.08184927016513147,0.02854496
2019-03-10 05:00:00,-0.0,0.0012695929618868516,-0.0,0.030818697038113147,-0.0,0.04940853644080184,0.03208829
2019-03-10 06:00:00,-0.0,0.0008331703812382464,-0.0,0.046938109618761756,-0.0,-0.0,0.04777128
2019-03-10 07:00:00,0.05046825,-0.0,-0.0,0.0,-0.0,-0.0,0.05046825
2019-03-10 08:00:00,0.05414734,-0.0,-0.0,0.0,-0.0,-0.0,0.05414734
2019-03-10 09:00:00,0.07005043999999999,-0.0,-0.0,0.0,-0.0,-0.0,0.07005043999999999
2019-03-10 10:00:00,0.05546226,-0.0,-0.0,0.0,-0.0,-0.0,0.05546226
2019-03-10 11:00:00,0.1107847,-0.0,-0.0,0.0,-0.0,-0.0,0.1107847
2019-03-10 12:00:00,0.1108837,-0.0,-0.0,0.0,-0.0,-0.0,0.1108837
2019-03-10 13:00:00,0.20177136962458286,-0.0,-0.0,0.0,0.13325520962458287,0.1265924491433537,0.06851615999999999
2019-03-10 14:00:00,0.10296877687801285,-0.0,-0.0,0.0,0.031915816878012856,0.15691247517746593,0.07105296
2019-03-10 15:00:00,0.16810590962458288,-0.0,-0.0,0.0,0.13325520962458287,0.28350492432081964,0.03485070000000001
2019-03-10 16:00:00,0.12248737449719327,0.0013092677419458158,-0.0,0.0,0.09750323223913909,0.3761329949480018,0.02629341
2019-03-10 17:00:00,0.04998705937424398,0.0017853651026533848,-0.0,0.0,0.006138114476897369,0.3819642037010543,0.04563431
2019-03-10 18:00:00,-0.0,0.0023011372434199187,-0.0,0.05124500275658008,-0.0,0.3280220955362331,0.05354614
2019-03-10 19:00:00,-0.0,0.0028169093841864516,-0.0,0.06472273061581356,-0.0,0.25989290541432414,0.06753964000000001
2019-03-10 20:00:00,-0.0,0.0029756085044223084,-0.0,0.052903371495577695,-0.0,0.20420514594529499,0.05587898
2019-03-10 21:00:00,-0.0,0.002935933724363344,-0.0,0.030081406275636654,-0.0,0.1725405077604143,0.03301734
2019-03-10 22:00:00,-0.0,0.0021821129032430263,-0.0,0.017755957096756973,-0.0,0.15385002660593328,0.01993807
2019-03-10 23:00:00,-0.0,0.0013092677419458158,-0.0,0.013120862258054183,-0.0,0.14003859265008678,0.01443013
2019-03-11 00:00:00,-0.0,0.0006744712610023899,-0.0,0.01029391873899761,-0.0,0.12920288871429983,0.01096839
2019-03-11 01:00:00,-0.0,0.000357073020530677,-0.0,0.012985006979469322,-0.0,0.11553446031485844,0.01334208
2019-03-11 02:00:00,-0.0,0.00019837390029482055,-0.0,0.010021636099705179,-0.0,0.10498536968358983,0.01022001
2019-03-11 03:00:00,-0.0,7.934956011792822e-05,-0.0,0.009381299439882071,-0.0,0.09511031764160871,0.009460649
2019-03-11 04:00:00,-0.0,7.934956011792822e-05,-0.0,0.024585110439882072,-0.0,0.06923125402068021,0.02466446
2019-03-11 05:00:00,-0.0,7.934956011792822e-05,-0.0,0.04110036043988207,-0.0,0.0259677167155412,0.04117971
2019-03-11 06:00:00,-0.0,0.00015869912023585645,-0.0,0.024669330879764143,-0.0,-0.0,0.02482803
2019-03-11 07:00:00,0.03527547,-0.0,-0.0,0.0,-0.0,-0.0,0.03527547
2019-03-11 08:00:00,0.0595564,-0.0,-0.0,0.0,-0.0,-0.0,0.0595564
2019-03-11 09:00:00,0.0508994,-0.0,-0.0,0.0,-0.0,-0.0,0.0508994
2019-03-11 10:00:00,0.06988908,-0.0,-0.0,0.0,-0.0,-0.0,0.06988908
2019-03-11 11:00:00,0.1056222,-0.0,-0.0,0.0,-0.0,-0.0,0.1056222
2019-03-11 12:00:00,0.09160223,-0.0,-0.0,0.0,-0.0,-0.0,0.09160223
2019-03-11 13:00:00,0.12009252820142535,-0.0,-0.0,0.0,0.05729339820142536,0.05442872829135409,0.06279913
2019-03-11 14:00:00,0.20996024962458287,-0.0,-0.0,0.0,0.13325520962458287,0.1810211774347078,0.07670504
2019-03-11 15:00:00,0.17116341962458287,-0.0,-0.0,0.0,0.13325520962458287,0.3076136265780615,0.03790821
2019-03-11 16:00:00,0.11943472964991118,0.0008728451612972104,-0.0,0.0,0.0706236148112084,0.3747060606487095,0.04968396
2019-03-11 17:00:00,0.043881769679679834,0.0013092677419458158,-0.0,0.00017291257837435264,-0.0,0.3745240474083154,0.04536395
2019-03-11 18:00:00,-0.0,0.0017853651026533848,-0.0,0.07105814489734662,-0.0,0.29972600014795053,0.07284351
2019-03-11 19:00:00,-0.0,0.0019837390029482055,-0.0,0.060762470997051794,-0.0,0.23576550436158022,0.06274621
2019-03-11 20:00:00,-0.0,0.001825039882712349,-0.0,0.035365840117287654,-0.0,0.19853830423811952,0.03719088
2019-03-11 21:00:00,-0.0,0.0015869912023585644,-0.0,0.021989418797641436,-0.0,0.17539154760902329,0.02357641
2019-03-11 22:00:00,-0.0,0.0015473164222996004,-0.0,0.013821973577700401,-0.0,0.1608421017377597,0.01536929
2019-03-11 23:00:00,-0.0,0.0015076416422406362,-0.0,0.016575748357759365,-0.0,0.1433939455716972,0.01808339
2019-03-12 00:00:00,-0.0,0.0015473164222996004,-0.0,0.0104873035777004,-0.0,0.13235467864780207,0.01203462
2019-03-12 01:00:00,-0.0,0.0017456903225944208,-0.0,0.006006077677405579,-0.0,0.12603249161895408,0.007751768
2019-03-12 02:00:00,-0.0,0.0020234137830071695,-0.0,0.00819582621699283,-0.0,0.11740530612738269,0.01021924
2019-03-12 03:00:00,-0.0,0.0024598363636557747,-0.0,0.009167173636344225,-0.0,0.10775564966807298,0.01162701
2019-03-12 04:00:00,-0.0,0.002856584164245416,-0.0,0.018389105835754586,-0.0,0.08839869615675236,0.02124569
2019-03-12 05:00:00,-0.0,0.0034913806451888417,-0.0,0.03939754935481116,-0.0,0.046927591572740616,0.04288893
2019-03-12 06:00:00,-0.0,0.003967478005896411,-0.0,0.04458121199410359,-0.0,-0.0,0.04854869
2019-03-12 07:00:00,0.04918974,-0.0,-0.0,0.0,-0.0,-0.0,0.04918974
2019-03-12 08:00:00,0.06125473,-0.0,-0.0,0.0,-0.0,-0.0,0.06125473
2019-03-12 09:00:00,0.05934916,-0.0,-0.0,0.0,-0.0,-0.0,0.05934916
2019-03-12 10:00:00,0.05698456,-0.0,-0.0,0.0,-0.0,-0.0,0.05698456
2019-03-12 11:00:00,0.08974831,-0.0,-0.0,0.0,-0.0,-0.0,0.08974831
2019-03-12 12:00:00,0.1004628997854425,-0.0,-0.0,0.0,0.01923370978544249,0.018272024296170364,0.08122919
2019-03-12 13:00:00,0.08107964,-0.0,-0.0,0.0,-0.0,0.018272024296170364,0.08107964
2019-03-12 14:00:00,0.19955558962458286,-0.0,-0.0,0.0,0.13325520962458287,0.14486447343952408,0.06630038
2019-03-12 15:00:00,0.1869744968960271,0.0002871427285557615,-0.0,0.0,0.13325520962458287,0.2714569225828778,0.05400643
2019-03-12 16:00:00,0.11943472964991118,0.0011505686217099594,-0.0,0.0,0.07660936827162114,0.3442358224409179,0.04397593
2019-03-12 17:00:00,0.04540809210332086,0.0013092677419458158,-0.0,0.007978090154733324,-0.0,0.3358378328043565,0.05469545
2019-03-12 18:00:00,-0.0,0.0017456903225944208,-0.0,0.031198709677405578,-0.0,0.3029970857755085,0.0329444
2019-03-12 19:00:00,-0.0,0.0019440642228892415,-0.0,0.08686220577711075,-0.0,0.21156318495749718,0.08880626999999999
2019-03-12 20:00:00,-0.0,0.0016663407624764928,-0.0,0.04657388923752351,-0.0,0.16253803839168296,0.04824023
2019-03-12 21:00:00,-0.0,0.001388617302063744,-0.0,0.025107842697936256,-0.0,0.13610873028859216,0.02649646
2019-03-12 22:00:00,-0.0,0.001071219061592031,-0.0,0.01397570093840797,-0.0,0.12139746614289956,0.01504692
2019-03-12 23:00:00,-0.0,0.0007538208211203181,-0.0,0.01588996917887968,-0.0,0.10467118279671042,0.01664379
2019-03-13 00:00:00,-0.0,0.0005554469208254976,-0.0,0.010982083079174504,-0.0,0.09311109534494778,0.01153753
2019-03-13 01:00:00,-0.0,0.0004364225806486052,-0.0,0.010591287419351395,-0.0,0.08196237174563052,0.01102771
2019-03-13 02:00:00,-0.0,0.00023804868035378468,-0.0,0.009128631319646216,-0.0,0.07235328614600292,0.00936668
2019-03-13 03:00:00,-0.0,0.00011902434017689234,-0.0,0.008374192659823107,-0.0,0.06353834650408387,0.008493216999999999
2019-03-13 04:00:00,-0.0,7.934956011792822e-05,-0.0,0.011053940439882072,-0.0,0.05190261972526064,0.01113329
2019-03-13 05:00:00,-0.0,0.00015869912023585645,-0.0,0.02371383087976414,-0.0,0.026940692483403646,0.02387253
2019-03-13 06:00:00,-0.0,0.0005157721407665335,-0.0,0.025593657859233464,-0.0,-0.0,0.02610943
2019-03-13 07:00:00,0.03965714,-0.0,-0.0,0.0,-0.0,-0.0,0.03965714
2019-03-13 08:00:00,0.04648078000000001,-0.0,-0.0,0.0,-0.0,-0.0,0.04648078000000001
2019-03-13 09:00:00,0.03875871,-0.0,-0.0,0.0,-0.0,-0.0,0.03875871
2019-03-13 10:00:00,0.06216439,-0.0,-0.0,0.0,-0.0,-0.0,0.06216439
2019-03-13 11:00:00,0.05586473,-0.0,-0.0,0.0,-0.0,-0.0,0.05586473
2019-03-13 12:00:00,0.08617936,-0.0,-0.0,0.0,-0.0,-0.0,0.08617936
2019-03-13 13:00:00,0.13172494620474098,-0.0,-0.0,0.0,0.05634163620474098,0.05352455439450393,0.07538331
2019-03-13 14:00:00,0.19109115962458287,-0.0,-0.0,0.0,0.13325520962458287,0.18011700353785765,0.05783595
2019-03-13 15:00:00,0.17728091962458287,-0.0,-0.0,0.0,0.13325520962458287,0.30670945268121136,0.04402571
2019-03-13 16:00:00,0.1240136969208343,0.0005951217008844617,-0.0,0.0,0.06732898862171877,0.3706719918718442,0.05727983
2019-03-13 17:00:00,0.046552833921051646,0.0007538208211203181,-0.0,0.003877415257828032,-0.0,0.36659050212676203,0.05118407
2019-03-13 18:00:00,-0.0,0.0009125199413561745,-0.0,0.07173119005864383,-0.0,0.291083986275558,0.07264371
2019-03-13 19:00:00,-0.0,0.0011902434017689234,-0.0,0.03657256659823108,-0.0,0.25258654775110423,0.03776281
2019-03-13 20:00:00,-0.0,0.0015076416422406362,-0.0,0.03502749835775937,-0.0,0.21571549684819966,0.03653514
2019-03-13 21:00:00,-0.0,0.0016663407624764928,-0.0,0.026928069237523507,-0.0,0.18737016080870122,0.02859441
2019-03-13 22:00:00,-0.0,0.0015473164222996004,-0.0,0.0264742835777004,-0.0,0.15950249388480606,0.0280216
2019-03-13 23:00:00,-0.0,0.0012299181818278874,-0.0,0.012304081818172111,-0.0,0.14655082881304593,0.013534
2019-03-14 00:00:00,-0.0,0.0009125199413561745,-0.0,0.007356002058643826,-0.0,0.1388076687513156,0.008268522
2019-03-14 01:00:00,-0.0,0.000714146041061354,-0.0,0.010919163958938645,-0.0,0.1273138119524328,0.01163331
2019-03-14 02:00:00,-0.0,0.0006744712610023899,-0.0,0.00511202073899761,-0.0,0.12193273749033004,0.005786492
2019-03-14 03:00:00,-0.0,0.0007538208211203181,-0.0,0.012888819178879681,-0.0,0.10836555940729879,0.01364264
2019-03-14 04:00:00,-0.0,0.000714146041061354,-0.0,0.024220703958938647,-0.0,0.08287008155578443,0.02493485
2019-03-14 05:00:00,-0.0,0.0006347964809434258,-0.0,0.030998733519056573,-0.0,0.0502398357462512,0.03163353
2019-03-14 06:00:00,-0.0,0.000714146041061354,-0.0,0.04772784395893864,-0.0,-0.0,0.04844199
2019-03-14 07:00:00,0.04168777999999999,-0.0,-0.0,0.0,-0.0,-0.0,0.04168777999999999
2019-03-14 08:00:00,0.07495264,-0.0,-0.0,0.0,-0.0,-0.0,0.07495264
2019-03-14 09:00:00,0.05204724,-0.0,-0.0,0.0,-0.0,-0.0,0.05204724
2019-03-14 10:00:00,0.06574474,-0.0,-0.0,0.0,-0.0,-0.0,0.06574474
2019-03-14 11:00:00,0.09788706000000001,-0.0,-0.0,0.0,-0.0,-0.0,0.09788706000000001
2019-03-14 12:00:00,0.21995141962458287,-0.0,-0.0,0.0,0.13325520962458287,0.1265924491433537,0.08669621
2019-03-14 13:00:00,0.10772458965857484,-0.0,-0.0,0.0,0.04296528965857486,0.16740947431899983,0.06475929999999999
2019-03-14 14:00:00,0.21624094962458287,-0.0,-0.0,0.0,0.13325520962458287,0.29400192346235354,0.08298574
2019-03-14 15:00:00,0.19613243143787332,-0.0,-0.0,0.0,0.1306845914378733,0.41815228532833315,0.06544784
2019-03-14 16:00:00,0.1297374060094882,0.0005157721407665335,-0.0,0.0,0.06740113815025472,0.48218336657107513,0.06285204
2019-03-14 17:00:00,0.05036863998015424,0.0008331703812382464,-0.0,0.022950839638607515,-0.0,0.4580245880041199,0.07415265
2019-03-14 18:00:00,-0.0,0.0016266659824175286,-0.0,0.11623153401758246,-0.0,0.3356756048277173,0.1178582
2019-03-14 19:00:00,-0.0,0.002499511143714739,-0.0,0.07898300885628524,-0.0,0.2525355955053118,0.08148251999999999
2019-03-14 20:00:00,-0.0,0.0035310554252478057,-0.0,0.035899784574752194,-0.0,0.21474634858452002,0.03943084
2019-03-14 21:00:00,-0.0,0.004007152785955375,-0.0,0.032385967214044624,-0.0,0.18065585678026252,0.03639312
2019-03-14 22:00:00,-0.0,0.0030152832844812724,-0.0,0.020372966715518727,-0.0,0.15921062865866387,0.02338825
2019-03-14 23:00:00,-0.0,0.0023804868035378467,-0.0,0.02091573319646215,-0.0,0.13719406739923,0.02329622
2019-03-15 00:00:00,-0.0,0.002063088563066134,-0.0,0.009740621436933865,-0.0,0.12694078167614173,0.01180371
2019-03-15 01:00:00,-0.0,0.001467966862181672,-0.0,0.008418096137818328,-0.0,0.11807962784685928,0.009886063
2019-03-15 02:00:00,-0.0,0.0009918695014741027,-0.0,0.010634440498525898,-0.0,0.10688547995367413,0.01162631
2019-03-15 03:00:00,-0.0,0.0006347964809434258,-0.0,0.005892004519056574,-0.0,0.10068336993361458,0.006526801
2019-03-15 04:00:00,-0.0,0.0005951217008844617,-0.0,0.012850968299115539,-0.0,0.08715603488191402,0.01344609
2019-03-15 05:00:00,-0.0,0.0006744712610023899,-0.0,0.04443393873899761,-0.0,0.040383467788232326,0.04510841
2019-03-15 06:00:00,-0.0,0.0007934956011792822,-0.0,0.03836429439882071,-0.0,-0.0,0.03915779
2019-03-15 07:00:00,0.05339057,-0.0,-0.0,0.0,-0.0,-0.0,0.05339057
2019-03-15 08:00:00,0.04791077,-0.0,-0.0,0.0,-0.0,-0.0,0.04791077
2019-03-15 09:00:00,0.07207949999999999,-0.0,-0.0,0.0,-0.0,-0.0,0.07207949999999999
2019-03-15 10:00:00,0.05829808,-0.0,-0.0,0.0,-0.0,-0.0,0.05829808
2019-03-15 11:00:00,0.1034051,-0.0,-0.0,0.0,-0.0,-0.0,0.1034051
2019-03-15 12:00:00,0.18037452536266202,-0.0,-0.0,0.0,0.07627772536266202,0.07246383909452891,0.1040968
2019-03-15 13:00:00,0.20677604962458287,-0.0,-0.0,0.0,0.13325520962458287,0.19905628823788263,0.07352084
2019-03-15 14:00:00,0.20741753962458287,-0.0,-0.0,0.0,0.13325520962458287,0.32564873738123634,0.07416233
2019-03-15 15:00:00,0.18773765810784762,-0.0,-0.0,0.0,0.12780503810784763,0.44706352358369156,0.05993262
2019-03-15 16:00:00,0.12096105207355223,-0.0,-0.0,0.0,0.06215685207355223,0.5061125330535662,0.0588042
2019-03-15 17:00:00,0.04540809210332086,0.00023804868035378468,-0.0,0.04102427921632536,-0.0,0.46292908124690796,0.08667042
2019-03-15 18:00:00,-0.0,0.0008331703812382464,-0.0,0.09839144961876176,-0.0,0.3593591342797903,0.09922462
2019-03-15 19:00:00,-0.0,0.0018647146627713133,-0.0,0.050034445337228686,-0.0,0.3066912970827075,0.05189916
2019-03-15 20:00:00,-0.0,0.0026582102639505956,-0.0,0.0446157997360494,-0.0,0.2597272973605502,0.04727401
2019-03-15 21:00:00,-0.0,0.0030549580645402364,-0.0,0.03148060193545976,-0.0,0.22658982163901362,0.03453556
2019-03-15 22:00:00,-0.0,0.0030152832844812724,-0.0,0.02895941671551873,-0.0,0.19610622509636233,0.0319747
2019-03-15 23:00:00,-0.0,0.0024598363636557747,-0.0,0.015061843636344226,-0.0,0.18025165284757894,0.01752168
2019-03-16 00:00:00,-0.0,0.0019440642228892415,-0.0,0.012686395777110757,-0.0,0.1668975520295676,0.01463046
2019-03-16 01:00:00,-0.0,0.0015869912023585644,-0.0,0.010032558797641434,-0.0,0.15633696382152398,0.01161955
2019-03-16 02:00:00,-0.0,0.001428292082122708,-0.0,0.009911657917877292,-0.0,0.14590363969744263,0.01133995
2019-03-16 03:00:00,-0.0,0.001428292082122708,-0.0,0.013518717917877293,-0.0,0.13167341031020338,0.01494701
2019-03-16 04:00:00,-0.0,0.0012695929618868516,-0.0,0.02249811703811315,-0.0,0.10799118184903164,0.02376771
2019-03-16 05:00:00,-0.0,0.0011505686217099594,-0.0,0.06073947137829004,-0.0,0.04405489618767371,0.06189004
2019-03-16 06:00:00,-0.0,0.0011505686217099594,-0.0,0.04185215137829003,-0.0,-0.0,0.04300271999999999
2019-03-16 07:00:00,0.04897439,-0.0,-0.0,0.0,-0.0,-0.0,0.04897439
2019-03-16 08:00:00,0.08954652,-0.0,-0.0,0.0,-0.0,-0.0,0.08954652
2019-03-16 09:00:00,0.05546619,-0.0,-0.0,0.0,-0.0,-0.0,0.05546619
2019-03-16 10:00:00,0.07573654,-0.0,-0.0,0.0,-0.0,-0.0,0.07573654
2019-03-16 11:00:00,0.103806,-0.0,-0.0,0.0,-0.0,-0.0,0.103806
2019-03-16 12:00:00,0.2312336052374153,-0.0,-0.0,0.0,0.1250563052374153,0.11880348997554452,0.1061773
2019-03-16 13:00:00,0.21105811962458287,-0.0,-0.0,0.0,0.13325520962458287,0.24539593911889823,0.07780291
2019-03-16 14:00:00,0.20854956962458288,-0.0,-0.0,0.0,0.13325520962458287,0.37198838826225195,0.07529435999999999
2019-03-16 15:00:00,0.17361917568916801,0.0017853651026533848,-0.0,0.0,0.1122036507918214,0.47858185651448226,0.06320089
2019-03-16 16:00:00,0.10455308601941107,0.0017060155425354566,-0.0,0.0,0.057304191561946535,0.5330208384983315,0.04895491
2019-03-16 17:00:00,0.035868576955564384,0.0016663407624764928,-0.0,0.04592052228195912,-0.0,0.48468344662258506,0.08345543999999999
2019-03-16 18:00:00,-0.0,0.0017853651026533848,-0.0,0.11244773489734662,-0.0,0.366317409888536,0.1142331
2019-03-16 19:00:00,-0.0,0.0021821129032430263,0.014592673073353388,0.07742709402340359,-0.0,0.28481520565337437,0.09420188
2019-03-16 20:00:00,-0.0,0.0024598363636557747,-0.0,0.049168683636344225,-0.0,0.2330586965624857,0.05162852
2019-03-16 21:00:00,-0.0,0.0030152832844812724,-0.0,0.023943126715518726,-0.0,0.20785540528299232,0.02695841
2019-03-16 22:00:00,-0.0,0.00289625894430438,-0.0,0.02600213105569562,-0.0,0.18048474101383905,0.02889839
2019-03-16 23:00:00,-0.0,0.002499511143714739,-0.0,0.01639243885628526,-0.0,0.1632295422177493,0.01889195
2019-03-17 00:00:00,-0.0,0.002142438123184062,-0.0,0.011114371876815939,-0.0,0.1515302034000483,0.01325681
2019-03-17 01:00:00,-0.0,0.001825039882712349,-0.0,0.012048620117287651,-0.0,0.1388474453818508,0.01387366
2019-03-17 02:00:00,-0.0,0.0017060155425354566,-0.0,0.012433984457464544,-0.0,0.12575904068978286,0.01414
2019-03-17 03:00:00,-0.0,0.001825039882712349,-0.0,0.012373240117287652,-0.0,0.11273457740842743,0.01419828
2019-03-17 04:00:00,-0.0,0.0017853651026533848,2.184049421067604e-05,0.02555763440313594,-0.0,0.08583180435249486,0.02736484
2019-03-17 05:00:00,-0.0,0.0017060155425354566,-0.0,0.03215667445746454,-0.0,0.05198267334463745,0.03386269
2019-03-17 06:00:00,-0.0,0.0017456903225944208,-0.0,0.04938353967740558,-0.0,-0.0,0.05112923
2019-03-17 07:00:00,0.0382478,-0.0,-0.0,0.0,-0.0,-0.0,0.0382478
2019-03-17 08:00:00,0.04556623,-0.0,-0.0,0.0,-0.0,-0.0,0.04556623
2019-03-17 09:00:00,0.04134193,-0.0,-0.0,0.0,-0.0,-0.0,0.04134193
2019-03-17 10:00:00,0.0556046,-0.0,-0.0,0.0,-0.0,-0.0,0.0556046
2019-03-17 11:00:00,0.07147888000000001,-0.0,-0.0,0.0,-0.0,-0.0,0.07147888000000001
2019-03-17 12:00:00,0.12182139355717014,-0.0,-0.0,0.0,0.026556123557170148,0.025228317379311638,0.09526527
2019-03-17 13:00:00,0.21380864962458285,-0.0,-0.0,0.0,0.13325520962458287,0.15182076652266535,0.08055343999999999
2019-03-17 14:00:00,0.19090954962458287,-0.0,-0.0,0.0,0.13325520962458287,0.27841321566601906,0.05765434
2019-03-17 15:00:00,0.1690402084182449,0.001428292082122708,-0.0,0.0,0.10792362050036762,0.3809406551413683,0.06254488
2019-03-17 16:00:00,0.1034083442016803,0.0012299181818278874,-0.0,0.0,0.04909082238350819,0.4275769364057011,0.05554744
2019-03-17 17:00:00,0.03739489937920542,0.0011902434017689234,-0.0,0.03719914721902567,-0.0,0.38841993933304253,0.07578429
2019-03-17 18:00:00,-0.0,0.001467966862181672,-0.0,0.08962277313781833,-0.0,0.29408017813533904,0.09109074
2019-03-17 19:00:00,-0.0,0.0020234137830071695,-0.0,0.08091946621699282,-0.0,0.20890179264376763,0.08294288
2019-03-17 20:00:00,-0.0,0.0024201615835968107,-0.0,0.04600756841640319,-0.0,0.16047277325808007,0.04842773
2019-03-17 21:00:00,-0.0,0.0023408120234788823,-0.0,0.026384527976521115,-0.0,0.13269958591437364,0.02872534
2019-03-17 22:00:00,-0.0,0.0023408120234788823,-0.0,0.026584867976521116,-0.0,0.1047155143601409,0.02892568
2019-03-17 23:00:00,-0.0,0.0023804868035378467,-0.0,0.017284153196462156,-0.0,0.08652166889018074,0.01966464
2019-03-18 00:00:00,-0.0,0.0023804868035378467,-0.0,0.003950883196462153,-0.0,0.08236284447285216,0.006331369999999999
2019-03-18 01:00:00,-0.0,0.002142438123184062,-0.0,0.003899979876815938,-0.0,0.07825760249725644,0.006042418
2019-03-18 02:00:00,-0.0,0.0017853651026533848,-0.0,0.008641504897346615,-0.0,0.06916128155268106,0.01042687
2019-03-18 03:00:00,-0.0,0.001388617302063744,-0.0,0.007235141697936256,-0.0,0.06154534292327448,0.008623759
2019-03-18 04:00:00,-0.0,0.0009521947214151387,-0.0,0.01785200527858486,-0.0,0.042753758419500944,0.0188042
2019-03-18 05:00:00,-0.0,0.0005554469208254976,-0.0,0.025553713079174502,-0.0,0.01585511307300147,0.02610916
2019-03-18 06:00:00,-0.0,0.0004364225806486052,-0.0,0.015062357419351396,-0.0,-0.0,0.01549878
2019-03-18 07:00:00,0.03351589,-0.0,-0.0,0.0,-0.0,-0.0,0.03351589
2019-03-18 08:00:00,0.04596323,-0.0,-0.0,0.0,-0.0,-0.0,0.04596323
2019-03-18 09:00:00,0.0575049,-0.0,-0.0,0.0,-0.0,-0.0,0.0575049
2019-03-18 10:00:00,0.04288979,-0.0,-0.0,0.0,-0.0,-0.0,0.04288979
2019-03-18 11:00:00,0.08367996999999999,-0.0,-0.0,0.0,-0.0,-0.0,0.08367996999999999
2019-03-18 12:00:00,0.07069033000000001,-0.0,-0.0,0.0,-0.0,-0.0,0.07069033000000001
2019-03-18 13:00:00,0.1609390623229165,-0.0,-0.0,0.0,0.12081490232291647,0.11477415720677064,0.04012416000000001
2019-03-18 14:00:00,0.18199350962458288,-0.0,-0.0,0.0,0.13325520962458287,0.24136660635012436,0.04873830000000001
2019-03-18 15:00:00,0.17018495023597568,0.0003173982404717129,-0.0,0.0,0.1172102684764474,0.35271636140274937,0.05329208
2019-03-18 16:00:00,0.1072241502607829,-0.0,-0.0,0.0,0.0727642002607829,0.4218423516504931,0.03445995
2019-03-18 17:00:00,0.038921221802846455,0.0003173982404717129,-0.0,0.028254959956681834,-0.0,0.39210028853819645,0.06749358
2019-03-18 18:00:00,-0.0,0.0006347964809434258,-0.0,0.09422556351905657,-0.0,0.2929154848339264,0.09486036
2019-03-18 19:00:00,-0.0,0.001071219061592031,-0.0,0.02892152093840797,-0.0,0.2624717785829706,0.02999274
2019-03-18 20:00:00,-0.0,0.001388617302063744,-0.0,0.038841272697936254,-0.0,0.22158622837461667,0.04022989
2019-03-18 21:00:00,-0.0,0.0015076416422406362,-0.0,0.028537858357759363,-0.0,0.19154637747171208,0.0300455
2019-03-18 22:00:00,-0.0,0.0013092677419458158,-0.0,0.018210692258054183,-0.0,0.17237722772639189,0.01951996
2019-03-18 23:00:00,-0.0,0.001031544281533067,-0.0,0.009265745718466934,-0.0,0.1626238111806372,0.01029729
2019-03-19 00:00:00,-0.0,0.0009521947214151387,-0.0,0.015414835278584862,-0.0,0.14639766878212682,0.01636703
2019-03-19 01:00:00,-0.0,0.001031544281533067,-0.0,0.008939583718466934,-0.0,0.13698758065742478,0.009971128000000001
2019-03-19 02:00:00,-0.0,0.0011902434017689234,-0.0,0.009302296598231077,-0.0,0.12719568950139207,0.01049254
2019-03-19 03:00:00,-0.0,0.001388617302063744,-0.0,0.011212162697936257,-0.0,0.11539341297724864,0.01260078
2019-03-19 04:00:00,-0.0,0.0015473164222996004,-0.0,0.0277227635777004,-0.0,0.08621155657966928,0.02927008
2019-03-19 05:00:00,-0.0,0.0017060155425354566,-0.0,0.03378280445746454,-0.0,0.050650709782338196,0.03548882
2019-03-19 06:00:00,-0.0,0.0019837390029482055,-0.0,0.0374671909970518,-0.0,0.011211561364388938,0.03945093
2019-03-19 07:00:00,0.02976328726100023,0.0019043894428302775,-0.0,0.010650983296169491,-0.0,-0.0,0.04231866
2019-03-19 08:00:00,0.06207561,-0.0,-0.0,0.0,-0.0,-0.0,0.06207561
2019-03-19 09:00:00,0.05236534,-0.0,-0.0,0.0,-0.0,-0.0,0.05236534
2019-03-19 10:00:00,0.06390396,-0.0,-0.0,0.0,-0.0,-0.0,0.06390396
2019-03-19 11:00:00,0.11772617711274477,-0.0,-0.0,0.0,0.020883217112744764,0.019839056257107524,0.09684296
2019-03-19 12:00:00,0.21559304233929652,-0.0,-0.0,0.0,0.11532644233929652,0.12939917647943922,0.1002666
2019-03-19 13:00:00,0.20803876962458287,-0.0,-0.0,0.0,0.13325520962458287,0.25599162562279293,0.07478356
2019-03-19 14:00:00,0.18582975507829633,7.934956011792822e-05,-0.0,0.0,0.11615311463841425,0.3663370845292865,0.06975599
2019-03-19 15:00:00,0.14690853327544987,-0.0,-0.0,0.0,0.08744749327544987,0.44941220314096386,0.05946104
2019-03-19 16:00:00,0.09005302299482121,-0.0,-0.0,0.0,0.025966812994821217,0.474080675486044,0.06408620999999999
2019-03-19 17:00:00,0.030526448472820752,7.934956011792822e-05,-0.0,0.030045141967061317,-0.0,0.4424542102575584,0.06065094
2019-03-19 18:00:00,-0.0,0.0004364225806486052,-0.0,0.1068122774193514,-0.0,0.3300202340266622,0.1072487
2019-03-19 19:00:00,-0.0,0.0009918695014741027,-0.0,0.0770319604985259,-0.0,0.24893395981768757,0.07802383
2019-03-19 20:00:00,-0.0,0.0013489425220047798,-0.0,0.04702383747799522,-0.0,0.199435183525061,0.04837278
2019-03-19 21:00:00,-0.0,0.0017456903225944208,-0.0,0.034796269677405595,-0.0,0.16280753123305514,0.03654196000000001
2019-03-19 22:00:00,-0.0,0.0019440642228892415,-0.0,0.017358115777110758,-0.0,0.1445358304150438,0.01930218
2019-03-19 23:00:00,-0.0,0.0018647146627713133,-0.0,0.013518165337228686,-0.0,0.1303061826916452,0.01538288
2019-03-20 00:00:00,-0.0,0.0016663407624764928,-0.0,0.0067584132375235065,-0.0,0.12319206349425205,0.008424754
2019-03-20 01:00:00,-0.0,0.0016663407624764928,-0.0,0.011862379237523507,-0.0,0.1107053485073852,0.01352872
2019-03-20 02:00:00,-0.0,0.0020234137830071695,-0.0,0.00997077621699283,-0.0,0.10020979459476116,0.01199419
2019-03-20 03:00:00,-0.0,0.0023011372434199187,-0.0,0.006396891756580081,-0.0,0.09347622432467687,0.008698029
2019-03-20 04:00:00,-0.0,0.002539185923773703,-0.0,0.0226697240762263,-0.0,0.0696133568760176,0.02520891
2019-03-20 05:00:00,-0.0,0.0026582102639505956,-0.0,0.038265489736049395,-0.0,0.029333893995965612,0.04092369999999999
2019-03-20 06:00:00,-0.0,0.002578860703832667,-0.0,0.027867199296167332,-0.0,-0.0,0.03044606
2019-03-20 07:00:00,0.02269164,-0.0,-0.0,0.0,-0.0,-0.0,0.02269164
2019-03-20 08:00:00,0.05081393,-0.0,-0.0,0.0,-0.0,-0.0,0.05081393
2019-03-20 09:00:00,0.03216723,-0.0,-0.0,0.0,-0.0,-0.0,0.03216723
2019-03-20 10:00:00,0.03927099,-0.0,-0.0,0.0,-0.0,-0.0,0.03927099
2019-03-20 11:00:00,0.03565256999999999,-0.0,-0.0,0.0,-0.0,-0.0,0.03565256999999999
2019-03-20 12:00:00,0.06282902,-0.0,-0.0,0.0,-0.0,-0.0,0.06282902
2019-03-20 13:00:00,0.21734076700335736,-0.0,-0.0,0.0,0.12261924700335737,0.1164882846531895,0.09472152
2019-03-20 14:00:00,0.18999612962458287,-0.0,-0.0,0.0,0.13325520962458287,0.2430807337965432,0.05674092
2019-03-20 15:00:00,0.17938752962458288,-0.0,-0.0,0.0,0.13325520962458287,0.3696731829398969,0.04613232
2019-03-20 16:00:00,0.11638208480262911,0.00019837390029482055,-0.0,0.0,0.06122463870292393,0.4278365897076747,0.05535582
2019-03-20 17:00:00,0.04350018907376957,0.0005554469208254976,-0.0,0.010640904005404933,-0.0,0.41663563812303794,0.05469654
2019-03-20 18:00:00,-0.0,0.0011108938416509952,-0.0,0.067431426158349,-0.0,0.34565518953530217,0.06854232
2019-03-20 19:00:00,-0.0,0.0016266659824175286,-0.0,0.08664903401758248,-0.0,0.2544456800431101,0.0882757
2019-03-20 20:00:00,-0.0,0.0019043894428302775,-0.0,0.04571413055716972,-0.0,0.2063255426145104,0.04761852
2019-03-20 21:00:00,-0.0,0.0019837390029482055,-0.0,0.023073310997051795,-0.0,0.1820378468281401,0.02505705
2019-03-20 22:00:00,-0.0,0.0017456903225944208,-0.0,0.021499269677405577,-0.0,0.15940703664139738,0.02324496
2019-03-20 23:00:00,-0.0,0.0013489425220047798,-0.0,0.01418512747799522,-0.0,0.14447532350666556,0.01553407
2019-03-21 00:00:00,-0.0,0.0011505686217099594,-0.0,0.010336991378290042,-0.0,0.13359427995057077,0.01148756
2019-03-21 01:00:00,-0.0,0.0009918695014741027,-0.0,0.008463750498525897,-0.0,0.12468506889949088,0.00945562
2019-03-21 02:00:00,-0.0,0.0007538208211203181,-0.0,0.010530759178879683,-0.0,0.11360005923751226,0.01128458
2019-03-21 03:00:00,-0.0,0.0005554469208254976,-0.0,0.010660213079174504,-0.0,0.10237878231206542,0.01121566
2019-03-21 04:00:00,-0.0,0.0006347964809434258,-0.0,0.02215471351905657,-0.0,0.07905803123937429,0.02278951
2019-03-21 05:00:00,-0.0,0.0007934956011792822,-0.0,0.03945362439882071,-0.0,0.03752790029324722,0.04024712
2019-03-21 06:00:00,-0.0,0.0009521947214151387,-0.0,0.035651505278584864,-0.0,-0.0,0.0366037
2019-03-21 07:00:00,0.04271607,-0.0,-0.0,0.0,-0.0,-0.0,0.04271607
2019-03-21 08:00:00,0.06230251,-0.0,-0.0,0.0,-0.0,-0.0,0.06230251
2019-03-21 09:00:00,0.05700491000000001,-0.0,-0.0,0.0,-0.0,-0.0,0.05700491000000001
2019-03-21 10:00:00,0.06959941,-0.0,-0.0,0.0,-0.0,-0.0,0.06959941
2019-03-21 11:00:00,0.08092656,-0.0,-0.0,0.0,-0.0,-0.0,0.08092656
2019-03-21 12:00:00,0.25671257920786156,-0.0,-0.0,0.0,0.13118797920786157,0.12462858024746848,0.1255246
2019-03-21 13:00:00,0.19899176962458287,-0.0,-0.0,0.0,0.13325520962458287,0.2512210293908222,0.06573656
2019-03-21 14:00:00,0.20682698962458287,-0.0,-0.0,0.0,0.13325520962458287,0.3778134785341759,0.07357178
2019-03-21 15:00:00,0.17552707871871934,0.0015869912023585644,-0.0,0.0,0.11041884992107791,0.4827113859591999,0.06669522
2019-03-21 16:00:00,0.1098952145021547,0.002499511143714739,-0.0,0.0,0.047428735645869434,0.5277686848227758,0.06496599
2019-03-21 17:00:00,0.038158060591025944,0.0035707302053067697,-0.0,0.03831537920366729,-0.0,0.48743670671365236,0.08004417
2019-03-21 18:00:00,-0.0,0.004562599706780873,-0.0,0.09926210029321914,-0.0,0.3829502853523691,0.1038247
2019-03-21 19:00:00,-0.0,0.005197396187724299,-0.0,0.1113328038122757,-0.0,0.2657578602868157,0.1165302
2019-03-21 20:00:00,-0.0,0.0049196727273115495,-0.0,0.05704498727268845,-0.0,0.20571050526293314,0.06196466
2019-03-21 21:00:00,-0.0,0.004483250146662945,-0.0,0.033304049853337056,-0.0,0.17065361068047308,0.0377873
2019-03-21 22:00:00,-0.0,0.004086502346073303,-0.0,0.023620097653926697,-0.0,0.1457903499921292,0.0277066
2019-03-21 23:00:00,-0.0,0.0035707302053067697,-0.0,0.014524299794693232,-0.0,0.13050161336613633,0.01809503
2019-03-22 00:00:00,-0.0,0.003094632844599201,-0.0,0.0109286671554008,-0.0,0.11899775320255654,0.0140233
2019-03-22 01:00:00,-0.0,0.002777234604127488,-0.0,0.007457875395872513,-0.0,0.11114735804900652,0.01023511
2019-03-22 02:00:00,-0.0,0.0024201615835968107,-0.0,0.00910577841640319,-0.0,0.10156232813700317,0.01152594
2019-03-22 03:00:00,-0.0,0.0021821129032430263,-0.0,0.009993247096756974,-0.0,0.09104312066673266,0.01217536
2019-03-22 04:00:00,-0.0,0.0018647146627713133,-0.0,0.020379375337228688,-0.0,0.06959114662754456,0.02224409
2019-03-22 05:00:00,-0.0,0.001467966862181672,-0.0,0.03463581313781833,-0.0,0.03313239595615684,0.03610378
2019-03-22 06:00:00,-0.0,0.0011108938416509952,-0.0,0.031475776158349004,-0.0,-0.0,0.03258667
2019-03-22 07:00:00,0.04425945,-0.0,-0.0,0.0,-0.0,-0.0,0.04425945
2019-03-22 08:00:00,0.06425475,-0.0,-0.0,0.0,-0.0,-0.0,0.06425475
2019-03-22 09:00:00,0.06731336,-0.0,-0.0,0.0,-0.0,-0.0,0.06731336
2019-03-22 10:00:00,0.05571328,-0.0,-0.0,0.0,-0.0,-0.0,0.05571328
2019-03-22 11:00:00,0.08044093,-0.0,-0.0,0.0,-0.0,-0.0,0.08044093
2019-03-22 12:00:00,0.17923769473862322,-0.0,-0.0,0.0,0.07534569473862324,0.07157841000169207,0.103892
2019-03-22 13:00:00,0.05866206,-0.0,-0.0,0.0,-0.0,0.07157841000169207,0.05866206
2019-03-22 14:00:00,0.19837383962458288,-0.0,-0.0,0.0,0.13325520962458287,0.19817085914504579,0.06511863
2019-03-22 15:00:00,0.18268266962458288,-0.0,-0.0,0.0,0.13325520962458287,0.3247633082883995,0.04942746000000001
2019-03-22 16:00:00,0.1240136969208343,0.004324551026427088,-0.0,0.0,0.08228546794726138,0.4029345028382978,0.04605278
2019-03-22 17:00:00,0.0488423175565132,0.004403900586545016,-0.0,0.008396241856941787,-0.0,0.39409635351520117,0.06164246
2019-03-22 18:00:00,-0.0,0.004007152785955375,-0.0,0.10067924721404463,-0.0,0.28811819855304893,0.1046864
2019-03-22 19:00:00,-0.0,0.003927803225837447,-0.0,0.07009962677416254,-0.0,0.214329117738141,0.07402742999999999
2019-03-22 20:00:00,-0.0,0.00424520146630916,-0.0,0.035847678533690835,-0.0,0.17659471928162435,0.04009288
2019-03-22 21:00:00,-0.0,0.004483250146662945,-0.0,0.042065759853337055,-0.0,0.13231497206758536,0.04654901
2019-03-22 22:00:00,-0.0,0.004007152785955375,-0.0,0.014493257214044623,-0.0,0.11705891184227524,0.01850041
2019-03-22 23:00:00,-0.0,0.0034517058651298772,-0.0,0.015721204134870125,-0.0,0.100510275910833,0.01917291
2019-03-23 00:00:00,-0.0,0.0032930067448940213,-0.0,0.0031499032551059783,-0.0,0.09719458827387935,0.00644291
2019-03-23 01:00:00,-0.0,0.0033723563050119497,-0.0,0.0052412316949880505,-0.0,0.09167750227915508,0.008613588
2019-03-23 02:00:00,-0.0,0.004007152785955375,-0.0,0.006940707214044625,-0.0,0.0843714946854239,0.01094786
2019-03-23 03:00:00,-0.0,0.004443575366603981,-0.0,0.00788319463339602,-0.0,0.07607339507132282,0.01232677
2019-03-23 04:00:00,-0.0,0.004284876246368124,-0.0,0.016035533753631877,-0.0,0.05919388585697348,0.02032041
2019-03-23 05:00:00,-0.0,0.0037691041056015905,-0.0,0.030569085894398405,-0.0,0.027015900704975154,0.03433819
2019-03-23 06:00:00,0.0003815806059102594,0.002935933724363344,-0.0,0.025665105669726396,-0.0,-0.0,0.02898262
2019-03-23 07:00:00,0.026267159677405578,0.0017456903225944208,-0.0,0.0,-0.0,-0.0,0.02801285
2019-03-23 08:00:00,0.05312533,-0.0,-0.0,0.0,-0.0,-0.0,0.05312533
2019-03-23 09:00:00,0.03940304,-0.0,-0.0,0.0,-0.0,-0.0,0.03940304
2019-03-23 10:00:00,0.07934077,-0.0,-0.0,0.0,-0.0,-0.0,0.07934077
2019-03-23 11:00:00,0.102152,-0.0,-0.0,0.0,-0.0,-0.0,0.102152
2019-03-23 12:00:00,0.1002195,-0.0,-0.0,0.0,-0.0,-0.0,0.1002195
2019-03-23 13:00:00,0.19862418137205587,-0.0,-0.0,0.0,0.09921459137205588,0.09425386180345308,0.09940958999999999
2019-03-23 14:00:00,0.19110483962458286,-0.0,-0.0,0.0,0.13325520962458287,0.2208463109468068,0.05784963
2019-03-23 15:00:00,0.18735607750193736,0.0012299181818278874,-0.0,0.0,0.13208587568376526,0.34632789284638377,0.05650012
2019-03-23 16:00:00,0.12210579389128301,0.001428292082122708,-0.0,0.0,0.07606449597340573,0.41858916402111923,0.04746959
2019-03-23 17:00:00,0.046934414526961905,0.0015473164222996004,-0.0,0.02153963905073849,-0.0,0.39591585975718396,0.07002137
2019-03-23 18:00:00,-0.0,0.0015076416422406362,-0.0,0.08506523835775935,-0.0,0.3063735035911215,0.08657287999999999
2019-03-23 19:00:00,-0.0,0.0011505686217099594,-0.0,0.06197898137829005,-0.0,0.24113247056134252,0.06312955
2019-03-23 20:00:00,-0.0,0.0007934956011792822,-0.0,0.04349650439882072,-0.0,0.1953466764573207,0.04429
2019-03-23 21:00:00,-0.0,0.0005554469208254976,-0.0,0.030066863079174503,-0.0,0.16369734690029492,0.03062231
2019-03-23 22:00:00,-0.0,0.0005157721407665335,-0.0,0.023606437859233467,-0.0,0.13884846494320707,0.02412221
2019-03-23 23:00:00,-0.0,0.0006347964809434258,-0.0,0.022767383519056574,-0.0,0.11488279808104226,0.02340218
2019-03-24 00:00:00,-0.0,0.0009125199413561745,-0.0,0.010896010058643825,-0.0,0.10341331380878561,0.01180853
2019-03-24 01:00:00,-0.0,0.0011505686217099594,-0.0,0.008850931378290041,-0.0,0.09409654393690137,0.0100015
2019-03-24 02:00:00,-0.0,0.001467966862181672,-0.0,0.008942573137818327,-0.0,0.08468330905498735,0.01041054
2019-03-24 03:00:00,-0.0,0.0019043894428302775,-0.0,0.005115975557169722,-0.0,0.07929807162638763,0.007020365
2019-03-24 04:00:00,-0.0,0.0021821129032430263,-0.0,0.017660497096756975,-0.0,0.060708074682432916,0.01984261
2019-03-24 05:00:00,-0.0,0.002142438123184062,-0.0,0.022042611876815936,-0.0,0.03750532533841614,0.02418505
2019-03-24 06:00:00,0.0003815806059102594,0.0017456903225944208,-0.0,0.035630059071495336,-0.0,-0.0,0.03775733000000001
2019-03-24 07:00:00,0.03362022000000001,-0.0,-0.0,0.0,-0.0,-0.0,0.03362022000000001
2019-03-24 08:00:00,0.03822708,-0.0,-0.0,0.0,-0.0,-0.0,0.03822708
2019-03-24 09:00:00,0.04203716,-0.0,-0.0,0.0,-0.0,-0.0,0.04203716
2019-03-24 10:00:00,0.05578598,-0.0,-0.0,0.0,-0.0,-0.0,0.05578598
2019-03-24 11:00:00,0.09433818,-0.0,-0.0,0.0,-0.0,-0.0,0.09433818
2019-03-24 12:00:00,0.16322845914720857,-0.0,-0.0,0.0,0.07257879914720858,0.06894985918984814,0.09064965999999999
2019-03-24 13:00:00,0.18565672962458288,-0.0,-0.0,0.0,0.13325520962458287,0.19554230833320185,0.05240152
2019-03-24 14:00:00,0.21334384962458286,-0.0,-0.0,0.0,0.13325520962458287,0.32213475747655557,0.08008864
2019-03-24 15:00:00,0.16789546660051413,0.00019837390029482055,-0.0,0.0,0.10295875050080895,0.41994557045232406,0.06513509
2019-03-24 16:00:00,0.101500441172129,0.0002777234604127488,-0.0,0.0,0.03724799463254175,0.4553311653532387,0.06453017
2019-03-24 17:00:00,0.03396067392601308,0.0003173982404717129,-0.0,0.0095741878335152,-0.0,0.4452530728969069,0.04385226
2019-03-24 18:00:00,-0.0,0.0004364225806486052,-0.0,0.03854815741935139,-0.0,0.40467606508706333,0.03898458
2019-03-24 19:00:00,-0.0,0.0007934956011792822,-0.0,0.07002113439882071,-0.0,0.3309696078251468,0.07081462999999999
2019-03-24 20:00:00,-0.0,0.0011505686217099594,-0.0,0.05071691137829004,-0.0,0.2775833853216836,0.05186748
2019-03-24 21:00:00,-0.0,0.0013092677419458158,-0.0,0.037335852258054185,-0.0,0.23828248820794234,0.03864512
2019-03-24 22:00:00,-0.0,0.0013092677419458158,-0.0,0.020673352258054185,-0.0,0.21652106477841163,0.02198262
2019-03-24 23:00:00,-0.0,0.0012299181818278874,-0.0,0.010649001818172112,-0.0,0.2053115891803357,0.01187892
2019-03-25 00:00:00,-0.0,0.0012299181818278874,-0.0,0.013075321818172113,-0.0,0.19154809252962823,0.01430524
2019-03-25 01:00:00,-0.0,0.0013489425220047798,-0.0,0.01195977747799522,-0.0,0.17895885307910694,0.01330872
2019-03-25 02:00:00,-0.0,0.0016663407624764928,-0.0,0.006071821237523507,-0.0,0.1725674623027664,0.007738162
2019-03-25 03:00:00,-0.0,0.0020234137830071695,-0.0,0.008951566216992831,-0.0,0.16314476102172132,0.01097498
2019-03-25 04:00:00,-0.0,0.0013092677419458158,-0.0,0.03040062225805418,-0.0,0.13114410601324322,0.03170989
2019-03-25 05:00:00,-0.0,0.0004364225806486052,-0.0,0.030711127419351395,-0.0,0.09881660346655755,0.03114755
2019-03-25 06:00:00,-0.0,7.934956011792822e-05,-0.0,0.037835710439882056,-0.0,0.05898953984562906,0.03791505999999999
2019-03-25 07:00:00,0.03014486786691049,-0.0,-0.0,0.02209636213308951,-0.0,0.035730211284482206,0.05224123
2019-03-25 08:00:00,0.07936876602933395,-0.0,-0.0,0.0,0.034748306029333945,0.06874110201234945,0.04462046
2019-03-25 09:00:00,0.11523734298489834,3.967478005896411e-05,-0.0,0.0,0.0399536277649573,0.10669704838905888,0.07532339
2019-03-25 10:00:00,0.14309272721634728,7.934956011792822e-05,-0.0,0.0,0.09028571677646521,0.19246847932670083,0.05288636
2019-03-25 11:00:00,0.15301382297001404,7.934956011792822e-05,-0.0,0.0,0.04636177253013196,0.2365121632303262,0.1067314
2019-03-25 12:00:00,0.15530330660547556,7.934956011792822e-05,-0.0,0.0,0.04660315616559349,0.28078516158764,0.1087795
2019-03-25 13:00:00,0.14996117812273194,3.967478005896411e-05,-0.0,0.0,0.0691504829027909,0.34647812034529135,0.08085037
2019-03-25 14:00:00,0.1343163732804113,3.967478005896411e-05,-0.0,0.0,0.07091313806047027,0.4138456015027381,0.06344290999999999
2019-03-25 15:00:00,0.10188202177803926,0.00023804868035378468,-0.0,0.0,0.048036150458393045,0.4594799444382115,0.05408392
2019-03-25 16:00:00,0.06181605815746202,0.0005554469208254976,-0.0,0.0,0.009141395078287526,0.46816426976258463,0.05323011
2019-03-25 17:00:00,0.021750094536884784,0.0005951217008844617,-0.0,0.050612213762230754,-0.0,0.41488825527602596,0.07295743
2019-03-25 18:00:00,-0.0,0.0003967478005896411,-0.0,0.10141745219941035,-0.0,0.30813304243454137,0.1018142
2019-03-25 19:00:00,-0.0,0.0008331703812382464,-0.0,0.07677226961876175,-0.0,0.2273201270463711,0.07760544
2019-03-25 20:00:00,-0.0,0.002856584164245416,-0.0,0.05692556583575458,-0.0,0.1673984787982084,0.05978215
2019-03-25 21:00:00,-0.0,0.004483250146662945,-0.0,0.03089407985333705,-0.0,0.13487839474206414,0.03537733
2019-03-25 22:00:00,-0.0,0.0037691041056015905,-0.0,0.017217435894398413,-0.0,0.11675477801111846,0.02098654
2019-03-25 23:00:00,-0.0,0.0030152832844812724,-0.0,0.01748697671551873,-0.0,0.09834743410004611,0.02050226
2019-03-26 00:00:00,-0.0,0.0026582102639505956,-0.0,0.005262779736049404,-0.0,0.0928076659568362,0.00792099
2019-03-26 01:00:00,-0.0,0.0024201615835968107,-0.0,0.00773785841640319,-0.0,0.08466255183430653,0.01015802
2019-03-26 02:00:00,-0.0,0.0022217876833019903,-0.0,0.00375122831669801,-0.0,0.08071389044830862,0.005973016
2019-03-26 03:00:00,-0.0,0.0019837390029482055,-0.0,0.008316870997051794,-0.0,0.07195928939878042,0.01030061
2019-03-26 04:00:00,-0.0,0.0023011372434199187,-0.0,0.01263940275658008,-0.0,0.05865465491816981,0.01494054
2019-03-26 05:00:00,-0.0,0.002856584164245416,-0.0,0.023126925835754587,-0.0,0.034310522459480776,0.02598351
2019-03-26 06:00:00,-0.0,0.0035310554252478057,-0.0,0.028800944574752192,-0.0,0.003993738696583734,0.032332
2019-03-26 07:00:00,0.030526448472820752,0.003650079765424698,-0.0,0.003794051761754548,-0.0,-0.0,0.03797058
2019-03-26 08:00:00,0.0332314,-0.0,-0.0,0.0,-0.0,-0.0,0.0332314
2019-03-26 09:00:00,0.04257553,-0.0,-0.0,0.0,-0.0,-0.0,0.04257553
2019-03-26 10:00:00,0.05300486,-0.0,-0.0,0.0,-0.0,-0.0,0.05300486
2019-03-26 11:00:00,0.18618246968783883,-0.0,-0.0,0.0,0.11526419968783883,0.10950098970344688,0.07091827
2019-03-26 12:00:00,0.18894142962458288,-0.0,-0.0,0.0,0.13325520962458287,0.2360934388468006,0.05568622
2019-03-26 13:00:00,0.19765875386151438,0.0032136571847760933,-0.0,0.0,0.13303544104629048,0.3624771078407765,0.06783697
2019-03-26 14:00:00,0.14996117812273194,0.0030152832844812724,-0.0,0.0,0.06351401140721322,0.42281541867762906,0.08946245
2019-03-26 15:00:00,0.10646098904896238,0.00289625894430438,-0.0,0.0,0.04954521799326676,0.4698833757712325,0.05981203
2019-03-26 16:00:00,0.0675397672461159,0.0029756085044223084,-0.0,0.008603654249461773,-0.0,0.46082689761390433,0.07911902999999999
2019-03-26 17:00:00,0.02594748120189764,0.0030549580645402364,-0.0,0.03539942073356213,-0.0,0.4235643494733126,0.06440186
2019-03-26 18:00:00,-0.0,0.0035707302053067697,-0.0,0.10198876979469323,-0.0,0.316207749689425,0.1055595
2019-03-26 19:00:00,-0.0,0.0035707302053067697,-0.0,0.06643912979469324,-0.0,0.24627182358974792,0.07000986000000001
2019-03-26 20:00:00,-0.0,0.0035707302053067697,-0.0,0.038239249794693224,-0.0,0.20601998170059715,0.04180998
2019-03-26 21:00:00,-0.0,0.0035707302053067697,-0.0,0.02260344979469323,-0.0,0.18222687665355167,0.02617418
2019-03-26 22:00:00,-0.0,0.003650079765424698,-0.0,0.0227367302345753,-0.0,0.1582934764066303,0.02638681
2019-03-26 23:00:00,-0.0,0.0037294293255426265,-0.0,0.010838790674457373,-0.0,0.14688422306509621,0.01456822
2019-03-27 00:00:00,-0.0,0.0034913806451888417,-0.0,0.011015909354811159,-0.0,0.13528852900740027,0.01450729
2019-03-27 01:00:00,-0.0,0.003094632844599201,-0.0,0.010686647155400799,-0.0,0.12403942673855732,0.01378128
2019-03-27 02:00:00,-0.0,0.0030152832844812724,-0.0,0.011279796715518728,-0.0,0.1121659565116955,0.01429508
2019-03-27 03:00:00,-0.0,0.003134307624658165,-0.0,0.008266272375341836,-0.0,0.10346461716923042,0.01140058
2019-03-27 04:00:00,-0.0,0.002856584164245416,-0.0,0.018292475835754586,-0.0,0.08420937944738348,0.02114906
2019-03-27 05:00:00,-0.0,0.0026185354838916316,-0.0,0.02892592451610837,-0.0,0.05376103785147993,0.03154446
2019-03-27 06:00:00,-0.0,0.0026978850440095596,-0.0,0.03850977495599044,-0.0,0.013224432634647893,0.04120766
2019-03-27 07:00:00,0.03968438301466697,0.0016266659824175286,-0.0,0.012563211002915499,-0.0,-0.0,0.05387426
2019-03-27 08:00:00,0.07458150000000001,-0.0,-0.0,0.0,-0.0,-0.0,0.07458150000000001
2019-03-27 09:00:00,0.05468759,-0.0,-0.0,0.0,-0.0,-0.0,0.05468759
2019-03-27 10:00:00,0.06398988,-0.0,-0.0,0.0,-0.0,-0.0,0.06398988
2019-03-27 11:00:00,0.17224947906189889,-0.0,-0.0,0.0,0.07480929906189888,0.07106883410880394,0.09744018
2019-03-27 12:00:00,0.22765035962458285,-0.0,-0.0,0.0,0.13325520962458287,0.19766128325215765,0.09439515
2019-03-27 13:00:00,0.18515350962458288,-0.0,-0.0,0.0,0.13325520962458287,0.32425373239551136,0.0518983
2019-03-27 14:00:00,0.17629023993053985,0.0006744712610023899,-0.0,0.0,0.10556748119154226,0.4245428395274765,0.07139722999999999
2019-03-27 15:00:00,0.13927692115724466,0.0012299181818278874,-0.0,0.0,0.08755981933907256,0.5077246678995955,0.05294702
2019-03-27 16:00:00,0.09272408723619303,0.0016663407624764928,-0.0,0.0,0.026627547998669523,0.5330208384983315,0.06776288
2019-03-27 17:00:00,0.03434225453192334,0.0017060155425354566,-0.0,0.013164749925541203,-0.0,0.5191632069977618,0.04921302
2019-03-27 18:00:00,-0.0,0.002142438123184062,-0.0,0.09513299187681594,-0.0,0.4190232155484818,0.09727543
2019-03-27 19:00:00,-0.0,0.0024598363636557747,0.007511360639668706,0.055204252996675515,-0.0,0.3609134755519813,0.06517545
2019-03-27 20:00:00,-0.0,0.0023011372434199187,-0.0,0.03986899275658008,-0.0,0.3189461147555812,0.04217013
2019-03-27 21:00:00,-0.0,0.001825039882712349,-0.0,0.03565230011728765,-0.0,0.28141737779001524,0.03747734
2019-03-27 22:00:00,-0.0,0.0012695929618868516,-0.0,0.02053248703811315,-0.0,0.2598042335393698,0.02180208
2019-03-27 23:00:00,-0.0,0.0008331703812382464,-0.0,0.016281759618761753,-0.0,0.24266553920383116,0.01711493
2019-03-28 00:00:00,-0.0,0.0006744712610023899,-0.0,0.008233301738997612,-0.0,0.23399890579436,0.008907773
2019-03-28 01:00:00,-0.0,0.0005951217008844617,-0.0,0.013863128299115538,-0.0,0.21940613916371207,0.01445825
2019-03-28 02:00:00,-0.0,0.0006744712610023899,-0.0,0.00991362873899761,-0.0,0.208970740491083,0.0105881
2019-03-28 03:00:00,-0.0,0.001071219061592031,-0.0,0.010981210938407968,-0.0,0.1974115710822325,0.01205243
2019-03-28 04:00:00,-0.0,0.0015076416422406362,-0.0,0.023039518357759362,-0.0,0.1731594464951174,0.02454716
2019-03-28 05:00:00,-0.0,0.0015869912023585644,-0.0,0.03551525879764144,-0.0,0.13577496355023166,0.03710225
2019-03-28 06:00:00,-0.0,0.0012695929618868516,-0.0,0.03049371703811315,-0.0,0.10367631403642835,0.03176331
2019-03-28 07:00:00,0.03090802907873101,0.0006744712610023899,0.014592673073353388,0.02150448658691321,-0.0,0.0810400123659934,0.06767966
2019-03-28 08:00:00,0.07440821815250058,0.00019837390029482055,-0.0,0.0190828079472046,-0.0,0.06095284610577803,0.0936894
2019-03-28 09:00:00,0.1156189235908086,7.934956011792822e-05,-0.0,0.0,0.06239407315092652,0.12022721559915822,0.0533042
2019-03-28 10:00:00,0.15263224236410378,3.967478005896411e-05,-0.0,0.0,0.06777620714416274,0.18461461238611282,0.08489571
2019-03-28 11:00:00,0.17819814296009115,3.967478005896411e-05,-0.0,0.0,0.09214456774015012,0.27215195173925544,0.08609325
2019-03-28 12:00:00,0.18773765810784762,-0.0,-0.0,0.0,0.06924405810784762,0.33793380694171066,0.1184936
2019-03-28 13:00:00,0.1766718205364501,-0.0,-0.0,0.0,0.06254382053645012,0.3973504364513383,0.114128
2019-03-28 14:00:00,0.1541585647877448,-0.0,-0.0,0.0,0.08785288478774482,0.4808106769996958,0.06630567999999999
2019-03-28 15:00:00,0.11332943995534703,3.967478005896411e-05,-0.0,0.0,0.05495806473540598,0.5330208384983315,0.05841105000000001
2019-03-28 16:00:00,0.06601344482247487,7.934956011792822e-05,-0.0,0.0080702956174072,-0.0,0.5245257904800081,0.07416309
2019-03-28 17:00:00,0.023657997566436082,0.00011902434017689234,-0.0,0.03718317809338703,-0.0,0.4853856030132849,0.0609602
2019-03-28 18:00:00,-0.0,0.00015869912023585645,0.00910060893253344,0.0811184119472307,-0.0,0.3999978009635684,0.09037772
2019-03-28 19:00:00,-0.0,0.00023804868035378468,-0.0,0.09363201131964621,-0.0,0.30143778904815133,0.09387005999999999
2019-03-28 20:00:00,-0.0,0.00023804868035378468,-0.0,0.05568235131964622,-0.0,0.24282478765905005,0.0559204
2019-03-28 21:00:00,-0.0,0.00023804868035378468,-0.0,0.03678098131964622,-0.0,0.2041079652173172,0.03701903
2019-03-28 22:00:00,-0.0,0.00023804868035378468,-0.0,0.030800291319646216,-0.0,0.17168660593347906,0.03103834
2019-03-28 23:00:00,-0.0,0.00019837390029482055,-0.0,0.02089980609970518,-0.0,0.14968681003905257,0.02109818
2019-03-29 00:00:00,-0.0,0.00015869912023585645,-0.0,0.012883520879764144,-0.0,0.13612520911298506,0.01304222
2019-03-29 01:00:00,-0.0,0.00011902434017689234,-0.0,0.008199177659823108,-0.0,0.12749449578685548,0.008318202
2019-03-29 02:00:00,-0.0,0.00019837390029482055,-0.0,0.010612306099705178,-0.0,0.11632364726085004,0.01081068
2019-03-29 03:00:00,-0.0,0.0002777234604127488,0.008972167539587251,0.0,-0.0,0.11632364726085004,0.009249891
2019-03-29 04:00:00,-0.0,0.00015869912023585645,-0.0,0.030605930879764143,-0.0,0.0841068779137299,0.03076463
2019-03-29 05:00:00,-0.0,3.967478005896411e-05,-0.0,0.04449901521994105,-0.0,0.03726580926116038,0.04453869000000001
2019-03-29 06:00:00,-0.0,-0.0,-0.0,0.02508627,-0.0,0.01085920926116038,0.02508627
2019-03-29 07:00:00,0.02594748120189764,-0.0,-0.0,0.010316248798102362,-0.0,-0.0,0.03626373
2019-03-29 08:00:00,0.06525028361065437,-0.0,-0.0,0.0,0.004939063610654368,0.0046921104301216494,0.06031122
2019-03-29 09:00:00,0.10302676359577004,-0.0,-0.0,0.0,0.06261936359577003,0.06418050584610317,0.0404074
2019-03-29 10:00:00,0.12668476116220612,-0.0,-0.0,0.0,0.057508891162206116,0.11881395245019899,0.06917587
2019-03-29 11:00:00,0.14042166297497546,-0.0,-0.0,0.0,0.06661384297497545,0.18209710327642567,0.07380782000000001
2019-03-29 12:00:00,0.1457637914577191,-0.0,-0.0,0.0,0.09391964145771908,0.2713207626612588,0.05184415
2019-03-29 13:00:00,0.1419479853986165,0.00011902434017689234,-0.0,0.0,0.06017197973879339,0.32848414341311255,0.08189503000000001
2019-03-29 14:00:00,0.12554001934447534,0.000357073020530677,-0.0,0.0,0.047443062365006006,0.37355505265986827,0.07845403000000001
2019-03-29 15:00:00,0.09501357087165459,0.0005554469208254976,-0.0,0.0,0.039327557792480095,0.41091623256272436,0.05624145999999999
2019-03-29 16:00:00,0.056473929674718384,0.0007538208211203181,-0.0,0.0,0.037824190495838704,0.4468492135337711,0.01940356
2019-03-29 17:00:00,0.020223772113243745,0.0009125199413561745,0.014592673073353388,0.014319964872046691,-0.0,0.43177556630003777,0.05004893
2019-03-29 18:00:00,-0.0,0.001031544281533067,-0.0,0.08963836571846694,-0.0,0.3374193918595463,0.09066991
2019-03-29 19:00:00,-0.0,0.0009918695014741027,-0.0,0.0788335304985259,-0.0,0.25443672817688745,0.0798254
2019-03-29 20:00:00,-0.0,0.0006744712610023899,-0.0,0.054506128738997614,-0.0,0.19706185582004787,0.0551806
2019-03-29 21:00:00,-0.0,0.0005157721407665335,0.014592673073353388,0.020099364785880078,-0.0,0.1759046297296478,0.03520781
2019-03-29 22:00:00,-0.0,0.0005951217008844617,0.012659298299115537,0.0,-0.0,0.1759046297296478,0.01325442
2019-03-29 23:00:00,-0.0,0.0007538208211203181,-0.0,0.02253382917887968,-0.0,0.15218480954135338,0.02328765
2019-03-30 00:00:00,-0.0,0.0008331703812382464,-0.0,0.011152709618761754,-0.0,0.1404451152058147,0.01198588
2019-03-30 01:00:00,-0.0,0.000714146041061354,-0.0,0.010479393958938646,-0.0,0.1294141741964056,0.01119354
2019-03-30 02:00:00,-0.0,0.0005554469208254976,0.012909033079174502,0.0,-0.0,0.1294141741964056,0.01346448
2019-03-30 03:00:00,-0.0,0.000357073020530677,-0.0,0.005218645979469323,-0.0,0.12392086263906948,0.005575719000000001
2019-03-30 04:00:00,-0.0,0.00019837390029482055,-0.0,0.01868312609970518,-0.0,0.10425441411306403,0.0188815
2019-03-30 05:00:00,-0.0,0.00011902434017689234,-0.0,0.0357406756598231,-0.0,0.06663265026061867,0.03585969999999999
2019-03-30 06:00:00,-0.0,0.00011902434017689234,0.014592673073353388,0.024510872586469723,-0.0,0.04083173174854528,0.03922257
2019-03-30 07:00:00,0.023657997566436082,7.934956011792822e-05,0.010675433495763356,0.014578339377682627,-0.0,0.02548611135098462,0.04899112
2019-03-30 08:00:00,0.06563186421656461,-0.0,-0.0,0.02421180578343539,-0.0,-0.0,0.08984367
2019-03-30 09:00:00,0.09168414425056132,-0.0,-0.0,0.0,0.025395734250561318,0.02412594753803325,0.06628840999999999
2019-03-30 10:00:00,0.14042166297497546,-0.0,-0.0,0.0,0.08030235297497545,0.10041318286425993,0.06011931
2019-03-30 11:00:00,0.16789546660051413,-0.0,-0.0,0.0,0.06441696660051413,0.16160930113474836,0.1034785
2019-03-30 12:00:00,0.19422452840832202,-0.0,-0.0,0.0,0.11161291840832202,0.2676415736226543,0.08261161
2019-03-30 13:00:00,0.19727717325560412,-0.0,-0.0,0.0,0.07605017325560412,0.3398892382154782,0.121227
2019-03-30 14:00:00,0.17247443387143724,-0.0,-0.0,0.0,0.11176805387143723,0.44606888939334355,0.06070638
2019-03-30 15:00:00,0.12325053570901379,0.00023804868035378468,-0.0,0.0,0.07878230438936756,0.5209120785632427,0.04470628
2019-03-30 16:00:00,0.07288189572885954,0.00047609736070756937,-0.0,0.0,0.012746063089567113,0.5330208384983315,0.06061193
2019-03-30 17:00:00,0.02671064241371816,0.0006744712610023899,0.014592673073353388,0.031057853251926053,-0.0,0.5003283613910409,0.07303564
2019-03-30 18:00:00,-0.0,0.0011902434017689234,0.014592673073353388,0.09961698352487769,-0.0,0.3954683787332749,0.1153999
2019-03-30 19:00:00,-0.0,0.0017456903225944208,-0.0,0.05445020967740558,-0.0,0.3381523685465322,0.0561959
2019-03-30 20:00:00,-0.0,0.0019440642228892415,0.014592673073353388,0.03079311270375737,-0.0,0.3057385657004718,0.04732985
2019-03-30 21:00:00,-0.0,0.002102763343125098,0.014592673073353388,0.019721523583521527,-0.0,0.2849790671915018,0.03641696000000001
2019-03-30 22:00:00,-0.0,0.0018647146627713133,0.014592673073353388,0.009043532263875298,-0.0,0.27545955954531726,0.02550092
2019-03-30 23:00:00,-0.0,0.001388617302063744,0.014592673073353388,0.005396329624582868,-0.0,0.26977921257207216,0.02137762
2019-03-31 00:00:00,-0.0,0.001031544281533067,0.009917075718466933,0.0,-0.0,0.26977921257207216,0.01094862
2019-03-31 01:00:00,-0.0,0.0008331703812382464,0.012100519618761752,0.0,-0.0,0.26977921257207216,0.01293369
2019-03-31 02:00:00,-0.0,0.000714146041061354,0.006531806003307737,0.005929597955630909,-0.0,0.2635375305135133,0.01317555
2019-03-31 03:00:00,-0.0,0.0007538208211203181,0.007735648178879681,0.0,-0.0,0.2635375305135133,0.008489469
2019-03-31 04:00:00,-0.0,0.000714146041061354,0.014592673073353388,0.013779300885585257,-0.0,0.24903300326552885,0.02908612
2019-03-31 05:00:00,-0.0,0.0006347964809434258,0.014592673073353388,0.022943900445703193,-0.0,0.22488152911215709,0.03817137
2019-03-31 06:00:00,-0.0,0.0005951217008844617,0.014592673073353388,0.017951175225762152,-0.0,0.2059855551903022,0.03313897
2019-03-31 07:00:00,0.019079030295512972,0.00047609736070756937,0.014592673073353388,0.015914259270426084,-0.0,0.1892337033266958,0.05006206000000001
2019-03-31 08:00:00,0.05303970422152606,0.00023804868035378468,0.0030648070981201536,0.0,-0.0,0.1892337033266958,0.05634256
2019-03-31 09:00:00,0.08623721693571862,0.00015869912023585645,-0.0,0.0,0.021618626055954493,0.20977139807985257,0.06477728999999999
2019-03-31 10:00:00,0.1098952145021547,0.00015869912023585645,-0.0,0.0,0.04042217362239056,0.24817246302112358,0.06963174
2019-03-31 11:00:00,0.1240136969208343,0.0002777234604127488,-0.0,0.0,0.020157420381247043,0.26732201238330827,0.104134
2019-03-31 12:00:00,0.12897424479766767,0.0006744712610023899,-0.0,0.0,0.048686916058670066,0.3135745826390448,0.0809618
2019-03-31 13:00:00,0.12477685813265482,0.0011505686217099594,-0.0,0.0,0.04022547675436479,0.3517887855556914,0.08570195
2019-03-31 14:00:00,0.1072241502607829,0.0015869912023585644,-0.0,0.0,0.012836391463141472,0.3639833574456758,0.09597475
2019-03-31 15:00:00,0.07669770178796215,0.001825039882712349,-0.0,0.0,0.014990381670674499,0.3782242200328166,0.06353236
2019-03-31 16:00:00,0.045026511497410604,0.0019440642228892415,0.00898641427970015,0.0,-0.0,0.3782242200328166,0.05595699
2019-03-31 17:00:00,0.016026385448230894,0.0016663407624764928,0.014592673073353388,0.030338630715939223,-0.0,0.34628881927919636,0.06262403
2019-03-31 18:00:00,-0.0,0.0016266659824175286,0.014592673073353388,0.11607126094422908,-0.0,0.2241085446010605,0.1322906
2019-03-31 19:00:00,-0.0,0.0017456903225944208,0.014592673073353388,0.07329507660405218,-0.0,0.14695583238626875,0.08963344
2019-03-31 20:00:00,-0.0,0.0017853651026533848,0.014592673073353388,0.03644263182399323,-0.0,0.10859516730838115,0.05282067
2019-03-31 21:00:00,-0.0,0.002063088563066134,0.014592673073353388,0.006221768363580479,-0.0,0.10204593745198064,0.02287753
2019-03-31 22:00:00,-0.0,0.0020234137830071695,0.014592673073353388,0.0076422531436394405,-0.0,0.09400146045867597,0.02425834
2019-03-31 23:00:00,-0.0,0.002063088563066134,0.014309271436933866,0.0,-0.0,0.09400146045867597,0.01637236
2019-04-01 00:00:00,-0.0,0.0024201615835968107,0.00948609841640319,0.0,-0.0,0.09400146045867597,0.01190626
2019-04-01 01:00:00,-0.0,0.0023011372434199187,0.00942418275658008,0.0,-0.0,0.09400146045867597,0.01172532
2019-04-01 02:00:00,-0.0,0.001388617302063744,0.0065671556979362555,0.0,-0.0,0.09400146045867597,0.007955773
2019-04-01 03:00:00,-0.0,0.0005951217008844617,0.011080228299115537,0.0,-0.0,0.09400146045867597,0.01167535
2019-04-01 04:00:00,-0.0,0.0002777234604127488,0.014592673073353388,0.008969643466233862,-0.0,0.08455973049421928,0.02384004
2019-04-01 05:00:00,-0.0,0.00015869912023585645,0.014592673073353388,0.017233727806410762,-0.0,0.06641896438220796,0.0319851
2019-04-01 06:00:00,-0.0,0.00015869912023585645,0.014592673073353388,0.04205388780641076,-0.0,0.022151714059670306,0.05680526
2019-04-01 07:00:00,0.016026385448230894,0.00019837390029482055,0.014592673073353388,0.017318717578120903,-0.0,0.003921485030069356,0.04813615
2019-04-01 08:00:00,0.04807915634469268,0.00015869912023585645,0.011930064535071463,0.0,-0.0,0.003921485030069356,0.06016792
2019-04-01 09:00:00,0.0854740557238981,0.0003173982404717129,-0.0,0.0,0.027943343964369816,0.03046766179622068,0.05784811
2019-04-01 10:00:00,0.10760573086669313,0.0007538208211203181,-0.0,0.0,0.06514025168781346,0.09235090089964346,0.0432193
2019-04-01 11:00:00,0.12172421328537275,0.0011505686217099594,-0.0,0.0,0.041584411907082716,0.13185609221137204,0.08129037
2019-04-01 12:00:00,0.12363211631492405,0.0009125199413561745,-0.0,0.0,0.04102627625628022,0.17083105465483825,0.08351836
2019-04-01 13:00:00,0.11828998783218041,0.0005157721407665335,-0.0,0.0,0.03615363997294695,0.20517701262913784,0.08265212
2019-04-01 14:00:00,0.09844779632484692,0.0004364225806486052,-0.0,0.0,0.040600328905495524,0.2437473250893586,0.05828389
2019-04-01 15:00:00,0.07173715391112877,0.00047609736070756937,-0.0,0.0,0.02220110127183634,0.2648383712976031,0.05001215
2019-04-01 16:00:00,0.043881769679679834,0.000357073020530677,0.00011919729978949328,0.0,-0.0,0.2648383712976031,0.04435804
2019-04-01 17:00:00,0.014500063024589857,0.00023804868035378468,0.014592673073353388,0.03057586522170297,-0.0,0.23265325001159998,0.05990665
2019-04-01 18:00:00,-0.0,0.00019837390029482055,0.014592673073353388,0.09219735302635178,-0.0,0.13560340472070337,0.1069884
2019-04-01 19:00:00,-0.0,7.934956011792822e-05,0.014592673073353388,0.039961737366528687,-0.0,0.09353841801909424,0.05463376
2019-04-01 20:00:00,-0.0,3.967478005896411e-05,0.014592673073353388,0.019269092146587646,-0.0,0.07325516312794934,0.03390144
2019-04-01 21:00:00,-0.0,-0.0,0.014592673073353388,0.014164196926646612,-0.0,0.05834548215253186,0.02875687
2019-04-01 22:00:00,-0.0,-0.0,0.014592673073353388,0.005168086926646611,-0.0,0.052905390650798585,0.01976076
2019-04-01 23:00:00,-0.0,-0.0,0.014592673073353388,0.0009677869266466119,-0.0,0.05188666757011794,0.01556046
2019-04-02 00:00:00,-0.0,-0.0,0.008715458999999998,0.0,-0.0,0.05188666757011794,0.008715458999999998
2019-04-02 01:00:00,-0.0,-0.0,0.01320583,0.0,-0.0,0.05188666757011794,0.01320583
2019-04-02 02:00:00,-0.0,-0.0,0.008573276999999999,0.0,-0.0,0.05188666757011794,0.008573276999999999
2019-04-02 03:00:00,-0.0,3.967478005896411e-05,0.007612535219941035,0.0,-0.0,0.05188666757011794,0.00765221
2019-04-02 04:00:00,-0.0,0.00023804868035378468,0.014592673073353388,0.015314158246292826,-0.0,0.035766500995072864,0.03014488
2019-04-02 05:00:00,-0.0,0.0005951217008844617,0.014592673073353388,0.016030675225762153,-0.0,0.01889210602058639,0.03121847
2019-04-02 06:00:00,0.0003815806059102594,0.0007934956011792822,0.014592673073353388,0.017947500719557072,-0.0,-0.0,0.03371525
2019-04-02 07:00:00,0.03929059999999999,-0.0,-0.0,0.0,-0.0,-0.0,0.03929059999999999
2019-04-02 08:00:00,0.04099913,-0.0,-0.0,0.0,-0.0,-0.0,0.04099913
2019-04-02 09:00:00,0.04831153,-0.0,-0.0,0.0,-0.0,-0.0,0.04831153
2019-04-02 10:00:00,0.05615908,-0.0,-0.0,0.0,-0.0,-0.0,0.05615908
2019-04-02 11:00:00,0.16153993741224157,-0.0,-0.0,0.0,0.10724319741224156,0.10188103754162947,0.05429674
2019-04-02 12:00:00,0.20746424962458287,-0.0,-0.0,0.0,0.13325520962458287,0.22847348668498318,0.07420904
2019-04-02 13:00:00,0.2125403974920145,-0.0,-0.0,0.0,0.1309334874920145,0.35286029980239697,0.08160691
2019-04-02 14:00:00,0.17400075629507827,-0.0,-0.0,0.0,0.08031669629507827,0.42916116128272136,0.09368406
2019-04-02 15:00:00,0.11409260116716755,-0.0,-0.0,0.0,0.06548094116716754,0.4913680553915305,0.04861166
2019-04-02 16:00:00,0.05761867149244917,-0.0,-0.0,0.0,0.0013537414924491703,0.4926541098093572,0.05626493
2019-04-02 17:00:00,0.017552707871871933,-0.0,-0.0,0.03489903212812806,-0.0,0.45591828651659083,0.05245174
2019-04-02 18:00:00,-0.0,-0.0,-0.0,0.09245563,-0.0,0.35859657072711715,0.09245563
2019-04-02 19:00:00,-0.0,3.967478005896411e-05,-0.0,0.08979315521994104,-0.0,0.2640774599692845,0.08983283
2019-04-02 20:00:00,-0.0,0.00015869912023585645,-0.0,0.024171650879764143,-0.0,0.23863361693795382,0.02433035
2019-04-02 21:00:00,-0.0,0.00047609736070756937,-0.0,0.03584163263929243,-0.0,0.2009055825808039,0.03631773
2019-04-02 22:00:00,-0.0,0.0008728451612972104,-0.0,0.025811744838702792,-0.0,0.1737353248558536,0.02668459
2019-04-02 23:00:00,-0.0,0.001031544281533067,-0.0,0.014781125718466934,-0.0,0.15817624515220421,0.01581267
2019-04-03 00:00:00,-0.0,0.0008331703812382464,-0.0,0.008492603618761752,-0.0,0.1492366623956129,0.009325773999999998
2019-04-03 01:00:00,-0.0,0.000714146041061354,-0.0,0.009904973958938645,-0.0,0.13881037401778273,0.01061912
2019-04-03 02:00:00,-0.0,0.0007538208211203181,-0.0,0.012811129178879681,-0.0,0.1253249748821199,0.01356495
2019-04-03 03:00:00,-0.0,0.0009521947214151387,-0.0,0.010487815278584861,-0.0,0.11428516932571481,0.01144001
2019-04-03 04:00:00,-0.0,0.0011108938416509952,-0.0,0.021576806158349008,-0.0,0.09157274179061059,0.0226877
2019-04-03 05:00:00,-0.0,0.001031544281533067,-0.0,0.020775045718466934,-0.0,0.06970427261327697,0.02180659
2019-04-03 06:00:00,-0.0,0.0009521947214151387,-0.0,0.04375614527858486,-0.0,0.023645172320029755,0.04470834
2019-04-03 07:00:00,0.02289483635461556,0.0009125199413561745,-0.0,0.022462913704028267,-0.0,-0.0,0.04627027
2019-04-03 08:00:00,0.04006282,-0.0,-0.0,0.0,-0.0,-0.0,0.04006282
2019-04-03 09:00:00,0.04625993,-0.0,-0.0,0.0,-0.0,-0.0,0.04625993
2019-04-03 10:00:00,0.02624893,-0.0,-0.0,0.0,-0.0,-0.0,0.02624893
2019-04-03 11:00:00,0.11800124109644111,-0.0,-0.0,0.0,0.03851133109644112,0.03658576454161906,0.07948991
2019-04-03 12:00:00,0.08105101999999999,-0.0,-0.0,0.0,-0.0,0.03658576454161906,0.08105101999999999
2019-04-03 13:00:00,0.18964556113739892,0.0005951217008844617,-0.0,0.0,0.12687631283828338,0.15711826173798826,0.06336437
2019-04-03 14:00:00,0.17056653084188594,0.0005157721407665335,-0.0,0.0,0.12182296298265248,0.2728500765715081,0.04925934
2019-04-03 15:00:00,0.13393479267450104,0.0005157721407665335,-0.0,0.0,0.09405508481526757,0.3622024071460123,0.04039548
2019-04-03 16:00:00,0.08394773330025707,0.0003967478005896411,-0.0,0.0,0.029106311100846702,0.3898534026918167,0.05523817
2019-04-03 17:00:00,0.03128960968464127,0.0004364225806486052,-0.0,0.024287577734710124,-0.0,0.36428753139212183,0.05601361
2019-04-03 18:00:00,-0.0,0.0007538208211203181,-0.0,0.06207827917887968,-0.0,0.29894197436172215,0.0628321
2019-04-03 19:00:00,-0.0,0.001467966862181672,-0.0,0.03919182313781833,-0.0,0.2576874236903344,0.04065979
2019-04-03 20:00:00,-0.0,0.0019837390029482055,-0.0,0.0329130809970518,-0.0,0.22304207527238515,0.03489682
2019-04-03 21:00:00,-0.0,0.0024201615835968107,-0.0,0.02232774841640319,-0.0,0.19953918220248706,0.02474791
2019-04-03 22:00:00,-0.0,0.002539185923773703,-0.0,0.018190634076226297,-0.0,0.18039114633277517,0.02072982
2019-04-03 23:00:00,-0.0,0.0023011372434199187,-0.0,0.018872322756580084,-0.0,0.16052554343111192,0.02117346
2019-04-04 00:00:00,-0.0,0.0019837390029482055,-0.0,0.0062170209970517955,-0.0,0.15398131080263636,0.008200760000000001
2019-04-04 01:00:00,-0.0,0.0017060155425354566,-0.0,0.007445636457464543,-0.0,0.14614379874214736,0.009151652
2019-04-04 02:00:00,-0.0,0.0015869912023585644,-0.0,0.007655263797641435,-0.0,0.13808562632357743,0.009242255
2019-04-04 03:00:00,-0.0,0.0015869912023585644,-0.0,0.008852578797641435,-0.0,0.12876712232606013,0.01043957
2019-04-04 04:00:00,-0.0,0.001428292082122708,-0.0,0.023730897917877292,-0.0,0.10378722978092614,0.02515919
2019-04-04 05:00:00,-0.0,0.0011108938416509952,-0.0,0.03629812615834901,-0.0,0.06557867593003246,0.03740902
2019-04-04 06:00:00,-0.0,0.0007934956011792822,-0.0,0.04899279439882071,-0.0,0.014007313404958026,0.04978629
2019-04-04 07:00:00,0.03128960968464127,0.0004364225806486052,-0.0,0.013306947734710126,-0.0,-0.0,0.04503298
2019-04-04 08:00:00,0.06243563000000001,-0.0,-0.0,0.0,-0.0,-0.0,0.06243563000000001
2019-04-04 09:00:00,0.07673283,-0.0,-0.0,0.0,-0.0,-0.0,0.07673283
2019-04-04 10:00:00,0.07390466999999999,-0.0,-0.0,0.0,-0.0,-0.0,0.07390466999999999
2019-04-04 11:00:00,0.09907451957760305,-0.0,-0.0,0.0,0.04261382957760305,0.04048313809872289,0.05646069
2019-04-04 12:00:00,0.21536390962458285,-0.0,-0.0,0.0,0.13325520962458287,0.1670755872420766,0.08210869999999999
2019-04-04 13:00:00,0.18612822962458286,-0.0,-0.0,0.0,0.13325520962458287,0.2936680363854303,0.05287302
2019-04-04 14:00:00,0.19231662537877073,-0.0,-0.0,0.0,0.13108836537877072,0.4182019834952625,0.06122826
2019-04-04 15:00:00,0.14729011388136012,-0.0,-0.0,0.0,0.09157307388136013,0.5051964036825546,0.05571704
2019-04-04 16:00:00,0.0873819587534494,-0.0,-0.0,0.0,0.029288878753449397,0.5330208384983315,0.05809308
2019-04-04 17:00:00,0.03090802907873101,0.00011902434017689234,-0.0,0.052216726581092096,-0.0,0.4780558631498135,0.08324378
2019-04-04 18:00:00,-0.0,0.0003173982404717129,-0.0,0.12781050175952827,-0.0,0.3435184928766259,0.1281279
2019-04-04 19:00:00,-0.0,0.0008728451612972104,-0.0,0.08404590483870279,-0.0,0.25504911936220187,0.08491875
2019-04-04 20:00:00,-0.0,0.0015473164222996004,-0.0,0.0504763835777004,-0.0,0.20191608401725408,0.0520237
2019-04-04 21:00:00,-0.0,0.0019043894428302775,-0.0,0.03350808055716972,-0.0,0.1666444202728649,0.03541247
2019-04-04 22:00:00,-0.0,0.0017456903225944208,-0.0,0.025185449677405578,-0.0,0.140133420612438,0.02693114
2019-04-04 23:00:00,-0.0,0.0011108938416509952,0.012572026158349004,0.0,-0.0,0.140133420612438,0.01368292
2019-04-05 00:00:00,-0.0,0.0005951217008844617,-0.0,0.011134538299115537,-0.0,0.12841285398179006,0.01172966
2019-04-05 01:00:00,-0.0,0.0002777234604127488,-0.0,0.010821206539587251,-0.0,0.11702211025590874,0.01109893
2019-04-05 02:00:00,-0.0,0.00015869912023585645,0.011132980879764144,0.0,-0.0,0.11702211025590874,0.01129168
2019-04-05 03:00:00,-0.0,0.00011902434017689234,0.006239571260450988,0.006087834399372119,-0.0,0.11061386351972756,0.01244643
2019-04-05 04:00:00,-0.0,3.967478005896411e-05,-0.0,0.017421925219941035,-0.0,0.09227499486715805,0.0174616
2019-04-05 05:00:00,-0.0,-0.0,0.014592673073353388,0.030025426926646615,-0.0,0.0606692823127932,0.0446181
2019-04-05 06:00:00,-0.0,-0.0,-0.0,0.04836367,-0.0,0.00976015599700373,0.04836367
2019-04-05 07:00:00,0.038921221802846455,-0.0,-0.0,0.009272148197153544,-0.0,-0.0,0.04819337
2019-04-05 08:00:00,0.04571756,-0.0,-0.0,0.0,-0.0,-0.0,0.04571756
2019-04-05 09:00:00,0.07378814,-0.0,-0.0,0.0,-0.0,-0.0,0.07378814
2019-04-05 10:00:00,0.08188348999999999,-0.0,-0.0,0.0,-0.0,-0.0,0.08188348999999999
2019-04-05 11:00:00,0.12337082759436807,-0.0,-0.0,0.0,0.05033417759436807,0.04781746871464966,0.07303665
2019-04-05 12:00:00,0.2075798496151811,-0.0,-0.0,0.0,0.1151461996151811,0.1572063583490717,0.09243365
2019-04-05 13:00:00,0.2003298181028862,-0.0,-0.0,0.0,0.12216423810288618,0.27326238454681356,0.07816558000000001
2019-04-05 14:00:00,0.17247443387143724,7.934956011792822e-05,-0.0,0.0,0.12469627343155518,0.39172384430679097,0.04785751
2019-04-05 15:00:00,0.1362242763099626,0.00023804868035378468,-0.0,0.0,0.08084952499031638,0.46853089304759155,0.0556128
2019-04-05 16:00:00,0.09005302299482121,0.0005951217008844617,-0.0,0.0,0.043432964695705664,0.5097922095085119,0.04721518
2019-04-05 17:00:00,0.03128960968464127,0.001071219061592031,-0.0,0.04775588125376669,-0.0,0.4595228608203364,0.08011671
2019-04-05 18:00:00,-0.0,0.0013489425220047798,-0.0,0.08603531747799521,-0.0,0.36895936873823615,0.08738425999999999
2019-04-05 19:00:00,-0.0,0.0015076416422406362,-0.0,0.04831674835775937,-0.0,0.31809963362480526,0.04982439
2019-04-05 20:00:00,-0.0,0.001388617302063744,-0.0,0.05332792269793626,-0.0,0.2619649781532934,0.05471654
2019-04-05 21:00:00,-0.0,0.0011902434017689234,-0.0,0.03809691659823108,-0.0,0.2218629606814712,0.03928716
2019-04-05 22:00:00,-0.0,0.0008331703812382464,-0.0,0.019645829618761754,-0.0,0.20118314003014304,0.020479
2019-04-05 23:00:00,-0.0,0.0003967478005896411,-0.0,0.018690182199410356,-0.0,0.18150926403076373,0.01908693
2019-04-06 00:00:00,-0.0,0.00011902434017689234,-0.0,0.009821053659823107,-0.0,0.1711713128098973,0.009940078
2019-04-06 01:00:00,-0.0,3.967478005896411e-05,-0.0,0.014935115219941036,-0.0,0.1554501388941699,0.01497479
2019-04-06 02:00:00,-0.0,-0.0,-0.0,0.01245628,-0.0,0.14233826520995937,0.01245628
2019-04-06 03:00:00,-0.0,-0.0,-0.0,0.01062138,-0.0,0.13115786520995937,0.01062138
2019-04-06 04:00:00,-0.0,-0.0,-0.0,0.02590352,-0.0,0.10389100205206464,0.02590352
2019-04-06 05:00:00,-0.0,7.934956011792822e-05,-0.0,0.03682442043988207,-0.0,0.06512845422060984,0.03690377
2019-04-06 06:00:00,-0.0,0.00023804868035378468,-0.0,0.041294491319646215,-0.0,0.02166056862098225,0.04153254
2019-04-06 07:00:00,0.035486996349654125,0.0002777234604127488,-0.0,0.020577540189933137,-0.0,-0.0,0.05634226000000001
2019-04-06 08:00:00,0.05527446,-0.0,-0.0,0.0,-0.0,-0.0,0.05527446
2019-04-06 09:00:00,0.05575333,-0.0,-0.0,0.0,-0.0,-0.0,0.05575333
2019-04-06 10:00:00,0.05019338,-0.0,-0.0,0.0,-0.0,-0.0,0.05019338
2019-04-06 11:00:00,0.07546004,-0.0,-0.0,0.0,-0.0,-0.0,0.07546004
2019-04-06 12:00:00,0.18002757240733308,-0.0,-0.0,0.0,0.09750569240733307,0.09263040778696642,0.08252187999999999
2019-04-06 13:00:00,0.22589571869887354,-0.0,-0.0,0.0,0.13156722869887355,0.2176192750508963,0.09432849
2019-04-06 14:00:00,0.19033739962458288,-0.0,-0.0,0.0,0.13325520962458287,0.34421172419425,0.05708219
2019-04-06 15:00:00,0.15759279024093711,-0.0,-0.0,0.0,0.1229767902409371,0.46103967492314024,0.034616
2019-04-06 16:00:00,0.09425040965983407,0.0003967478005896411,-0.0,0.0,0.02906512746042371,0.4886515460105428,0.06558203
2019-04-06 17:00:00,0.035486996349654125,0.0005951217008844617,-0.0,0.027654261949461405,-0.0,0.4595417965900571,0.06373638
2019-04-06 18:00:00,-0.0,0.0008331703812382464,-0.0,0.09545643961876175,-0.0,0.3590613338334658,0.09628961
2019-04-06 19:00:00,-0.0,0.0009521947214151387,-0.0,0.04491101527858486,-0.0,0.3117865809086396,0.04586321
2019-04-06 20:00:00,-0.0,0.0009918695014741027,-0.0,0.04896009049852589,-0.0,0.2602496435417702,0.04995196
2019-04-06 21:00:00,-0.0,0.0011108938416509952,-0.0,0.03954744615834901,-0.0,0.21862075284877125,0.04065834
2019-04-06 22:00:00,-0.0,0.001031544281533067,-0.0,0.026515555718466935,-0.0,0.19070964156617448,0.0275471
2019-04-06 23:00:00,-0.0,0.0009125199413561745,-0.0,0.021043810058643826,-0.0,0.16855826255707573,0.02195633
2019-04-07 00:00:00,-0.0,0.0009125199413561745,-0.0,0.011653770058643827,-0.0,0.15629113617955592,0.01256629
2019-04-07 01:00:00,-0.0,0.0008728451612972104,-0.0,0.01167136483870279,-0.0,0.14400548898092141,0.01254421
2019-04-07 02:00:00,-0.0,0.000714146041061354,-0.0,0.009920753958938645,-0.0,0.13356259007677548,0.0106349
2019-04-07 03:00:00,-0.0,0.0005157721407665335,-0.0,0.011800837859233467,-0.0,0.12114065548810868,0.01231661
2019-04-07 04:00:00,-0.0,0.0005554469208254976,-0.0,0.030558783079174503,-0.0,0.0889735154047671,0.03111423
2019-04-07 05:00:00,-0.0,0.0007538208211203181,-0.0,0.04155493917887968,-0.0,0.04523147416384112,0.04230876
2019-04-07 06:00:00,0.0003815806059102594,0.0012299181818278874,-0.0,0.03520317121226185,-0.0,0.008175504466723382,0.03681467
2019-04-07 07:00:00,0.03968438301466697,0.0013092677419458158,-0.0,0.007766729243387213,-0.0,-0.0,0.04876038
2019-04-07 08:00:00,0.06770333879764143,0.0015869912023585644,-0.0,0.0,-0.0,-0.0,0.06929033
2019-04-07 09:00:00,0.04804595,-0.0,-0.0,0.0,-0.0,-0.0,0.04804595
2019-04-07 10:00:00,0.16026385448230893,-0.0,-0.0,0.0,0.08456555448230892,0.08033727675819347,0.07569830000000001
2019-04-07 11:00:00,0.16402213516780517,-0.0,-0.0,0.0,0.07010721516780517,0.14693913116760837,0.09391492
2019-04-07 12:00:00,0.19193504477286047,-0.0,-0.0,0.0,0.08633634477286047,0.2289586587018258,0.1055987
2019-04-07 13:00:00,0.18964556113739892,-0.0,-0.0,0.0,0.10247397113739892,0.3263089312823548,0.08717159
2019-04-07 14:00:00,0.16789546660051413,-0.0,-0.0,0.0,0.09867124660051413,0.42004661555284317,0.06922422
2019-04-07 15:00:00,0.13202688964494974,-0.0,-0.0,0.0,0.08312840964494975,0.49901860471554543,0.04889848
2019-04-07 16:00:00,0.07784244360569291,-0.0,-0.0,0.0,0.017773523605692912,0.5159034521409537,0.06006892
2019-04-07 17:00:00,0.024802739384166862,0.00019837390029482055,-0.0,0.027330516715538315,-0.0,0.4871344871772291,0.05233163
2019-04-07 18:00:00,-0.0,0.0006744712610023899,-0.0,0.1179632287389976,-0.0,0.3629626674519685,0.1186377
2019-04-07 19:00:00,-0.0,0.0009918695014741027,-0.0,0.0895692904985259,-0.0,0.26867920376930965,0.09056116
2019-04-07 20:00:00,-0.0,0.001031544281533067,-0.0,0.04449545571846693,-0.0,0.2218418819603971,0.045527
2019-04-07 21:00:00,-0.0,0.0005554469208254976,-0.0,0.0315706430791745,-0.0,0.18860962608758186,0.03212609
2019-04-07 22:00:00,-0.0,0.0003173982404717129,-0.0,0.02364408175952829,-0.0,0.16372111897228894,0.02396148
2019-04-07 23:00:00,-0.0,0.00019837390029482055,-0.0,0.01846202609970518,-0.0,0.14428740728838876,0.0186604
2019-04-08 00:00:00,-0.0,0.00015869912023585645,-0.0,0.010159580879764145,-0.0,0.13359311162547913,0.01031828
2019-04-08 01:00:00,-0.0,0.00011902434017689234,-0.0,0.009499624659823108,-0.0,0.12359350672040216,0.009618649
2019-04-08 02:00:00,-0.0,7.934956011792822e-05,-0.0,0.009757189439882071,-0.0,0.1133227809942105,0.009836539
2019-04-08 03:00:00,-0.0,7.934956011792822e-05,-0.0,0.010909600439882072,-0.0,0.10183899105749253,0.01098895
2019-04-08 04:00:00,-0.0,7.934956011792822e-05,-0.0,0.025837830439882074,-0.0,0.07464127480498509,0.02591718
2019-04-08 05:00:00,-0.0,7.934956011792822e-05,-0.0,0.030793110439882074,-0.0,0.04222747434195132,0.03087246
2019-04-08 06:00:00,-0.0,0.00011902434017689234,-0.0,0.02773808565982311,-0.0,0.01302948943687437,0.02785711
2019-04-08 07:00:00,0.02289483635461556,0.00023804868035378468,-0.0,0.012378014965030652,-0.0,-0.0,0.0355109
2019-04-08 08:00:00,0.03832459999999999,-0.0,-0.0,0.0,-0.0,-0.0,0.03832459999999999
2019-04-08 09:00:00,0.05293752,-0.0,-0.0,0.0,-0.0,-0.0,0.05293752
2019-04-08 10:00:00,0.1353620738825499,-0.0,-0.0,0.0,0.10432719388254989,0.0991108341884224,0.03103488
2019-04-08 11:00:00,0.16789546660051413,-0.0,-0.0,0.0,0.07940524660051414,0.17454581845891082,0.08849022
2019-04-08 12:00:00,0.17743498174827063,-0.0,-0.0,0.0,0.049142781748270636,0.22123146111976794,0.1282922
2019-04-08 13:00:00,0.17743498174827063,-0.0,-0.0,0.0,0.07539988174827063,0.29286134878062503,0.1020351
2019-04-08 14:00:00,0.15721120963502686,-0.0,-0.0,0.0,0.09325432963502686,0.38145296193390055,0.06395688
2019-04-08 15:00:00,0.11981631025582144,-0.0,-0.0,0.0,0.08021962025582144,0.45766160117693094,0.03959669
2019-04-08 16:00:00,0.07250031512294929,3.967478005896411e-05,-0.0,0.0,0.014070259903008253,0.4710283480847888,0.05846973
2019-04-08 17:00:00,0.02289483635461556,0.00011902434017689234,-0.0,0.03693992930520755,-0.0,0.43214421197404396,0.05995379
2019-04-08 18:00:00,-0.0,0.00019837390029482055,-0.0,0.10826122609970518,-0.0,0.3181850266059333,0.1084596
2019-04-08 19:00:00,-0.0,0.000357073020530677,-0.0,0.06372751697946934,-0.0,0.25110342978543926,0.06408459000000001
2019-04-08 20:00:00,-0.0,0.00047609736070756937,-0.0,0.05366692263929243,-0.0,0.19461193227039458,0.05414302
2019-04-08 21:00:00,-0.0,0.0005157721407665335,-0.0,0.03486948785923347,-0.0,0.15790720820804358,0.03538526
2019-04-08 22:00:00,-0.0,0.00047609736070756937,-0.0,0.02302079263929243,-0.0,0.13367479490352524,0.02349689
2019-04-08 23:00:00,-0.0,0.0003173982404717129,-0.0,0.015024561759528286,-0.0,0.11785946673560074,0.01534196
2019-04-09 00:00:00,-0.0,0.00023804868035378468,-0.0,0.009050561319646216,-0.0,0.10833256008334156,0.009288610000000001
2019-04-09 01:00:00,-0.0,0.00015869912023585645,-0.0,0.008816786879764144,-0.0,0.09905173178885299,0.008975486
2019-04-09 02:00:00,-0.0,0.00011902434017689234,-0.0,0.007478121659823108,-0.0,0.09118002477851288,0.007597146000000001
2019-04-09 03:00:00,-0.0,7.934956011792822e-05,-0.0,0.008924917439882071,-0.0,0.0817853748417949,0.009004267
2019-04-09 04:00:00,-0.0,7.934956011792822e-05,-0.0,0.018752410439882072,-0.0,0.06204599543139273,0.01883176
2019-04-09 05:00:00,-0.0,3.967478005896411e-05,-0.0,0.025678365219941036,-0.0,0.03501613730513901,0.02571804
2019-04-09 06:00:00,-0.0,7.934956011792822e-05,-0.0,0.03326533043988206,-0.0,-0.0,0.03334467999999999
2019-04-09 07:00:00,0.03359402,-0.0,-0.0,0.0,-0.0,-0.0,0.03359402
2019-04-09 08:00:00,0.0533793,-0.0,-0.0,0.0,-0.0,-0.0,0.0533793
2019-04-09 09:00:00,0.06280254,-0.0,-0.0,0.0,-0.0,-0.0,0.06280254
2019-04-09 10:00:00,0.07226980000000001,-0.0,-0.0,0.0,-0.0,-0.0,0.07226980000000001
2019-04-09 11:00:00,0.13641228503395225,-0.0,-0.0,0.0,0.06603620503395223,0.06273439478225462,0.07037608000000001
2019-04-09 12:00:00,0.20686579962458287,-0.0,-0.0,0.0,0.13325520962458287,0.18932684392560833,0.07361059
2019-04-09 13:00:00,0.20717199962458288,-0.0,-0.0,0.0,0.13325520962458287,0.31591929306896205,0.07391679000000001
2019-04-09 14:00:00,0.18010604598964242,0.00019837390029482055,-0.0,0.0,0.12035336988993724,0.4302549944644024,0.05995105
2019-04-09 15:00:00,0.12897424479766767,0.0002777234604127488,-0.0,0.0,0.08329056825808043,0.5093810343095788,0.0459614
2019-04-09 16:00:00,0.07288189572885954,0.00023804868035378468,-0.0,0.0,0.02488400440921333,0.5330208384983315,0.04823594
2019-04-09 17:00:00,0.02556590059598738,0.00023804868035378468,-0.0,0.06522572072365884,-0.0,0.4643621851050064,0.09102967
2019-04-09 18:00:00,-0.0,0.00019837390029482055,-0.0,0.08739955609970518,-0.0,0.3723626523684746,0.08759793
2019-04-09 19:00:00,-0.0,0.00019837390029482055,-0.0,0.08310842609970517,-0.0,0.2848800985793113,0.0833068
2019-04-09 20:00:00,-0.0,0.0002777234604127488,-0.0,0.03205651653958725,-0.0,0.25113639695869316,0.03233424
2019-04-09 21:00:00,-0.0,0.0003173982404717129,-0.0,0.03215826175952829,-0.0,0.21728559510655812,0.03247566
2019-04-09 22:00:00,-0.0,0.0002777234604127488,-0.0,0.02734576653958725,-0.0,0.18850057769646628,0.02762349
2019-04-09 23:00:00,-0.0,0.00015869912023585645,0.0075593742792163824,0.0052593666005477605,-0.0,0.18296440232746863,0.01297744
2019-04-10 00:00:00,-0.0,0.00011902434017689234,-0.0,0.016427805659823106,-0.0,0.16567197531712852,0.01654683
2019-04-10 01:00:00,-0.0,7.934956011792822e-05,-0.0,0.010911670439882072,-0.0,0.15418600643304212,0.01099102
2019-04-10 02:00:00,-0.0,3.967478005896411e-05,-0.0,0.013081195219941036,-0.0,0.14041632725415681,0.01312087
2019-04-10 03:00:00,-0.0,3.967478005896411e-05,-0.0,0.016027885219941036,-0.0,0.12354486912790308,0.01606756
2019-04-10 04:00:00,-0.0,3.967478005896411e-05,-0.0,0.033473535219941036,-0.0,0.0883095688963862,0.03351321
2019-04-10 05:00:00,-0.0,3.967478005896411e-05,0.014592673073353388,0.02694233214658765,-0.0,0.059949219268399204,0.04157468
2019-04-10 06:00:00,0.0003815806059102594,7.934956011792822e-05,-0.0,0.04271856983397181,-0.0,0.014982303653692037,0.0431795
2019-04-10 07:00:00,0.039302802408756714,0.00015869912023585645,-0.0,0.014233188471007435,-0.0,-0.0,0.05369469
2019-04-10 08:00:00,0.04978397,-0.0,-0.0,0.0,-0.0,-0.0,0.04978397
2019-04-10 09:00:00,0.0539183,-0.0,-0.0,0.0,-0.0,-0.0,0.0539183
2019-04-10 10:00:00,0.1397449468487902,-0.0,-0.0,0.0,0.06021317684879023,0.05720251800635072,0.07953176999999999
2019-04-10 11:00:00,0.21597462294520678,-0.0,-0.0,0.0,0.11970748294520678,0.17092462680429715,0.09626714
2019-04-10 12:00:00,0.21750094536884784,0.00015869912023585645,-0.0,0.0,0.0952879444890837,0.2614481740689267,0.1223717
2019-04-10 13:00:00,0.20605352719154008,0.00023804868035378468,-0.0,0.0,0.12234554587189386,0.37767644264722583,0.08394602999999999
2019-04-10 14:00:00,0.17743498174827063,0.0003967478005896411,-0.0,0.0,0.08477368954886026,0.4582114477186431,0.09305804000000001
2019-04-10 15:00:00,0.13660585691587285,0.0006744712610023899,-0.0,0.0,0.07106360817687525,0.5257218754866746,0.06621671999999999
2019-04-10 16:00:00,0.08509247511798784,0.0011108938416509952,-0.0,0.0,0.007683118959638843,0.5330208384983315,0.07852025
2019-04-10 17:00:00,0.03243435150237205,0.0011505686217099594,-0.0,0.03491480987591798,-0.0,0.49626840704999675,0.06849973
2019-04-10 18:00:00,-0.0,0.0008728451612972104,0.006905945214119911,0.13325520962458287,-0.0,0.3559997653399095,0.141034
2019-04-10 19:00:00,-0.0,0.0007934956011792822,0.013979305024165136,0.09526449937465559,-0.0,0.2557213449455352,0.1100373
2019-04-10 20:00:00,-0.0,0.0007538208211203181,-0.0,0.05545986917887968,-0.0,0.1973425352835566,0.05621369
2019-04-10 21:00:00,-0.0,0.0005951217008844617,0.014592673073353388,0.022919465225762152,-0.0,0.1732167824143333,0.03810726
2019-04-10 22:00:00,-0.0,0.00047609736070756937,-0.0,0.02820938263929243,-0.0,0.14352269542560442,0.02868548
2019-04-10 23:00:00,-0.0,0.000357073020530677,0.014592673073353388,0.006788663906115934,-0.0,0.1363767334191666,0.02173841
2019-04-11 00:00:00,-0.0,0.00023804868035378468,-0.0,0.010770131319646215,-0.0,0.12503975308269688,0.01100818
2019-04-11 01:00:00,-0.0,0.00011902434017689234,-0.0,0.010798425659823108,-0.0,0.11367298923025151,0.01091745
2019-04-11 02:00:00,-0.0,7.934956011792822e-05,-0.0,0.01169729043988207,-0.0,0.1013600519251125,0.01177664
2019-04-11 03:00:00,-0.0,3.967478005896411e-05,-0.0,0.009269374219941036,-0.0,0.09160281590412193,0.009309049
2019-04-11 04:00:00,-0.0,-0.0,-0.0,0.02065037,-0.0,0.06986558432517456,0.02065037
2019-04-11 05:00:00,-0.0,-0.0,-0.0,0.03871993,-0.0,0.029107763272542983,0.03871993
2019-04-11 06:00:00,0.0011447418177307782,-0.0,0.014592673073353388,0.027652375108915835,-0.0,-0.0,0.04338979
2019-04-11 07:00:00,0.03843925,-0.0,-0.0,0.0,-0.0,-0.0,0.03843925
2019-04-11 08:00:00,0.07553748,-0.0,-0.0,0.0,-0.0,-0.0,0.07553748
2019-04-11 09:00:00,0.0491215,-0.0,-0.0,0.0,-0.0,-0.0,0.0491215
2019-04-11 10:00:00,0.06148732,-0.0,-0.0,0.0,-0.0,-0.0,0.06148732
2019-04-11 11:00:00,0.09444905,-0.0,-0.0,0.0,-0.0,-0.0,0.09444905
2019-04-11 12:00:00,0.1419566567405754,-0.0,-0.0,0.0,0.0668109767405754,0.06347042790354662,0.07514567999999999
2019-04-11 13:00:00,0.20320602962458287,-0.0,-0.0,0.0,0.13325520962458287,0.19006287704690034,0.06995082
2019-04-11 14:00:00,0.19224583962458286,-0.0,-0.0,0.0,0.13325520962458287,0.31665532619025405,0.05899063
2019-04-11 15:00:00,0.16522440235914232,0.0007538208211203181,-0.0,0.0,0.11879357318026265,0.42950922071150355,0.04718464999999999
2019-04-11 16:00:00,0.10302676359577004,0.001467966862181672,-0.0,0.0,0.05664449045795171,0.48332148664655766,0.04785024
2019-04-11 17:00:00,0.03701331877329516,0.0021821129032430263,-0.0,0.016719828323461812,-0.0,0.46572166735870313,0.05591526
2019-04-11 18:00:00,-0.0,0.002737559824068524,-0.0,0.08944712017593148,-0.0,0.37156680401561737,0.09218468
2019-04-11 19:00:00,-0.0,0.0032930067448940213,-0.0,0.09014717325510598,-0.0,0.2766750426944532,0.09344018
2019-04-11 20:00:00,-0.0,0.0034913806451888417,-0.0,0.020203359354811157,-0.0,0.25540834863675727,0.02369474
2019-04-11 21:00:00,-0.0,0.0034120310850709133,-0.0,0.048872468914929086,-0.0,0.20396364451577928,0.0522845
2019-04-11 22:00:00,-0.0,0.002737559824068524,-0.0,0.017717490175931473,-0.0,0.18531365485690404,0.02045505
2019-04-11 23:00:00,-0.0,0.002142438123184062,-0.0,0.01350984187681594,-0.0,0.171092768670782,0.01565228
2019-04-12 00:00:00,-0.0,0.0015869912023585644,-0.0,0.013969178797641434,-0.0,0.15638836993642258,0.01555617
2019-04-12 01:00:00,-0.0,0.0012299181818278874,-0.0,0.008885981818172113,-0.0,0.14703470486466247,0.0101159
2019-04-12 02:00:00,-0.0,0.001031544281533067,-0.0,0.012156415718466934,-0.0,0.13423847779259201,0.01318796
2019-04-12 03:00:00,-0.0,0.0009521947214151387,-0.0,0.01246174527858486,-0.0,0.12112085118355531,0.01341394
2019-04-12 04:00:00,-0.0,0.0009521947214151387,-0.0,0.02965602527858486,-0.0,0.08990398246925546,0.03060822
2019-04-12 05:00:00,-0.0,0.0009125199413561745,-0.0,0.039566840058643825,-0.0,0.04825467714436722,0.04047936
2019-04-12 06:00:00,-0.0,0.0009125199413561745,-0.0,0.036076680058643826,-0.0,0.010279224451057941,0.0369892
2019-04-12 07:00:00,0.03167119029055153,0.0006347964809434258,-0.0,0.009765263228505044,-0.0,-0.0,0.04207125
2019-04-12 08:00:00,0.0584098,-0.0,-0.0,0.0,-0.0,-0.0,0.0584098
2019-04-12 09:00:00,0.07692486,-0.0,-0.0,0.0,-0.0,-0.0,0.07692486
2019-04-12 10:00:00,0.08145864,-0.0,-0.0,0.0,-0.0,-0.0,0.08145864
2019-04-12 11:00:00,0.17179087101781249,-0.0,-0.0,0.0,0.042353371017812474,0.04023570246692185,0.1294375
2019-04-12 12:00:00,0.2068166884033606,0.0002777234604127488,-0.0,0.0,0.13156721186377335,0.16522455373750652,0.07552719999999999
2019-04-12 13:00:00,0.1953692702260528,0.0007538208211203181,-0.0,0.0,0.13119187104717311,0.289856831232321,0.06493122
2019-04-12 14:00:00,0.16942178902415517,0.001467966862181672,-0.0,0.0,0.10297682588633685,0.38768481582434094,0.06791293
2019-04-12 15:00:00,0.1259215999503856,0.002102763343125098,-0.0,0.0,0.0619194332935107,0.4465082774531761,0.06610492999999999
2019-04-12 16:00:00,0.07593454057614162,0.002142438123184062,-0.0,0.0,0.01729428869932568,0.4629378517175355,0.06078269
2019-04-12 17:00:00,0.02594748120189764,0.0019043894428302775,-0.0,0.02782641935527208,-0.0,0.43364688397514384,0.05567829
2019-04-12 18:00:00,-0.0,0.0016266659824175286,-0.0,0.10278353401758247,-0.0,0.32545369027242543,0.1044102
2019-04-12 19:00:00,-0.0,0.001428292082122708,-0.0,0.05759762791787729,-0.0,0.26482460825360726,0.05902592
2019-04-12 20:00:00,-0.0,0.0012299181818278874,-0.0,0.05319053181817211,-0.0,0.2088345747607945,0.05442045
2019-04-12 21:00:00,-0.0,0.001071219061592031,-0.0,0.04062968093840797,-0.0,0.16606648956247033,0.0417009
2019-04-12 22:00:00,-0.0,0.001071219061592031,-0.0,0.02356198093840797,-0.0,0.14126440436414614,0.0246332
2019-04-12 23:00:00,-0.0,0.0008728451612972104,-0.0,0.021305744838702793,-0.0,0.11883730453393267,0.02217859
2019-04-13 00:00:00,-0.0,0.0003967478005896411,-0.0,0.006199915199410359,-0.0,0.11231107800823756,0.006596663
2019-04-13 01:00:00,-0.0,7.934956011792822e-05,-0.0,0.010648600439882071,-0.0,0.10110202491362485,0.01072795
2019-04-13 02:00:00,-0.0,-0.0,-0.0,0.007044338,-0.0,0.09368693228204591,0.007044338
2019-04-13 03:00:00,-0.0,3.967478005896411e-05,-0.0,0.008371191219941038,-0.0,0.08487515205052903,0.008410866000000001
2019-04-13 04:00:00,-0.0,7.934956011792822e-05,-0.0,0.019744130439882074,-0.0,0.06409185685065318,0.01982348
2019-04-13 05:00:00,-0.0,3.967478005896411e-05,-0.0,0.028152555219941033,-0.0,0.034457588198083665,0.02819223
2019-04-13 06:00:00,0.0007631612118205187,-0.0,-0.0,0.03273470878817948,-0.0,-0.0,0.03349787
2019-04-13 07:00:00,0.02106254,-0.0,-0.0,0.0,-0.0,-0.0,0.02106254
2019-04-13 08:00:00,0.0563807,-0.0,-0.0,0.0,-0.0,-0.0,0.0563807
2019-04-13 09:00:00,0.05030288,-0.0,-0.0,0.0,-0.0,-0.0,0.05030288
2019-04-13 10:00:00,0.06184497000000001,-0.0,-0.0,0.0,-0.0,-0.0,0.06184497000000001
2019-04-13 11:00:00,0.1258121744691844,-0.0,-0.0,0.0,0.036422954469184414,0.03460180674572519,0.08938921999999999
2019-04-13 12:00:00,0.21711936476293758,-0.0,-0.0,0.0,0.1305840747629376,0.1586566777705159,0.08653529
2019-04-13 13:00:00,0.2068166884033606,-0.0,-0.0,0.0,0.1253572384033606,0.27774605425370846,0.08145945
2019-04-13 14:00:00,0.17819814296009115,0.0005554469208254976,-0.0,0.0,0.09806570988091665,0.37090847864057924,0.08068788
2019-04-13 15:00:00,0.13584269570405233,0.0011505686217099594,-0.0,0.0,0.09613821432576229,0.4622397822500534,0.04085505
2019-04-13 16:00:00,0.08280299148252629,0.0015473164222996004,-0.0,0.0,0.033828727904825884,0.494377073759638,0.05052158
2019-04-13 17:00:00,0.03205277089646179,0.0017853651026533848,-0.0,0.04797070400088484,-0.0,0.44388159586396975,0.08180884000000001
2019-04-13 18:00:00,-0.0,0.0019440642228892415,-0.0,0.09846243577711075,-0.0,0.3402369266249058,0.1004065
2019-04-13 19:00:00,-0.0,0.0020234137830071695,-0.0,0.09662816621699281,-0.0,0.23852306744912385,0.09865157999999999
2019-04-13 20:00:00,-0.0,0.0017060155425354566,-0.0,0.04023075445746455,-0.0,0.19617490486231906,0.04193677000000001
2019-04-13 21:00:00,-0.0,0.0011505686217099594,-0.0,0.020323441378290043,-0.0,0.17478180867464532,0.02147401
2019-04-13 22:00:00,-0.0,0.0005951217008844617,-0.0,0.016910578299115537,-0.0,0.15698119993873422,0.0175057
2019-04-13 23:00:00,-0.0,0.00019837390029482055,-0.0,0.01820046609970518,-0.0,0.1378228145706235,0.01839884
2019-04-14 00:00:00,-0.0,3.967478005896411e-05,-0.0,0.010366145219941036,-0.0,0.12691108276015925,0.01040582
2019-04-14 01:00:00,-0.0,-0.0,-0.0,0.01226133,-0.0,0.11400441960226451,0.01226133
2019-04-14 02:00:00,-0.0,-0.0,-0.0,0.01121917,-0.0,0.10219476697068557,0.01121917
2019-04-14 03:00:00,-0.0,-0.0,-0.0,0.01565845,-0.0,0.08571218802331715,0.01565845
2019-04-14 04:00:00,-0.0,-0.0,-0.0,0.02649875,-0.0,0.05781876697068557,0.02649875
2019-04-14 05:00:00,-0.0,3.967478005896411e-05,-0.0,0.027124205219941036,-0.0,0.029266972002326586,0.02716388
2019-04-14 06:00:00,0.0011447418177307782,3.967478005896411e-05,-0.0,0.027803623402210258,-0.0,-0.0,0.02898804
2019-04-14 07:00:00,0.02515619,-0.0,-0.0,0.0,-0.0,-0.0,0.02515619
2019-04-14 08:00:00,0.04884158,-0.0,-0.0,0.0,-0.0,-0.0,0.04884158
2019-04-14 09:00:00,0.0517958,-0.0,-0.0,0.0,-0.0,-0.0,0.0517958
2019-04-14 10:00:00,0.06045647000000001,-0.0,-0.0,0.0,-0.0,-0.0,0.06045647000000001
2019-04-14 11:00:00,0.15528309206973098,-0.0,-0.0,0.0,0.06279526206973098,0.05965549896624442,0.09248783000000001
2019-04-14 12:00:00,0.18152069962458287,-0.0,-0.0,0.0,0.13325520962458287,0.18624794810959813,0.04826549
2019-04-14 13:00:00,0.21559304233929652,0.00023804868035378468,-0.0,0.0,0.1208699310196503,0.3010743825782659,0.09496116
2019-04-14 14:00:00,0.18544817447238607,0.00047609736070756937,-0.0,0.0,0.11293042183309364,0.40835828331970486,0.07299385
2019-04-14 15:00:00,0.14232956600452676,0.0006347964809434258,-0.0,0.0,0.09126638248547018,0.4950613466809015,0.05169798
2019-04-14 16:00:00,0.09081618420664173,0.0007934956011792822,-0.0,0.0,0.03995735980782101,0.5330208384983315,0.05165232
2019-04-14 17:00:00,0.0347238351378336,0.0008331703812382464,0.008077654480928155,0.0,-0.0,0.5330208384983315,0.04363466
2019-04-14 18:00:00,-0.0,0.0007934956011792822,0.014592673073353388,0.051867111325467334,-0.0,0.4784238792083659,0.06725328
2019-04-14 19:00:00,-0.0,0.0008331703812382464,-0.0,0.06590349961876175,-0.0,0.4090517743465114,0.06673667
2019-04-14 20:00:00,-0.0,0.00047609736070756937,-0.0,0.07454915263929243,-0.0,0.33057898209462466,0.07502525
2019-04-14 21:00:00,-0.0,0.00019837390029482055,0.014592673073353388,0.02210598302635179,-0.0,0.30730952627741226,0.03689703
2019-04-14 22:00:00,-0.0,7.934956011792822e-05,-0.0,0.03222056043988206,-0.0,0.2733931468670101,0.03229990999999999
2019-04-14 23:00:00,-0.0,3.967478005896411e-05,-0.0,0.017782825219941036,-0.0,0.25467438347759846,0.0178225
2019-04-15 00:00:00,-0.0,3.967478005896411e-05,-0.0,0.013265875219941036,-0.0,0.24071030429871315,0.01330555
2019-04-15 01:00:00,-0.0,-0.0,0.007288948999999999,0.0,-0.0,0.24071030429871315,0.007288948999999999
2019-04-15 02:00:00,-0.0,-0.0,-0.0,0.01028639,-0.0,0.22988252535134474,0.01028639
2019-04-15 03:00:00,-0.0,-0.0,-0.0,0.01190637,-0.0,0.21734950429871316,0.01190637
2019-04-15 04:00:00,-0.0,-0.0,-0.0,0.01495877,-0.0,0.20160343061450264,0.01495877
2019-04-15 05:00:00,-0.0,3.967478005896411e-05,0.014592673073353388,0.008302692146587647,-0.0,0.19286375467072617,0.02293504
2019-04-15 06:00:00,-0.0,0.00019837390029482055,-0.0,0.02601336609970518,-0.0,0.16548126403945757,0.02621174
2019-04-15 07:00:00,0.02594748120189764,0.0003173982404717129,0.012375470557630643,0.0,-0.0,0.16548126403945757,0.03864035
2019-04-15 08:00:00,0.0629607999751928,0.0002777234604127488,-0.0,0.0,0.010453373435605547,0.17541196880328283,0.05278515
2019-04-15 09:00:00,0.09653989329529562,0.00019837390029482055,-0.0,0.0,0.04112743719559044,0.21448303413909375,0.05561083
2019-04-15 10:00:00,0.12057947146764196,0.00011902434017689234,-0.0,0.0,0.07052670580781885,0.28148340465652166,0.05017179
2019-04-15 11:00:00,0.13240847025086,7.934956011792822e-05,-0.0,0.0,0.053848539810977925,0.3326395174769507,0.07863928
2019-04-15 12:00:00,0.12935582540357793,3.967478005896411e-05,-0.0,0.0,0.032779750183636894,0.36378028015140573,0.09661575
2019-04-15 13:00:00,0.1156189235908086,-0.0,-0.0,0.0,0.0424129835908086,0.4040726145626739,0.07320594
2019-04-15 14:00:00,0.09463199026574433,-0.0,-0.0,0.0,0.04078639026574433,0.442819685315131,0.0538456
2019-04-15 15:00:00,0.06639502542838513,-0.0,-0.0,0.0,0.014734245428385126,0.4568172184720969,0.05166078
2019-04-15 16:00:00,0.03701331877329516,3.967478005896411e-05,-0.0,0.005284426446645875,-0.0,0.4512546643177328,0.04233742
2019-04-15 17:00:00,0.01297374060094882,3.967478005896411e-05,-0.0,0.024193144618992222,-0.0,0.425788196297741,0.03720656000000001
2019-04-15 18:00:00,-0.0,0.00011902434017689234,-0.0,0.08160471565982311,-0.0,0.33988849560319034,0.08172374
2019-04-15 19:00:00,-0.0,0.00011902434017689234,-0.0,0.05578619565982311,-0.0,0.28116618438232394,0.05590522
2019-04-15 20:00:00,-0.0,0.00011902434017689234,0.014592673073353388,0.023076882586469727,-0.0,0.2568747290281453,0.03778858
2019-04-15 21:00:00,-0.0,3.967478005896411e-05,0.014592673073353388,0.015283322146587645,-0.0,0.24078702150542144,0.02991567
2019-04-15 22:00:00,-0.0,3.967478005896411e-05,0.009356676531630097,0.011231448688310941,-0.0,0.22896444393877835,0.0206278
2019-04-15 23:00:00,-0.0,3.967478005896411e-05,0.014592673073353388,0.0018051421465876457,-0.0,0.22706429431079136,0.01643749
2019-04-16 00:00:00,-0.0,-0.0,-0.0,0.0132859,-0.0,0.21307913641605453,0.0132859
2019-04-16 01:00:00,-0.0,-0.0,-0.0,0.01133549,-0.0,0.20114704167921243,0.01133549
2019-04-16 02:00:00,-0.0,-0.0,-0.0,0.01031566,-0.0,0.19028845220552823,0.01031566
2019-04-16 03:00:00,-0.0,-0.0,0.01054716,0.0,-0.0,0.19028845220552823,0.01054716
2019-04-16 04:00:00,-0.0,-0.0,-0.0,0.02637169,-0.0,0.1625287785213177,0.02637169
2019-04-16 05:00:00,-0.0,-0.0,-0.0,0.03886363,-0.0,0.12161969431079139,0.03886363
2019-04-16 06:00:00,-0.0,-0.0,-0.0,0.04190464,-0.0,0.07750954694237033,0.04190464
2019-04-16 07:00:00,0.027473803625538674,3.967478005896411e-05,-0.0,0.020031931594402363,-0.0,0.05642330315878891,0.04754541
2019-04-16 08:00:00,0.06601344482247487,7.934956011792822e-05,-0.0,0.0,0.008303224382592803,0.06431136632225207,0.05778957
2019-04-16 09:00:00,0.101500441172129,3.967478005896411e-05,-0.0,0.0,0.062102275952187966,0.12330852847683063,0.03943784
2019-04-16 10:00:00,0.13240847025086,-0.0,-0.0,0.0,0.06222260025086,0.18241999871514764,0.07018587
2019-04-16 11:00:00,0.15263224236410378,-0.0,-0.0,0.0,0.052295042364103775,0.2321002889610462,0.1003372
2019-04-16 12:00:00,0.15454014539365507,-0.0,-0.0,0.0,0.05516041539365507,0.2845026835850185,0.09937973
2019-04-16 13:00:00,0.14080324358088572,3.967478005896411e-05,-0.0,0.0,0.04942596836094469,0.33145735352791594,0.09141695
2019-04-16 14:00:00,0.11142153692579573,7.934956011792822e-05,-0.0,0.0,0.05064316648591367,0.37956836168953395,0.06085772
2019-04-16 15:00:00,0.09081618420664173,3.967478005896411e-05,-0.0,0.0,0.04351807898670069,0.4209105367268996,0.04733778
2019-04-16 16:00:00,0.06639502542838513,-0.0,-0.0,0.0,0.0006078854283851354,0.42148802788386547,0.06578714
2019-04-16 17:00:00,0.02556590059598738,-0.0,0.014592673073353388,0.03201594633065924,-0.0,0.38778703174632945,0.07217452
2019-04-16 18:00:00,-0.0,-0.0,0.014592673073353388,0.07944601692664661,-0.0,0.3041596455077541,0.09403869000000001
2019-04-16 19:00:00,-0.0,-0.0,-0.0,0.1011775,-0.0,0.19765701392880675,0.1011775
2019-04-16 20:00:00,-0.0,-0.0,0.014592673073353388,0.03906204692664662,-0.0,0.1565390697954945,0.05365472
2019-04-16 21:00:00,-0.0,-0.0,-0.0,0.04021075,-0.0,0.11421196453233662,0.04021075
2019-04-16 22:00:00,-0.0,-0.0,-0.0,0.01923704,-0.0,0.09396244874286294,0.01923704
2019-04-16 23:00:00,-0.0,3.967478005896411e-05,0.014592673073353388,0.0034200121465876466,-0.0,0.09036243595698121,0.01805236
2019-04-17 00:00:00,-0.0,7.934956011792822e-05,0.00938483643988207,0.0,-0.0,0.09036243595698121,0.009464186
2019-04-17 01:00:00,-0.0,7.934956011792822e-05,0.008421109439882071,0.0,-0.0,0.09036243595698121,0.008500459
2019-04-17 02:00:00,-0.0,7.934956011792822e-05,-0.0,0.00829242243988207,-0.0,0.08163357023078956,0.008371772
2019-04-17 03:00:00,-0.0,0.00015869912023585645,0.005793931879764143,0.0,-0.0,0.08163357023078956,0.005952631
2019-04-17 04:00:00,-0.0,0.00011902434017689234,-0.0,0.02086140565982311,-0.0,0.05967419585202839,0.02098043
2019-04-17 05:00:00,-0.0,0.00011902434017689234,0.014592673073353388,0.022307172586469727,-0.0,0.03619296155048131,0.03701887
2019-04-17 06:00:00,-0.0,0.00023804868035378468,0.014592673073353388,0.03178126824629283,-0.0,0.002738994975436223,0.04661199
2019-04-17 07:00:00,0.027092223019628416,0.00023804868035378468,0.014592673073353388,0.002602045226664412,-0.0,-0.0,0.04452499
2019-04-17 08:00:00,0.06601344482247487,0.00011902434017689234,-0.0,0.0,0.010018929162651756,0.009517982704519168,0.05611354
2019-04-17 09:00:00,0.10455308601941107,-0.0,-0.0,0.0,0.05846989601941107,0.06506438392295968,0.04608319
2019-04-17 10:00:00,0.13660585691587285,-0.0,-0.0,0.0,0.08170227691587284,0.14268154699303887,0.05490358
2019-04-17 11:00:00,0.16942178902415517,-0.0,-0.0,0.0,0.11209565902415516,0.24917242306598625,0.05732613
2019-04-17 12:00:00,0.18430343265465526,3.967478005896411e-05,-0.0,0.0,0.07871490743471422,0.32395158512896477,0.1056282
2019-04-17 13:00:00,0.1709481114477962,0.00019837390029482055,-0.0,0.0,0.10446249534809103,0.42319095570965126,0.06668399
2019-04-17 14:00:00,0.1438558884281678,0.0003967478005896411,-0.0,0.0,0.05176240622875744,0.4723652416269708,0.09249022999999999
2019-04-17 15:00:00,0.11027679510806496,0.0005554469208254976,-0.0,0.0,0.05882128202889047,0.5282454595544167,0.05201095999999999
2019-04-17 16:00:00,0.06792134785202616,0.0006744712610023899,-0.0,0.0,0.0021293091130285546,0.5302683032117939,0.06646651
2019-04-17 17:00:00,0.02671064241371816,0.0006744712610023899,0.014592673073353388,0.004911503251926063,-0.0,0.5250982997887138,0.04688929
2019-04-17 18:00:00,-0.0,0.0008331703812382464,-0.0,0.08167340961876175,-0.0,0.43912628966370143,0.08250658
2019-04-17 19:00:00,-0.0,0.0011108938416509952,0.014592673073353388,0.0638014730849956,-0.0,0.37196684431107446,0.07950504
2019-04-17 20:00:00,-0.0,0.001031544281533067,-0.0,0.03718118571846693,-0.0,0.3328287540811093,0.03821273
2019-04-17 21:00:00,-0.0,0.0006347964809434258,-0.0,0.03990509351905658,-0.0,0.29082339248210237,0.04053989
2019-04-17 22:00:00,-0.0,0.000357073020530677,-0.0,0.021963886979469324,-0.0,0.267703511451082,0.02232096
2019-04-17 23:00:00,-0.0,0.00023804868035378468,0.014592673073353388,0.0002032582462928277,-0.0,0.2674895554023527,0.01503398
2019-04-18 00:00:00,-0.0,0.00023804868035378468,0.007792031319646215,0.0,-0.0,0.2674895554023527,0.00803008
2019-04-18 01:00:00,-0.0,0.00023804868035378468,-0.0,0.012113791319646215,-0.0,0.25473819611851456,0.01235184
2019-04-18 02:00:00,-0.0,0.00023804868035378468,-0.0,0.012012741319646214,-0.0,0.24209320525572908,0.01225079
2019-04-18 03:00:00,-0.0,0.0002777234604127488,-0.0,0.009998916539587252,-0.0,0.2315680299509004,0.01027664
2019-04-18 04:00:00,-0.0,0.0002777234604127488,-0.0,0.02747708653958725,-0.0,0.20264478096186117,0.02775481
2019-04-18 05:00:00,-0.0,0.00023804868035378468,0.014592673073353388,0.008704678246292829,-0.0,0.19348196175523713,0.0235354
2019-04-18 06:00:00,-0.0,0.00023804868035378468,-0.0,0.03624397131964621,-0.0,0.1553304129977148,0.03648202
2019-04-18 07:00:00,0.023657997566436082,0.00019837390029482055,-0.0,0.022798688533269097,-0.0,0.1313317934890105,0.04665506
2019-04-18 08:00:00,0.061052896945641505,7.934956011792822e-05,-0.0,0.0,0.0028276165057594324,0.13401802916948197,0.05830463
2019-04-18 09:00:00,0.09806621571893666,3.967478005896411e-05,-0.0,0.0,0.049226640498995625,0.1807833376435278,0.04887925
2019-04-18 10:00:00,0.12554001934447534,3.967478005896411e-05,-0.0,0.0,0.050454004124534296,0.22871464156183538,0.07512569000000001
2019-04-18 11:00:00,0.14232956600452676,3.967478005896411e-05,-0.0,0.0,0.06667204078458573,0.2920530803071918,0.07569719999999999
2019-04-18 12:00:00,0.1457637914577191,3.967478005896411e-05,-0.0,0.0,0.05938754623777806,0.3484712492330809,0.08641592
2019-04-18 13:00:00,0.13279005085677026,0.00011902434017689234,-0.0,0.0,0.06002834519694715,0.4054981771701807,0.07288073
2019-04-18 14:00:00,0.11065837571397522,0.0003173982404717129,-0.0,0.0,0.04527916395444692,0.4485133829269053,0.06569661
2019-04-18 15:00:00,0.07822402421160317,0.00047609736070756937,-0.0,0.0,0.03975376157231074,0.4862794564206005,0.03894636
2019-04-18 16:00:00,0.038921221802846455,0.0005951217008844617,-0.0,0.024408576496269076,-0.0,0.46058621800347516,0.06392492
2019-04-18 17:00:00,0.01335532120685908,0.0006744712610023899,0.014592673073353388,0.020547374458785142,-0.0,0.4389574027837013,0.04916984
2019-04-18 18:00:00,-0.0,0.000714146041061354,0.014592673073353388,0.06933997088558526,-0.0,0.3659679597462432,0.08464679
2019-04-18 19:00:00,-0.0,0.0006744712610023899,0.014592673073353388,0.05572218566564421,-0.0,0.3073130274666177,0.07098932999999999
2019-04-18 20:00:00,-0.0,0.0006347964809434258,-0.0,0.050543313519056575,-0.0,0.2541095395518213,0.05117811
2019-04-18 21:00:00,-0.0,0.000714146041061354,0.012768533958938646,0.0,-0.0,0.2541095395518213,0.01348268
2019-04-18 22:00:00,-0.0,0.0007934956011792822,-0.0,0.02603446439882072,-0.0,0.2267048401846416,0.02682796
2019-04-18 23:00:00,-0.0,0.0009918695014741027,-0.0,0.015420240498525898,-0.0,0.2104730080809301,0.01641211
2019-04-19 00:00:00,-0.0,0.0011108938416509952,0.014592673073353388,0.0005879130849956171,-0.0,0.20985415220198736,0.01629148
2019-04-19 01:00:00,-0.0,0.001071219061592031,-0.0,0.00814600693840797,-0.0,0.20127940805629477,0.009217226
2019-04-19 02:00:00,-0.0,0.0008331703812382464,0.010290759618761754,0.0,-0.0,0.20127940805629477,0.01112393
2019-04-19 03:00:00,-0.0,0.0004364225806486052,-0.0,0.007527589419351394,-0.0,0.1933556297201354,0.007964012
2019-04-19 04:00:00,-0.0,0.00019837390029482055,0.014592673073353388,0.021589493026351797,-0.0,0.1706298475871335,0.03638054
2019-04-19 05:00:00,-0.0,0.00015869912023585645,0.014592673073353388,0.016230097806410757,-0.0,0.15354553410670113,0.03098147
2019-04-19 06:00:00,-0.0,0.00023804868035378468,0.014592673073353388,0.021243458246292826,-0.0,0.1311839991106034,0.03607418
2019-04-19 07:00:00,0.020986933325064266,0.0004364225806486052,-0.0,0.03638482409428713,-0.0,0.0928841842745117,0.05780818
2019-04-19 08:00:00,0.05303970422152606,0.0003967478005896411,-0.0,0.011939227977884305,-0.0,0.08031657587673875,0.06537568
2019-04-19 09:00:00,0.08585563632980836,0.00015869912023585645,-0.0,0.0,0.03364733545004422,0.11228154455428076,0.052367
2019-04-19 10:00:00,0.11103995631988547,3.967478005896411e-05,-0.0,0.0,0.045114021099944446,0.155139864599228,0.06596561
2019-04-19 11:00:00,0.13355321206859078,3.967478005896411e-05,-0.0,0.0,0.04311578684864975,0.19609986210544525,0.09047709999999999
2019-04-19 12:00:00,0.13736901812769337,0.00011902434017689234,-0.0,0.0,0.034692742467870255,0.229057967449922,0.1027953
2019-04-19 13:00:00,0.1259215999503856,0.000357073020530677,-0.0,0.0,0.054876832970916264,0.28119095877229244,0.07140184000000001
2019-04-19 14:00:00,0.10417150541350081,0.0007538208211203181,-0.0,0.0,0.047822416234621135,0.32662225419518254,0.05710291
2019-04-19 15:00:00,0.07250031512294929,0.0011505686217099594,-0.0,0.0,0.026183183744659243,0.3514962787526088,0.0474677
2019-04-19 16:00:00,0.04540809210332086,0.0013092677419458158,-0.0,0.014310100154733323,-0.0,0.3364330154318369,0.06102746
2019-04-19 17:00:00,0.01717112726596167,0.0013489425220047798,0.014592673073353388,0.03178446713868016,-0.0,0.30297568160164723,0.06489721
2019-04-19 18:00:00,-0.0,0.001825039882712349,-0.0,0.09655416011728765,-0.0,0.2013397235834497,0.0983792
2019-04-19 19:00:00,-0.0,0.0026582102639505956,0.014592673073353388,0.047203646662696025,-0.0,0.1516516744648223,0.06445453000000001
2019-04-19 20:00:00,-0.0,0.0030152832844812724,-0.0,0.04077151671551873,-0.0,0.1087342884484868,0.0437868
2019-04-19 21:00:00,-0.0,0.0030549580645402364,0.014592673073353388,0.01664864886210639,-0.0,0.09120939490942745,0.03429628000000001
2019-04-19 22:00:00,-0.0,0.002935933724363344,0.014592673073353388,0.009951613202283266,-0.0,0.08073401259123454,0.02748022
2019-04-19 23:00:00,-0.0,0.002856584164245416,0.014592673073353388,0.004062512762401197,-0.0,0.07645768336765434,0.02151177
2019-04-20 00:00:00,-0.0,0.002777234604127488,0.008420905395872513,0.0,-0.0,0.07645768336765434,0.01119814
2019-04-20 01:00:00,-0.0,0.0026582102639505956,-0.0,0.003682942736049405,-0.0,0.07258090154023392,0.006341153
2019-04-20 02:00:00,-0.0,0.002499511143714739,-0.0,0.010143118856285261,-0.0,0.06190393432309153,0.01264263
2019-04-20 03:00:00,-0.0,0.0024201615835968107,0.010326628416403189,0.0,-0.0,0.06190393432309153,0.01274679
2019-04-20 04:00:00,-0.0,0.002578860703832667,0.014592673073353388,0.005420256222813944,-0.0,0.056198401456971595,0.02259179
2019-04-20 05:00:00,-0.0,0.00289625894430438,0.011658401607032362,0.011318639448663256,-0.0,0.04428404414258922,0.0258733
2019-04-20 06:00:00,-0.0,0.0030549580645402364,-0.0,0.04206984193545976,-0.0,-0.0,0.0451248
2019-04-20 07:00:00,0.03205277089646179,0.0022614624633609543,0.00929214664017726,0.0,-0.0,-0.0,0.04360638
2019-04-20 08:00:00,0.06757581621699284,0.0020234137830071695,-0.0,0.0,-0.0,-0.0,0.06959923000000001
2019-04-20 09:00:00,0.05413642,-0.0,-0.0,0.0,-0.0,-0.0,0.05413642
2019-04-20 10:00:00,0.06956897,-0.0,-0.0,0.0,-0.0,-0.0,0.06956897
2019-04-20 11:00:00,0.15678560753861115,-0.0,-0.0,0.0,0.042130507538611146,0.040023982161680585,0.1146551
2019-04-20 12:00:00,0.22017200961021965,0.002856584164245416,-0.0,0.0,0.12312376377446507,0.1569915577474224,0.09990483
2019-04-20 13:00:00,0.19390591962458287,-0.0,-0.0,0.0,0.13325520962458287,0.2835840068907761,0.06065071
2019-04-20 14:00:00,0.18086920720146293,0.004086502346073303,-0.0,0.0,0.11844070954753623,0.39610268096093554,0.066515
2019-04-20 15:00:00,0.14309272721634728,0.004007152785955375,-0.0,0.0,0.08676105000230265,0.47852567846312305,0.06033883
2019-04-20 16:00:00,0.09653989329529562,0.0034120310850709133,-0.0,0.0,0.026359104380366538,0.5035668276244712,0.07359282
2019-04-20 17:00:00,0.03968438301466697,0.002499511143714739,-0.0,0.02215469584161829,-0.0,0.4802460951596099,0.06433859
2019-04-20 18:00:00,-0.0,0.0017853651026533848,-0.0,0.11887963489734661,-0.0,0.3551096373729293,0.120665
2019-04-20 19:00:00,-0.0,0.0016266659824175286,-0.0,0.07097692401758246,-0.0,0.28039708577547406,0.07260359
2019-04-20 20:00:00,-0.0,0.0015076416422406362,-0.0,0.05548190835775936,-0.0,0.22199507697783263,0.05698955
2019-04-20 21:00:00,-0.0,0.0015473164222996004,-0.0,0.0242245635777004,-0.0,0.19649553636972694,0.02577188
2019-04-20 22:00:00,-0.0,0.001467966862181672,-0.0,0.01985643313781833,-0.0,0.1755940278036024,0.0213244
2019-04-20 23:00:00,-0.0,0.001388617302063744,-0.0,0.012650302697936256,-0.0,0.16227791970051159,0.01403892
2019-04-21 00:00:00,-0.0,0.001428292082122708,-0.0,0.011107147917877293,-0.0,0.15058618505011442,0.01253544
2019-04-21 01:00:00,-0.0,0.001467966862181672,-0.0,0.009163123137818327,-0.0,0.14094079227346357,0.01063109
2019-04-21 02:00:00,-0.0,0.0013489425220047798,-0.0,0.00937318747799522,-0.0,0.13107427913873176,0.01072213
2019-04-21 03:00:00,-0.0,0.0009918695014741027,-0.0,0.008983515498525897,-0.0,0.1216179470350203,0.009975385
2019-04-21 04:00:00,-0.0,0.000714146041061354,-0.0,0.022323173958938645,-0.0,0.09811986918350593,0.02303732
2019-04-21 05:00:00,-0.0,0.0004364225806486052,-0.0,0.0453259874193514,-0.0,0.05040830347892551,0.04576241
2019-04-21 06:00:00,0.0011447418177307782,0.00019837390029482055,-0.0,0.040018964281974406,-0.0,0.008283077918952456,0.04136208
2019-04-21 07:00:00,0.0385396411969362,3.967478005896411e-05,-0.0,0.007868924023004834,-0.0,-0.0,0.04644824
2019-04-21 08:00:00,0.05965435,-0.0,-0.0,0.0,-0.0,-0.0,0.05965435
2019-04-21 09:00:00,0.05050941,-0.0,-0.0,0.0,-0.0,-0.0,0.05050941
2019-04-21 10:00:00,0.05950561,-0.0,-0.0,0.0,-0.0,-0.0,0.05950561
2019-04-21 11:00:00,0.09675459643933175,-0.0,-0.0,0.0,0.0043938064393317525,0.004174116117365165,0.09236079
2019-04-21 12:00:00,0.22093517082204017,-0.0,-0.0,0.0,0.12005867082204018,0.11822985339830333,0.1008765
2019-04-21 13:00:00,0.21329398962458287,-0.0,-0.0,0.0,0.13325520962458287,0.24482230254165704,0.08003878
2019-04-21 14:00:00,0.19193504477286047,0.0003967478005896411,-0.0,0.0,0.10668531257345011,0.34617334948643463,0.08564648
2019-04-21 15:00:00,0.15186908115228323,0.0009918695014741027,-0.0,0.0,0.09266832065375734,0.43420825410750413,0.06019263
2019-04-21 16:00:00,0.09463199026574433,0.001825039882712349,-0.0,0.0,0.040679610148456676,0.472853883748538,0.05577742
2019-04-21 17:00:00,0.038158060591025944,0.0026582102639505956,-0.0,0.00424078914502346,-0.0,0.4683898951748291,0.04505706
2019-04-21 18:00:00,-0.0,0.0032930067448940213,-0.0,0.13180949325510596,-0.0,0.32964306016945444,0.1351025
2019-04-21 19:00:00,-0.0,0.0035310554252478057,-0.0,0.0686284145747522,-0.0,0.25740262377497847,0.07215947
2019-04-21 20:00:00,-0.0,0.00289625894430438,-0.0,0.035512351055695626,-0.0,0.22002120161108835,0.03840861
2019-04-21 21:00:00,-0.0,0.0018647146627713133,-0.0,0.04033171533722869,-0.0,0.1775667644140055,0.04219643
2019-04-21 22:00:00,-0.0,0.0009521947214151387,-0.0,0.022540005278584862,-0.0,0.15384044306812672,0.0234922
2019-04-21 23:00:00,-0.0,0.000357073020530677,-0.0,0.015601066979469322,-0.0,0.13741826730026427,0.01595814
2019-04-22 00:00:00,-0.0,0.00011902434017689234,-0.0,0.014632835659823108,-0.0,0.1220152823951873,0.01475186
2019-04-22 01:00:00,-0.0,7.934956011792822e-05,-0.0,0.004237515439882072,-0.0,0.11755473982689038,0.004316865
2019-04-22 02:00:00,-0.0,7.934956011792822e-05,-0.0,0.007706371439882072,-0.0,0.1094427698901724,0.007785721
2019-04-22 03:00:00,-0.0,3.967478005896411e-05,-0.0,0.007793342219941035,-0.0,0.10123925176391868,0.007833017
2019-04-22 04:00:00,-0.0,3.967478005896411e-05,-0.0,0.025222545219941033,-0.0,0.07468920416398075,0.02526222
2019-04-22 05:00:00,-0.0,-0.0,-0.0,0.03142344,-0.0,0.04161189890082287,0.03142344
2019-04-22 06:00:00,0.0007631612118205187,-0.0,-0.0,0.037338788788179485,-0.0,0.002307910702739204,0.03810195
2019-04-22 07:00:00,0.040829124832397756,-0.0,-0.0,0.0021925151676022436,-0.0,-0.0,0.04302164
2019-04-22 08:00:00,0.03486282,-0.0,-0.0,0.0,-0.0,-0.0,0.03486282
2019-04-22 09:00:00,0.05508328000000001,-0.0,-0.0,0.0,-0.0,-0.0,0.05508328000000001
2019-04-22 10:00:00,0.05456226,-0.0,-0.0,0.0,-0.0,-0.0,0.05456226
2019-04-22 11:00:00,0.11997928028818028,-0.0,-0.0,0.0,0.06671879028818027,0.06338285077377126,0.05326049
2019-04-22 12:00:00,0.07181243999999999,-0.0,-0.0,0.0,-0.0,0.06338285077377126,0.07181243999999999
2019-04-22 13:00:00,0.22207991263977095,-0.0,-0.0,0.0,0.10750251263977095,0.16551023778155366,0.1145774
2019-04-22 14:00:00,0.2003298181028862,0.00011902434017689234,-0.0,0.0,0.1249521224430631,0.2842147541024636,0.07549671999999999
2019-04-22 15:00:00,0.15606646781729608,0.00019837390029482055,-0.0,0.0,0.09862943171759089,0.37791271423417494,0.05763541
2019-04-22 16:00:00,0.101500441172129,0.000357073020530677,-0.0,0.0,0.05888548419265969,0.43385392421720165,0.04297202999999999
2019-04-22 17:00:00,0.03968438301466697,0.0006744712610023899,-0.0,0.0007901057243306503,-0.0,0.4330222339810641,0.04114896000000001
2019-04-22 18:00:00,-0.0,0.0009521947214151387,-0.0,0.09730486527858485,-0.0,0.33059606000360636,0.09825706
2019-04-22 19:00:00,-0.0,0.0009125199413561745,-0.0,0.049661670058643824,-0.0,0.2783206178366129,0.05057419
2019-04-22 20:00:00,-0.0,0.0007934956011792822,-0.0,0.038324754398820715,-0.0,0.23797877110101212,0.03911825
2019-04-22 21:00:00,-0.0,0.0008728451612972104,-0.0,0.03219381483870279,-0.0,0.2040905449550092,0.03306666
2019-04-22 22:00:00,-0.0,0.0009918695014741027,-0.0,0.0253311604985259,-0.0,0.17742616548287668,0.02632303
2019-04-22 23:00:00,-0.0,0.001071219061592031,-0.0,0.010730800938407968,-0.0,0.1661305855477104,0.01180202
2019-04-23 00:00:00,-0.0,0.001388617302063744,-0.0,0.010380582697936257,-0.0,0.15520365639198802,0.0117692
2019-04-23 01:00:00,-0.0,0.0016663407624764928,-0.0,0.009628059237523507,-0.0,0.14506885719459486,0.0112944
2019-04-23 02:00:00,-0.0,0.0016663407624764928,-0.0,0.007812182237523506,-0.0,0.13684550747088592,0.009478522999999999
2019-04-23 03:00:00,-0.0,0.0016663407624764928,-0.0,0.009332909237523508,-0.0,0.12702139248401906,0.01099925
2019-04-23 04:00:00,-0.0,0.0022217876833019903,-0.0,0.02298940231669801,-0.0,0.10282202162433693,0.02521119
2019-04-23 05:00:00,-0.0,0.003173982404717129,-0.0,0.042114637595282875,-0.0,0.05849082415561811,0.04528862
2019-04-23 06:00:00,0.0007631612118205187,0.0037691041056015905,-0.0,0.03689280468257789,-0.0,0.019656292910799286,0.04142507
2019-04-23 07:00:00,0.038158060591025944,0.002499511143714739,-0.0,0.018673478265259322,-0.0,-0.0,0.05933105
2019-04-23 08:00:00,0.06492911999999999,-0.0,-0.0,0.0,-0.0,-0.0,0.06492911999999999
2019-04-23 09:00:00,0.05522655000000001,-0.0,-0.0,0.0,-0.0,-0.0,0.05522655000000001
2019-04-23 10:00:00,0.07636517000000001,-0.0,-0.0,0.0,-0.0,-0.0,0.07636517000000001
2019-04-23 11:00:00,0.05809768,-0.0,-0.0,0.0,-0.0,-0.0,0.05809768
2019-04-23 12:00:00,0.15630368961364083,-0.0,-0.0,0.0,0.08067633961364083,0.07664252263295879,0.07562735000000001
2019-04-23 13:00:00,0.19514092962458288,-0.0,-0.0,0.0,0.13325520962458287,0.2032349717763125,0.06188572
2019-04-23 14:00:00,0.19762816962458288,-0.0,-0.0,0.0,0.13325520962458287,0.3298274209196662,0.06437296
2019-04-23 15:00:00,0.1614085963000397,0.000714146041061354,-0.0,0.0,0.11916513234110106,0.4430342966437122,0.04295761
2019-04-23 16:00:00,0.10302676359577004,0.00047609736070756937,-0.0,0.0,0.04424079095647761,0.4850630480523659,0.05926207
2019-04-23 17:00:00,0.04044754422648749,0.0003967478005896411,-0.0,0.03725555797292287,-0.0,0.44584667123876287,0.07809985
2019-04-23 18:00:00,-0.0,0.000357073020530677,-0.0,0.11492402697946932,-0.0,0.32487401126037413,0.1152811
2019-04-23 19:00:00,-0.0,0.0003967478005896411,-0.0,0.07519574219941036,-0.0,0.24572059841888955,0.07559249
2019-04-23 20:00:00,-0.0,0.0005951217008844617,-0.0,0.03857043829911554,-0.0,0.2051201370513995,0.03916556
2019-04-23 21:00:00,-0.0,0.0009521947214151387,-0.0,0.02664530527858486,-0.0,0.17707244728446808,0.0275975
2019-04-23 22:00:00,-0.0,0.0016266659824175286,-0.0,0.01579876401758247,-0.0,0.16044216937122338,0.01742543
2019-04-23 23:00:00,-0.0,0.0017060155425354566,-0.0,0.014261014457464544,-0.0,0.14543057520547123,0.01596703
2019-04-24 00:00:00,-0.0,0.0015076416422406362,-0.0,0.010043378357759364,-0.0,0.13485859798677716,0.01155102
2019-04-24 01:00:00,-0.0,0.001388617302063744,-0.0,0.008512688697936257,-0.0,0.1258978730415811,0.009901306
2019-04-24 02:00:00,-0.0,0.001388617302063744,-0.0,0.008783252697936256,-0.0,0.11665234388585873,0.01017187
2019-04-24 03:00:00,-0.0,0.0013092677419458158,-0.0,0.010352232258054185,-0.0,0.10575525729843327,0.0116615
2019-04-24 04:00:00,-0.0,0.0013092677419458158,-0.0,0.024366602258054183,-0.0,0.08010620228995519,0.02567587
2019-04-24 05:00:00,-0.0,0.0015473164222996004,-0.0,0.0316204535777004,-0.0,0.04682151431342846,0.03316777
2019-04-24 06:00:00,0.0007631612118205187,0.0020234137830071695,-0.0,0.03852643500517231,-0.0,0.006267372202720761,0.04131301
2019-04-24 07:00:00,0.03777647998511568,0.0015473164222996004,-0.0,0.005954003592584724,-0.0,-0.0,0.0452778
2019-04-24 08:00:00,0.0376312,-0.0,-0.0,0.0,-0.0,-0.0,0.0376312
2019-04-24 09:00:00,0.05705184,-0.0,-0.0,0.0,-0.0,-0.0,0.05705184
2019-04-24 10:00:00,0.07224876999999999,-0.0,-0.0,0.0,-0.0,-0.0,0.07224876999999999
2019-04-24 11:00:00,0.07309675,-0.0,-0.0,0.0,-0.0,-0.0,0.07309675
2019-04-24 12:00:00,0.14919215090029314,-0.0,-0.0,0.0,0.06671334090029314,0.06337767385527848,0.08247881
2019-04-24 13:00:00,0.1967763796245829,-0.0,-0.0,0.0,0.13325520962458287,0.1899701229986322,0.06352117
2019-04-24 14:00:00,0.18698056962458287,-0.0,-0.0,0.0,0.13325520962458287,0.3165625721419859,0.05372536
2019-04-24 15:00:00,0.15263224236410378,0.00011902434017689234,-0.0,0.0,0.10012268670428066,0.41167912451105254,0.05262858
2019-04-24 16:00:00,0.09425040965983407,0.000357073020530677,-0.0,0.0,0.04341833268036474,0.45292654055739906,0.05118915
2019-04-24 17:00:00,0.038158060591025944,0.0009918695014741027,-0.0,0.024219239907499954,-0.0,0.4274326038126623,0.06336917
2019-04-24 18:00:00,-0.0,0.001388617302063744,-0.0,0.09845244269793625,-0.0,0.32379845360430837,0.09984106
2019-04-24 19:00:00,-0.0,0.0013092677419458158,-0.0,0.08575645225805419,-0.0,0.23352850385898816,0.08706572
2019-04-24 20:00:00,-0.0,0.0009521947214151387,-0.0,0.021657205278584862,-0.0,0.2107314456710041,0.0226094
2019-04-24 21:00:00,-0.0,0.0007934956011792822,-0.0,0.04120370439882071,-0.0,0.16735912525119284,0.0419972
2019-04-24 22:00:00,-0.0,0.000714146041061354,-0.0,0.026630163958938646,-0.0,0.13932737371546797,0.02734431
2019-04-24 23:00:00,-0.0,0.0008728451612972104,-0.0,0.01944623483870279,-0.0,0.11885765283262292,0.02031908
2019-04-25 00:00:00,-0.0,0.0011902434017689234,-0.0,0.007981703598231076,-0.0,0.11045585957132706,0.009171947
2019-04-25 01:00:00,-0.0,0.001388617302063744,-0.0,0.005721667697936256,-0.0,0.10443305146823627,0.007110285
2019-04-25 02:00:00,-0.0,0.001467966862181672,-0.0,0.012910113137818327,-0.0,0.0908434586915854,0.01437808
2019-04-25 03:00:00,-0.0,0.0015473164222996004,-0.0,0.0081673585777004,-0.0,0.0822462391361113,0.009714674999999999
2019-04-25 04:00:00,-0.0,0.001388617302063744,-0.0,0.020706412697936258,-0.0,0.060450015243546824,0.02209503
2019-04-25 05:00:00,-0.0,0.001071219061592031,-0.0,0.02750702093840797,-0.0,0.03149525636101212,0.02857824
2019-04-25 06:00:00,0.0007631612118205187,0.0007538208211203181,-0.0,0.022840677967059166,-0.0,0.007452437448318263,0.02435766
2019-04-25 07:00:00,0.035105415743743866,0.00023804868035378468,-0.0,0.00707981557590235,-0.0,-0.0,0.04242328
2019-04-25 08:00:00,0.05106175,-0.0,-0.0,0.0,-0.0,-0.0,0.05106175
2019-04-25 09:00:00,0.05638391,-0.0,-0.0,0.0,-0.0,-0.0,0.05638391
2019-04-25 10:00:00,0.06919151999999999,-0.0,-0.0,0.0,-0.0,-0.0,0.06919151999999999
2019-04-25 11:00:00,0.05044812000000001,-0.0,-0.0,0.0,-0.0,-0.0,0.05044812000000001
2019-04-25 12:00:00,0.17427043709729234,-0.0,-0.0,0.0,0.10984168709729233,0.10434960274242772,0.06442874999999999
2019-04-25 13:00:00,0.18090022962458288,-0.0,-0.0,0.0,0.13325520962458287,0.23094205188578143,0.04764502
2019-04-25 14:00:00,0.17056653084188594,0.00023804868035378468,-0.0,0.0,0.11207453952223972,0.33741286443190915,0.05873004
2019-04-25 15:00:00,0.12439527752674456,0.0005951217008844617,-0.0,0.0,0.07305602922762902,0.40681609219815673,0.05193437
2019-04-25 16:00:00,0.07021083148748773,0.0012695929618868516,-0.0,0.0,0.01766321444937459,0.4235961459250626,0.05381721
2019-04-25 17:00:00,0.023657997566436082,0.001825039882712349,-0.0,0.011859092550851557,-0.0,0.41111289060837675,0.03734212999999999
2019-04-25 18:00:00,-0.0,0.0023408120234788823,-0.0,0.06713601797652112,-0.0,0.3404433980015124,0.06947683
2019-04-25 19:00:00,-0.0,0.0026185354838916316,-0.0,0.04631854451610837,-0.0,0.2916870353529773,0.04893708
2019-04-25 20:00:00,-0.0,0.0023804868035378467,-0.0,0.026685023196462154,-0.0,0.2635975372514382,0.02906551
2019-04-25 21:00:00,-0.0,0.002142438123184062,-0.0,0.03038830187681594,-0.0,0.23160985106531615,0.03253074
2019-04-25 22:00:00,-0.0,0.0018647146627713133,-0.0,0.019298955337228686,-0.0,0.21129516123665437,0.02116367
2019-04-25 23:00:00,-0.0,0.001467966862181672,-0.0,0.010502653137818327,-0.0,0.20023973688105615,0.01197062
2019-04-26 00:00:00,-0.0,0.0011108938416509952,-0.0,0.0064155821583490045,-0.0,0.19348649250384667,0.007526476
2019-04-26 01:00:00,-0.0,0.0008728451612972104,-0.0,0.00638377583870279,-0.0,0.18676672846310688,0.007256621
2019-04-26 02:00:00,-0.0,0.0006744712610023899,-0.0,0.0062434827389976095,-0.0,0.18019464136942517,0.006917954
2019-04-26 03:00:00,-0.0,0.0005554469208254976,-0.0,0.010137823079174503,-0.0,0.16952324865450463,0.01069327
2019-04-26 04:00:00,-0.0,0.00047609736070756937,-0.0,0.02568307263929243,-0.0,0.1424884353499863,0.02615917
2019-04-26 05:00:00,-0.0,0.00047609736070756937,-0.0,0.03502762263929243,-0.0,0.10561725362441529,0.03550372
2019-04-26 06:00:00,-0.0,0.0004364225806486052,-0.0,0.029392247419351397,-0.0,0.07467804581457171,0.02982867
2019-04-26 07:00:00,0.014881643630500116,0.0002777234604127488,-0.0,0.010266772909087134,-0.0,0.06387091643658525,0.02542614
2019-04-26 08:00:00,0.045026511497410604,0.00019837390029482055,-0.0,0.0,0.00666741539770542,0.07020496106440541,0.03855747
2019-04-26 09:00:00,0.08127666905888525,0.00015869912023585645,-0.0,0.0,0.021431418179121108,0.09056480833457045,0.06000395
2019-04-26 10:00:00,0.10684256965487264,7.934956011792822e-05,-0.0,0.0,0.04984446921499057,0.1379170540888115,0.05707745
2019-04-26 11:00:00,0.13355321206859078,-0.0,-0.0,0.0,0.07012129206859077,0.20453228155397274,0.06343192
2019-04-26 12:00:00,0.1446190496399883,-0.0,-0.0,0.0,0.08184075963998831,0.28228100321196165,0.06277829
2019-04-26 13:00:00,0.14042166297497546,-0.0,-0.0,0.0,0.04814894297497546,0.3280224990381883,0.09227272
2019-04-26 14:00:00,0.12668476116220612,3.967478005896411e-05,-0.0,0.0,0.06410707594226508,0.38892422118334014,0.06261736
2019-04-26 15:00:00,0.10035569935439823,0.00011902434017689234,-0.0,0.0,0.06134688369457512,0.4472037606931865,0.03912784
2019-04-26 16:00:00,0.06525028361065437,0.00023804868035378468,-0.0,0.0,0.01739024229100815,0.46372449086964423,0.04809809
2019-04-26 17:00:00,0.02671064241371816,0.0003967478005896411,-0.0,0.034989849785692195,-0.0,0.4268930700425998,0.06209724
2019-04-26 18:00:00,-0.0,0.00047609736070756937,-0.0,0.08493167263929242,-0.0,0.33749130936966043,0.08540777
2019-04-26 19:00:00,-0.0,0.0005157721407665335,-0.0,0.07313791785923346,-0.0,0.2605040274125726,0.07365369
2019-04-26 20:00:00,-0.0,0.00047609736070756937,-0.0,0.05308404263929243,-0.0,0.20462608779226482,0.05356014
2019-04-26 21:00:00,-0.0,0.000357073020530677,-0.0,0.026735566979469324,-0.0,0.1764833857086129,0.02709264
2019-04-26 22:00:00,-0.0,0.0002777234604127488,-0.0,0.01945554653958725,-0.0,0.15600386303536318,0.01973327
2019-04-26 23:00:00,-0.0,0.00019837390029482055,-0.0,0.02221524609970518,-0.0,0.13261939345672616,0.02241362
2019-04-27 00:00:00,-0.0,0.00011902434017689234,-0.0,0.011582215659823107,-0.0,0.12042758749901762,0.01170124
2019-04-27 01:00:00,-0.0,7.934956011792822e-05,-0.0,0.011002040439882071,-0.0,0.10884649229914176,0.01108139
2019-04-27 02:00:00,-0.0,7.934956011792822e-05,-0.0,0.009510720439882072,-0.0,0.09883520762558168,0.009590070000000001
2019-04-27 03:00:00,-0.0,7.934956011792822e-05,-0.0,0.01104889043988207,-0.0,0.08720479663623212,0.01112824
2019-04-27 04:00:00,-0.0,3.967478005896411e-05,-0.0,0.022714915219941036,-0.0,0.06329435956260998,0.02275459
2019-04-27 05:00:00,-0.0,3.967478005896411e-05,-0.0,0.026666905219941035,-0.0,0.035223933015303625,0.02670658
2019-04-27 06:00:00,0.0022894836354615563,-0.0,-0.0,0.03346273636453845,-0.0,-0.0,0.03575222
2019-04-27 07:00:00,0.03719397,-0.0,-0.0,0.0,-0.0,-0.0,0.03719397
2019-04-27 08:00:00,0.05560546,-0.0,-0.0,0.0,-0.0,-0.0,0.05560546
2019-04-27 09:00:00,0.05763843,-0.0,-0.0,0.0,-0.0,-0.0,0.05763843
2019-04-27 10:00:00,0.04724591,-0.0,-0.0,0.0,-0.0,-0.0,0.04724591
2019-04-27 11:00:00,0.15621207664085252,-0.0,-0.0,0.0,0.07046098664085251,0.06693793730880988,0.08575109
2019-04-27 12:00:00,0.23505365324071978,-0.0,-0.0,0.0,0.12563535324071978,0.18629152288749368,0.1094183
2019-04-27 13:00:00,0.22475097688114276,-0.0,-0.0,0.0,0.13155375688114276,0.3112675919245793,0.09319722
2019-04-27 14:00:00,0.19384294780241176,0.0002777234604127488,-0.0,0.0,0.10982465126282451,0.4156010106242626,0.08429602
2019-04-27 15:00:00,0.15263224236410378,0.0007934956011792822,-0.0,0.0,0.09521794796528306,0.5060580611912815,0.05820779
2019-04-27 16:00:00,0.09386882905392381,0.0013489425220047798,-0.0,0.0,0.015527051575928597,0.5208087601884137,0.07969071999999999
2019-04-27 17:00:00,0.035105415743743866,0.0016266659824175286,-0.0,0.004599218273838607,-0.0,0.5159674777948994,0.0413313
2019-04-27 18:00:00,-0.0,0.0012299181818278874,-0.0,0.05763414181817211,-0.0,0.45529996009156026,0.05886406
2019-04-27 19:00:00,-0.0,0.0009125199413561745,-0.0,0.07334761005864383,-0.0,0.3780919495035141,0.07426013000000001
2019-04-27 20:00:00,-0.0,0.0005951217008844617,-0.0,0.04782049829911554,-0.0,0.3277545828728662,0.04841562
2019-04-27 21:00:00,-0.0,0.000357073020530677,-0.0,0.03373926697946933,-0.0,0.2922395649997406,0.03409634
2019-04-27 22:00:00,-0.0,0.0003173982404717129,-0.0,0.028120821759528288,-0.0,0.2626386999897108,0.02843822
2019-04-27 23:00:00,-0.0,0.0003173982404717129,-0.0,0.013428921759528286,-0.0,0.24850299287441788,0.01374632
2019-04-28 00:00:00,-0.0,0.0003967478005896411,-0.0,0.00938600619941036,-0.0,0.23862298634872275,0.009782754000000001
2019-04-28 01:00:00,-0.0,0.00047609736070756937,-0.0,0.01178168263929243,-0.0,0.22622121514946755,0.01225778
2019-04-28 02:00:00,-0.0,0.0006744712610023899,-0.0,0.004852256738997611,-0.0,0.2211135764768385,0.005526728000000001
2019-04-28 03:00:00,-0.0,0.0008728451612972104,-0.0,0.00749196183870279,-0.0,0.21322730085715133,0.008364807
2019-04-28 04:00:00,-0.0,0.0008331703812382464,-0.0,0.024732699618761754,-0.0,0.18719288020582317,0.02556587
2019-04-28 05:00:00,-0.0,0.000714146041061354,-0.0,0.026438553958938644,-0.0,0.15936282340694038,0.0271527
2019-04-28 06:00:00,-0.0,0.0006744712610023899,-0.0,0.02341078873899761,-0.0,0.13471988789220607,0.02408526
2019-04-28 07:00:00,0.01831586908369245,0.0005157721407665335,-0.0,0.01900370877554101,-0.0,0.11471598391795239,0.03783535
2019-04-28 08:00:00,0.04769757573878242,0.0004364225806486052,-0.0,0.0025349016805689753,-0.0,0.11204766635945873,0.0506689
2019-04-28 09:00:00,0.07784244360569291,0.000357073020530677,-0.0,0.0,0.02716804662622358,0.13785731065437112,0.05103147
2019-04-28 10:00:00,0.1034083442016803,0.0002777234604127488,-0.0,0.0,0.07100217766209305,0.2053093794333595,0.03268389
2019-04-28 11:00:00,0.1259215999503856,0.00015869912023585645,-0.0,0.0,0.05851974907062145,0.26090314105044987,0.06756055000000001
2019-04-28 12:00:00,0.13660585691587285,7.934956011792822e-05,-0.0,0.0,0.03655430647599078,0.2956297322026411,0.1001309
2019-04-28 13:00:00,0.13240847025086,3.967478005896411e-05,-0.0,0.0,0.09751411503091897,0.3882681414820141,0.03493403
2019-04-28 14:00:00,0.11485576237898808,7.934956011792822e-05,-0.0,0.0,0.07443504193910601,0.4589814313241648,0.04050007
2019-04-28 15:00:00,0.09005302299482121,0.00019837390029482055,-0.0,0.0,0.058291806895116025,0.514358647874525,0.03195959
2019-04-28 16:00:00,0.04922389816242346,0.000357073020530677,-0.0,0.0,0.019644411182954135,0.5330208384983315,0.02993656
2019-04-28 17:00:00,0.017552707871871933,0.0003967478005896411,0.012707214327538425,0.0,-0.0,0.5330208384983315,0.03065667
2019-04-28 18:00:00,-0.0,0.0002777234604127488,0.014592673073353388,0.05231189346623386,-0.0,0.47795568748124323,0.06718228999999999
2019-04-28 19:00:00,-0.0,0.00011902434017689234,0.014592673073353388,0.024758962586469722,-0.0,0.4518936216007488,0.03947066
2019-04-28 20:00:00,-0.0,3.967478005896411e-05,0.014592673073353388,0.010120602146587646,-0.0,0.4412403561832881,0.02475295
2019-04-28 21:00:00,-0.0,-0.0,0.014592673073353388,0.007522796926646614,-0.0,0.4333216225762917,0.02211547
2019-04-28 22:00:00,-0.0,-0.0,-0.0,0.01794305,-0.0,0.4144342015236601,0.01794305
2019-04-28 23:00:00,-0.0,-0.0,-0.0,0.006144046,-0.0,0.40796678468155484,0.006144046
2019-04-29 00:00:00,-0.0,3.967478005896411e-05,0.007089847219941036,0.0,-0.0,0.40796678468155484,0.007129522
2019-04-29 01:00:00,-0.0,7.934956011792822e-05,0.007659132439882073,0.0,-0.0,0.40796678468155484,0.007738482000000001
2019-04-29 02:00:00,-0.0,7.934956011792822e-05,0.01019183043988207,0.0,-0.0,0.40796678468155484,0.01027118
2019-04-29 03:00:00,-0.0,3.967478005896411e-05,0.009654776219941038,0.0,-0.0,0.40796678468155484,0.009694451000000001
2019-04-29 04:00:00,-0.0,-0.0,0.014592673073353388,0.00643731692664661,-0.0,0.4011906616008742,0.02102999
2019-04-29 05:00:00,-0.0,-0.0,0.014592673073353388,0.03016088692664661,-0.0,0.3694423595728251,0.04475356
2019-04-29 06:00:00,-0.0,-0.0,0.01138636734523827,0.03262594265476173,-0.0,0.335099262041497,0.04401231
2019-04-29 07:00:00,0.016789546660051412,-0.0,0.014592673073353388,0.015992810266595214,-0.0,0.3182647249187652,0.04737503000000001
2019-04-29 08:00:00,0.046552833921051646,-0.0,-0.0,0.0,0.004708873921051647,0.32273815514376425,0.04184396
2019-04-29 09:00:00,0.08242141087661603,-0.0,-0.0,0.0,0.020031900876616028,0.3417684609765495,0.06238951
2019-04-29 10:00:00,0.10875047268442392,-0.0,-0.0,0.0,0.04939944268442392,0.38869793152675225,0.05935103
2019-04-29 11:00:00,0.11905314904400092,-0.0,-0.0,0.0,0.06326085904400092,0.4487957476185531,0.05579229
2019-04-29 12:00:00,0.11294785934943677,-0.0,-0.0,0.0,0.04086348934943676,0.48761606250051803,0.07208437000000001
2019-04-29 13:00:00,0.0976846351130264,-0.0,-0.0,0.0,0.011565575113026388,0.4986033588578931,0.08611906000000001
2019-04-29 14:00:00,0.08127666905888525,-0.0,-0.0,0.0,0.018812799058885256,0.5164755179638341,0.06246387
2019-04-29 15:00:00,0.05800025209835943,3.967478005896411e-05,-0.0,0.0,0.01741612687841839,0.5330208384983315,0.0406238
2019-04-29 16:00:00,0.032815932108282306,0.00011902434017689234,0.0036506235515408048,0.0,-0.0,0.5330208384983315,0.03658558
2019-04-29 17:00:00,0.01144741817730778,0.0002777234604127488,0.014592673073353388,0.04294490528892608,-0.0,0.487815675036304,0.06926272
2019-04-29 18:00:00,-0.0,0.0004364225806486052,0.014592673073353388,0.07207513434599801,-0.0,0.4119471125668324,0.08710423
2019-04-29 19:00:00,-0.0,0.0003967478005896411,0.014592673073353388,0.053218769126056976,-0.0,0.3559273555920356,0.06820819
2019-04-29 20:00:00,-0.0,0.00019837390029482055,0.014592673073353388,0.021709373026351793,-0.0,0.33307538398534947,0.03650042
2019-04-29 21:00:00,-0.0,3.967478005896411e-05,0.014592673073353388,0.012436672146587646,-0.0,0.3199841501468362,0.02706902
2019-04-29 22:00:00,-0.0,-0.0,0.014592673073353388,0.005017366926646611,-0.0,0.31470271127668187,0.01961004
2019-04-29 23:00:00,-0.0,-0.0,0.014592673073353388,0.00631757692664661,-0.0,0.3080526303012644,0.02091025
2019-04-30 00:00:00,-0.0,-0.0,0.014592673073353388,0.0,0.0052414810733533886,0.31303203732095014,0.009351192
2019-04-30 01:00:00,-0.0,-0.0,0.014592673073353388,0.0,0.002031223073353388,0.3149616992406359,0.01256145
2019-04-30 02:00:00,-0.0,-0.0,0.014592673073353388,0.0,0.006791797073353388,0.3214139064603216,0.007800876
2019-04-30 03:00:00,-0.0,-0.0,0.014592673073353388,0.0,0.0058844240733533885,0.3270041093300073,0.008708249
2019-04-30 04:00:00,-0.0,-0.0,0.014592673073353388,0.004468276926646612,-0.0,0.3223006599335372,0.01906095
2019-04-30 05:00:00,-0.0,3.967478005896411e-05,0.014592673073353388,0.01786410214658765,-0.0,0.30349634188449753,0.03249645
2019-04-30 06:00:00,-0.0,0.00019837390029482055,0.014592673073353388,0.033159383026351796,-0.0,0.2685917281725483,0.04795043
2019-04-30 07:00:00,0.015263224236410376,0.0003967478005896411,0.014592673073353388,0.0,0.006300835110353405,0.274577521527384,0.02395181
2019-04-30 08:00:00,0.03968438301466697,0.0003967478005896411,0.014592673073353388,0.0014751961113899942,-0.0,0.27302468351539455,0.056149
2019-04-30 09:00:00,0.061434477551551764,0.000357073020530677,0.014592673073353388,0.0,0.017176523645435825,0.2893423809785586,0.0592077
2019-04-30 10:00:00,0.08165824966479551,0.0002777234604127488,0.014592673073353388,0.0,0.04883354619856165,0.33573424986719214,0.0476951
2019-04-30 11:00:00,0.09119776481255198,0.0003173982404717129,0.014592673073353388,0.0,0.026693836126377088,0.3610933941872504,0.079414
2019-04-30 12:00:00,0.09157934541846224,0.0005554469208254976,0.014592673073353388,0.0,0.022177795412641123,0.3821622998292595,0.08454967000000001
2019-04-30 13:00:00,0.08165824966479551,0.0008331703812382464,0.014592673073353388,0.0,0.03774576311938715,0.4180207747926773,0.05933833
2019-04-30 14:00:00,0.06792134785202616,0.0011505686217099594,0.014592673073353388,0.0,0.04246078954708951,0.45835852486241235,0.0412038
2019-04-30 15:00:00,0.04807915634469268,0.0012695929618868516,0.014592673073353388,0.0,0.008507282379932922,0.46644044312334865,0.05543414
2019-04-30 16:00:00,0.02594748120189764,0.0016266659824175286,0.014592673073353388,0.0018575897423314443,-0.0,0.46448508549984185,0.04402441
2019-04-30 17:00:00,0.008776353935935967,0.0020234137830071695,0.014592673073353388,0.07568235920770347,-0.0,0.38481944422857506,0.1010748
2019-04-30 18:00:00,-0.0,0.0026582102639505956,0.014592673073353388,0.08734021666269602,-0.0,0.2928823740573161,0.1045911
2019-04-30 19:00:00,-0.0,0.0032533319648350573,0.014592673073353388,0.054738384961811555,-0.0,0.23526302146593553,0.07258439
2019-04-30 20:00:00,-0.0,0.0034120310850709133,0.014592673073353388,0.0238154658415757,-0.0,0.21019411005375058,0.04182017
2019-04-30 21:00:00,-0.0,0.003689754545483662,0.014592673073353388,0.007043992381162949,-0.0,0.2027793812314738,0.02532642
2019-04-30 22:00:00,-0.0,0.003689754545483662,0.014592673073353388,0.0016693023811629511,-0.0,0.20102222083024962,0.01995173
2019-04-30 23:00:00,-0.0,0.003650079765424698,0.014592673073353388,0.0007364371612219138,-0.0,0.2002470238184371,0.01897919
2019-05-01 00:00:00,-0.0,0.0037691041056015905,0.014592673073353388,0.0,0.005029677178954979,0.20502521713844432,0.0133321
2019-05-01 01:00:00,-0.0,0.004284876246368124,0.014592673073353388,0.0,0.006372909319721513,0.21107948099217977,0.01250464
2019-05-01 02:00:00,-0.0,0.004483250146662945,0.014592673073353388,0.0,0.008553593220016333,0.21920539455119528,0.01052233
2019-05-01 03:00:00,-0.0,0.004284876246368124,0.014592673073353388,0.0,0.005643229319721511,0.22456646240493072,0.01323432
2019-05-01 04:00:00,-0.0,0.004007152785955375,0.014592673073353388,0.0032041441406912338,-0.0,0.22119367909893994,0.02180397
2019-05-01 05:00:00,-0.0,0.0037294293255426265,0.014592673073353388,0.022031807601103987,-0.0,0.19800230267672522,0.04035391
2019-05-01 06:00:00,-0.0,0.003689754545483662,0.014592673073353388,0.03585545238116295,-0.0,0.1602597212228695,0.05413788
2019-05-01 07:00:00,0.015263224236410376,0.0032930067448940213,0.014592673073353388,0.007138815945342212,-0.0,0.15274517812250926,0.04028772
2019-05-01 08:00:00,0.04273702786194905,0.00289625894430438,0.014592673073353388,0.0,0.0030632798796068183,0.15565529400813574,0.05716268
2019-05-01 09:00:00,0.06868450906384668,0.002142438123184062,0.014592673073353388,0.0,0.029551600260384135,0.18372931425550068,0.05586802
2019-05-01 10:00:00,0.08661879754162888,0.0013092677419458158,0.014592673073353388,0.0,0.01929876835692809,0.20206314419458238,0.08322196999999999
2019-05-01 11:00:00,0.10035569935439823,0.0005157721407665335,0.014592673073353388,0.0,0.008824144568518148,0.21044608153467462,0.10664
2019-05-01 12:00:00,0.1034083442016803,0.00015869912023585645,0.014592673073353388,0.0,0.022665156395269535,0.23197798011018067,0.09549456
2019-05-01 13:00:00,0.0976846351130264,3.967478005896411e-05,0.014592673073353388,0.0,0.03995089296643876,0.2699313284282975,0.07236609
2019-05-01 14:00:00,0.08471089451207758,3.967478005896411e-05,0.014592673073353388,0.0,0.027585342365489922,0.2961374036755129,0.07175790000000001
2019-05-01 15:00:00,0.06563186421656461,7.934956011792822e-05,0.014592673073353388,0.0,0.02481747685003593,0.319714006683047,0.05548641
2019-05-01 16:00:00,0.04235544725603879,3.967478005896411e-05,0.014592673073353388,0.0,0.00455233510945114,0.3240387250370256,0.05243546
2019-05-01 17:00:00,0.016026385448230894,7.934956011792822e-05,0.014592673073353388,0.04425618191829779,-0.0,0.2774532703861858,0.07495459
2019-05-01 18:00:00,-0.0,0.00015869912023585645,0.014592673073353388,0.08058157780641075,-0.0,0.19263055690575343,0.09533295
2019-05-01 19:00:00,-0.0,0.0003967478005896411,0.014592673073353388,0.10405157912605696,-0.0,0.08310257887832505,0.119041
2019-05-01 20:00:00,-0.0,0.0006744712610023899,0.014592673073353388,0.022962785665644227,-0.0,0.05893122554606797,0.03822993
2019-05-01 21:00:00,-0.0,0.0008331703812382464,0.014592673073353388,0.023614526545408368,-0.0,0.03407382918248022,0.03904037
2019-05-01 22:00:00,-0.0,0.001071219061592031,0.014592673073353388,0.00938080786505458,-0.0,0.024199294587685924,0.0250447
2019-05-01 23:00:00,-0.0,0.001388617302063744,0.014592673073353388,0.0021082196245828678,-0.0,0.021980116035493432,0.01808951
2019-05-02 00:00:00,-0.0,0.0016266659824175286,0.014592673073353388,0.0,0.003629799055770917,0.025428425138475805,0.01258954
2019-05-02 01:00:00,-0.0,0.0016663407624764928,0.014592673073353388,0.0,0.006038893835829881,0.031165374282514192,0.01022012
2019-05-02 02:00:00,-0.0,0.001467966862181672,0.014592673073353388,0.0,0.00741050793553506,0.0382053568212725,0.008650132
2019-05-02 03:00:00,-0.0,0.0011108938416509952,0.014592673073353388,0.0,0.005446366915004384,0.04337940539052666,0.0102572
2019-05-02 04:00:00,-0.0,0.0008728451612972104,0.014592673073353388,0.006154571765349405,-0.0,0.03690090879542203,0.02162009
2019-05-02 05:00:00,-0.0,0.0007538208211203181,0.014592673073353388,0.020383726105526294,-0.0,0.015444355000131197,0.03573022
2019-05-02 06:00:00,0.0022894836354615563,0.000714146041061354,0.014592673073353388,0.014672137250124638,-0.0,-0.0,0.03226844
2019-05-02 07:00:00,0.04156346,-0.0,-0.0,0.0,-0.0,-0.0,0.04156346
2019-05-02 08:00:00,0.064999,-0.0,-0.0,0.0,-0.0,-0.0,0.064999
2019-05-02 09:00:00,0.05478294,-0.0,-0.0,0.0,-0.0,-0.0,0.05478294
2019-05-02 10:00:00,0.05645274,-0.0,-0.0,0.0,-0.0,-0.0,0.05645274
2019-05-02 11:00:00,0.10142757341762763,-0.0,-0.0,0.0,0.03741289341762763,0.03554224874674625,0.06401468
2019-05-02 12:00:00,0.2098693332506427,0.001031544281533067,-0.0,0.0,0.10760337753217576,0.13776545740231322,0.1032975
2019-05-02 13:00:00,0.18683064962458287,-0.0,-0.0,0.0,0.13325520962458287,0.26435790654566693,0.05357544
2019-05-02 14:00:00,0.18163236841328345,0.001825039882712349,-0.0,0.0,0.0872139882959958,0.34721119542686296,0.09624342
2019-05-02 15:00:00,0.14500063024589857,0.0019837390029482055,-0.0,0.0,0.08958354924884676,0.4323155672132674,0.05740082000000001
2019-05-02 16:00:00,0.09615831268938536,0.0015869912023585644,-0.0,0.0,0.04848591389174393,0.4783771854104241,0.04925939
2019-05-02 17:00:00,0.04006596362057723,0.0009918695014741027,-0.0,0.020484876877948664,-0.0,0.45681415711784656,0.06154271
2019-05-02 18:00:00,-0.0,0.0005951217008844617,-0.0,0.10577687829911553,-0.0,0.34547007469772495,0.106372
2019-05-02 19:00:00,-0.0,0.0005157721407665335,-0.0,0.07642555785923345,-0.0,0.2650221190564266,0.07694132999999999
2019-05-02 20:00:00,-0.0,0.000357073020530677,-0.0,0.05697649697946933,-0.0,0.20504685907803785,0.05733357
2019-05-02 21:00:00,-0.0,0.0003173982404717129,-0.0,0.042210741759528284,-0.0,0.16061449933116598,0.04252814
2019-05-02 22:00:00,-0.0,0.0006347964809434258,-0.0,0.026476843519056572,-0.0,0.13274413773215907,0.02711164
2019-05-02 23:00:00,-0.0,0.001388617302063744,-0.0,0.017500322697936256,-0.0,0.11432274541854195,0.01888894
2019-05-03 00:00:00,-0.0,0.0024598363636557747,-0.0,0.0073123136363442255,-0.0,0.10662557316975856,0.00977215
2019-05-03 01:00:00,-0.0,0.0034120310850709133,-0.0,0.003677369914929087,-0.0,0.1027546574698332,0.007089401
2019-05-03 02:00:00,-0.0,0.0037691041056015905,-0.0,0.00575454189439841,-0.0,0.09669724494941383,0.009523646
2019-05-03 03:00:00,-0.0,0.0034913806451888417,-0.0,0.004633537354811156,-0.0,0.09181983720750735,0.008124917999999998
2019-05-03 04:00:00,-0.0,0.0024598363636557747,-0.0,0.016024743636344225,-0.0,0.07495168601135553,0.01848458
2019-05-03 05:00:00,-0.0,0.001388617302063744,-0.0,0.028931902697936256,-0.0,0.04449705159247526,0.03032052
2019-05-03 06:00:00,0.0003815806059102594,0.0008331703812382464,-0.0,0.0422721990128515,-0.0,-0.0,0.04348695
2019-05-03 07:00:00,0.03002015,-0.0,-0.0,0.0,-0.0,-0.0,0.03002015
2019-05-03 08:00:00,0.05080201,-0.0,-0.0,0.0,-0.0,-0.0,0.05080201
2019-05-03 09:00:00,0.059149019049553074,-0.0,-0.0,0.0,0.01459098904955306,0.013861439597075406,0.04455803000000001
2019-05-03 10:00:00,0.14767169448727038,-0.0,-0.0,0.0,0.10515523448727038,0.11375891235998226,0.04251646
2019-05-03 11:00:00,0.16026385448230893,0.0003967478005896411,-0.0,0.0,0.06450346228289856,0.1750372015287359,0.09615714
2019-05-03 12:00:00,0.16331649932959103,0.0006744712610023899,-0.0,0.0,0.07962671059059342,0.25068257658979964,0.08436426
2019-05-03 13:00:00,0.15568488721138582,0.0008728451612972104,-0.0,0.0,0.11695706237268302,0.3617917858438485,0.03960067
2019-05-03 14:00:00,0.1343163732804113,0.0009125199413561745,-0.0,0.0,0.08989337322176746,0.44719049040452763,0.04533552
2019-05-03 15:00:00,0.10951363389624444,0.0007934956011792822,-0.0,0.0,0.06038403949742372,0.5045553279270801,0.04992309
2019-05-03 16:00:00,0.07211873451703903,0.0007538208211203181,-0.0,0.0,0.029963695338159346,0.5330208384983315,0.04290886
2019-05-03 17:00:00,0.029000126049179713,0.0007934956011792822,0.014592673073353388,0.006159895276287611,-0.0,0.5265367382075025,0.05054619
2019-05-03 18:00:00,-0.0,0.0009918695014741027,-0.0,0.0736174604985259,-0.0,0.44904467452484365,0.07460933
2019-05-03 19:00:00,-0.0,0.0012299181818278874,0.009030795725109913,0.0484239760930622,-0.0,0.39807206811109397,0.05868469
2019-05-03 20:00:00,-0.0,0.0012695929618868516,0.014592673073353388,0.0012654439647597614,-0.0,0.3967400218323995,0.01712771
2019-05-03 21:00:00,-0.0,0.0015076416422406362,0.014592673073353388,0.001235215284405974,-0.0,0.3954397952172353,0.01733553
2019-05-03 22:00:00,-0.0,0.0019440642228892415,-0.0,0.02239073577711076,-0.0,0.3718705996623819,0.0243348
2019-05-03 23:00:00,-0.0,0.0024201615835968107,0.011261028416403189,0.0,-0.0,0.3718705996623819,0.01368119
2019-05-04 00:00:00,-0.0,0.003173982404717129,0.010318687595282872,0.0,-0.0,0.3718705996623819,0.01349267
2019-05-04 01:00:00,-0.0,0.003689754545483662,-0.0,0.0064040154545163385,-0.0,0.365129530762891,0.01009377
2019-05-04 02:00:00,-0.0,0.0037691041056015905,-0.0,0.00834955589439841,-0.0,0.3563405245582611,0.01211866
2019-05-04 03:00:00,-0.0,0.003808778885660555,-0.0,0.008532751114339446,-0.0,0.3473586812800091,0.01234153
2019-05-04 04:00:00,-0.0,0.003650079765424698,-0.0,0.0211391502345753,-0.0,0.32510694419098246,0.02478923
2019-05-04 05:00:00,-0.0,0.003173982404717129,-0.0,0.030109167595282867,-0.0,0.2934130835643689,0.03328315
2019-05-04 06:00:00,-0.0,0.0023408120234788823,-0.0,0.03742053797652112,-0.0,0.2540230435890835,0.03976135
2019-05-04 07:00:00,0.028236964837359192,0.0013489425220047798,0.014592673073353388,0.008847129567282638,-0.0,0.24471027562352282,0.05302571
2019-05-04 08:00:00,0.06028973573382098,0.0006744712610023899,-0.0,0.0,0.0065323569948233726,0.25091601476860503,0.05443185
2019-05-04 09:00:00,0.08280299148252629,0.0003173982404717129,-0.0,0.0,0.0067216297229980015,0.25730156300545315,0.07639876
2019-05-04 10:00:00,0.10455308601941107,0.00019837390029482055,-0.0,0.0,0.043511289919705896,0.29863728842917375,0.06124017
2019-05-04 11:00:00,0.11867156843809067,0.0002777234604127488,-0.0,0.0,0.05396479189850341,0.349903840732752,0.0649845
2019-05-04 12:00:00,0.12057947146764196,0.0005554469208254976,-0.0,0.0,0.04073188838846746,0.3885991347017961,0.08040303
2019-05-04 13:00:00,0.09844779632484692,0.001388617302063744,-0.0,0.0,0.011867033626910661,0.3998728166473612,0.08796938
2019-05-04 14:00:00,0.08242141087661603,0.002578860703832667,-0.0,0.0,0.0129399415804487,0.41216576114878745,0.07206032999999999
2019-05-04 15:00:00,0.058763413310179945,0.0035310554252478057,-0.0,0.0,0.03503944873542775,0.4454532374474438,0.02725502
2019-05-04 16:00:00,0.03243435150237205,0.004086502346073303,-0.0,0.025261306151554655,-0.0,0.41886238886685995,0.06178216
2019-05-04 17:00:00,0.008776353935935967,0.004443575366603981,0.014592673073353388,0.04003972762410666,-0.0,0.37671530715727397,0.06785232999999999
2019-05-04 18:00:00,-0.0,0.004522924926721909,0.014592673073353388,0.0693635419999247,-0.0,0.30370105242051115,0.08847914
2019-05-04 19:00:00,-0.0,0.0049196727273115495,-0.0,0.07478544727268845,-0.0,0.22497952897557597,0.07970511999999999
2019-05-04 20:00:00,-0.0,0.004681624046957765,-0.0,0.03037359595304223,-0.0,0.19300732270921572,0.03505522
2019-05-04 21:00:00,-0.0,0.004284876246368124,-0.0,0.03501223375363188,-0.0,0.15615233981065585,0.03929711
2019-05-04 22:00:00,-0.0,0.003610404985365734,0.014592673073353388,0.0074118319412808786,-0.0,0.1483504114514128,0.02561491
2019-05-04 23:00:00,-0.0,0.002539185923773703,-0.0,0.016361094076226296,-0.0,0.1311282071606483,0.01890028
2019-05-05 00:00:00,-0.0,0.0020234137830071695,-0.0,0.006960056216992831,-0.0,0.12380183219539269,0.00898347
2019-05-05 01:00:00,-0.0,0.002142438123184062,-0.0,0.010510801876815938,-0.0,0.11273783021979697,0.01265324
2019-05-05 02:00:00,-0.0,0.00289625894430438,0.00836215105569562,0.0,-0.0,0.11273783021979697,0.01125841
2019-05-05 03:00:00,-0.0,0.004205526686250196,0.0031040223137498036,0.0,-0.0,0.11273783021979697,0.007309548999999999
2019-05-05 04:00:00,-0.0,0.005157721407665334,0.014592673073353388,0.0058681955189812795,-0.0,0.10656078230507983,0.02561859
2019-05-05 05:00:00,-0.0,0.004999022287429478,0.014592673073353388,0.009739924639217133,-0.0,0.09630823005327233,0.02933162
2019-05-05 06:00:00,-0.0,0.004721298827016729,-0.0,0.036675911172983265,-0.0,0.05770200776592153,0.04139721
2019-05-05 07:00:00,0.019079030295512972,0.0037294293255426265,0.014592673073353388,0.010208137305591015,-0.0,0.04695660007582572,0.04760927
2019-05-05 08:00:00,0.04922389816242346,0.0034120310850709133,-0.0,0.00471147075250563,-0.0,0.04199715717845138,0.0573474
2019-05-05 09:00:00,0.07631612118205189,0.0034517058651298772,-0.0,0.0,0.026794667047181767,0.06745209087327406,0.05297316
2019-05-05 10:00:00,0.09921095753666745,0.003927803225837447,-0.0,0.0,0.05032644076250489,0.1152622095976537,0.05281232
2019-05-05 11:00:00,0.11676366540853937,0.004443575366603981,-0.0,0.0,0.015606140775143343,0.13008804333403987,0.1056011
2019-05-05 12:00:00,0.12325053570901379,0.005554469208254976,-0.0,0.0,0.028451004917268763,0.1571164980054452,0.100354
2019-05-05 13:00:00,0.11828998783218041,0.006228940469257365,-0.0,0.0,0.027054478301437784,0.1828182523918111,0.09746445
2019-05-05 14:00:00,0.09882937693075719,0.006665363049905971,-0.0,0.0,0.03440485998066317,0.21550286937344112,0.07108988
2019-05-05 15:00:00,0.06830292845793642,0.0065860134897880425,-0.0,0.0,0.004910491947724471,0.22016783672377938,0.06997845
2019-05-05 16:00:00,0.033579093320102824,0.007220809970731468,0.014592673073353388,0.0012100736358123167,-0.0,0.21889407500187166,0.05660265
2019-05-05 17:00:00,0.01144741817730778,0.008768126393031069,0.014592673073353388,0.013028462356307764,-0.0,0.20517990410049508,0.04783668
2019-05-05 18:00:00,-0.0,0.010355117595389634,0.014592673073353388,0.08138360933125698,-0.0,0.11951294690969827,0.1063314
2019-05-05 19:00:00,-0.0,0.011029588856392023,-0.0,0.06058886114360798,-0.0,0.05573519833747936,0.07161845
2019-05-05 20:00:00,-0.0,0.011227962756686843,-0.0,0.039580707243313154,-0.0,0.014071295976097088,0.05080867
2019-05-05 21:00:00,-0.0,0.011466011437040628,0.014592673073353388,0.003888235489605983,-0.0,0.009978416513353948,0.02994692
2019-05-05 22:00:00,-0.0,0.011069263636450988,0.014592673073353388,0.0023984332901956246,-0.0,0.007453749892095397,0.02806037
2019-05-05 23:00:00,-0.0,0.011783409677512341,-0.0,0.0016095603224876593,-0.0,0.005759475868424176,0.01339297
2019-05-06 00:00:00,-0.0,0.012259507038219911,0.0029038629617800897,0.0,-0.0,0.005759475868424176,0.01516337
2019-05-06 01:00:00,-0.0,0.011942108797748197,-0.0,0.0,0.002250924797748197,0.007897854426284963,0.009691184
2019-05-06 02:00:00,-0.0,0.011704060117394412,-0.0,0.002161439882605587,-0.0,0.00562265454985803,0.0138655
2019-05-06 03:00:00,-0.0,0.011029588856392023,0.003930681143607976,0.0,-0.0,0.00562265454985803,0.01496027
2019-05-06 04:00:00,-0.0,0.010870889736156167,0.013313030263843834,0.0,-0.0,0.00562265454985803,0.02418392
2019-05-06 05:00:00,-0.0,0.010870889736156167,0.014592673073353388,0.001966867190490445,-0.0,0.003552268033552299,0.02743043
2019-05-06 06:00:00,0.0003815806059102594,0.010632841055802382,0.014592673073353388,0.003160435264933972,-0.0,0.0002254940704639074,0.02876753
2019-05-06 07:00:00,0.03090802907873101,0.00964097155432828,-0.0,0.00021421936694071206,-0.0,-0.0,0.04076322
2019-05-06 08:00:00,0.05609293,-0.0,-0.0,0.0,-0.0,-0.0,0.05609293
2019-05-06 09:00:00,0.03692673,-0.0,-0.0,0.0,-0.0,-0.0,0.03692673
2019-05-06 10:00:00,0.0718656,-0.0,-0.0,0.0,-0.0,-0.0,0.0718656
2019-05-06 11:00:00,0.1008052991201291,0.013370400879870906,-0.0,0.0,-0.0,-0.0,0.1141757
2019-05-06 12:00:00,0.13529989182918795,0.013330726099811943,-0.0,0.0,0.07655792792899992,0.07273003153254992,0.07207269
2019-05-06 13:00:00,0.17171127265961672,0.013370400879870906,-0.0,0.0,0.10830458353948762,0.17561938589506315,0.07677709
2019-05-06 14:00:00,0.1484348556990909,0.012695929618868515,-0.0,0.0,0.09406779531795942,0.2649837914471246,0.06706299
2019-05-06 15:00:00,0.11371102056125729,0.011188287976627877,-0.0,0.0,0.06572523853788516,0.3274227680581155,0.05917407
2019-05-06 16:00:00,0.06715818664020565,0.008807801173090032,-0.0,0.0,0.012830877813295685,0.3396121019807464,0.06313511
2019-05-06 17:00:00,0.027092223019628416,0.00761755777132111,-0.0,0.013704739209050479,-0.0,0.32518606070806166,0.04841452
2019-05-06 18:00:00,-0.0,0.007220809970731468,-0.0,0.05691138002926852,-0.0,0.265279344887779,0.06413218999999999
2019-05-06 19:00:00,-0.0,0.007141460410613539,-0.0,0.058237909589386454,-0.0,0.20397628216210906,0.06537936999999999
2019-05-06 20:00:00,-0.0,0.007181135190672504,-0.0,0.0514721048093275,-0.0,0.14979511920492222,0.05865324
2019-05-06 21:00:00,-0.0,0.007974630791851787,-0.0,0.036034469208148213,-0.0,0.11186409898581885,0.0440091
2019-05-06 22:00:00,-0.0,0.00801430557191075,-0.0,0.02011958442808925,-0.0,0.09068558906151437,0.02813389
2019-05-06 23:00:00,-0.0,0.0082920290323235,-0.0,0.0125294509676765,-0.0,0.07749669330606543,0.02082148
2019-05-07 00:00:00,-0.0,0.008649102052854176,-0.0,0.0,0.003287398052854177,0.0806197214562769,0.005361703999999999
2019-05-07 01:00:00,-0.0,0.008411053372500392,-0.0,0.0,0.0004587353725003917,0.08105552006015226,0.007952318
2019-05-07 02:00:00,-0.0,0.008331703812382463,-0.0,0.0,0.0013915678123824623,0.0823775094819156,0.006940136
2019-05-07 03:00:00,-0.0,0.00821267947220557,-0.0,0.003849960527794429,-0.0,0.0783249194526583,0.01206264
2019-05-07 04:00:00,-0.0,0.007895281231733858,-0.0,0.018716328768266143,-0.0,0.05862352074922027,0.02661161
2019-05-07 05:00:00,-0.0,0.00781593167161593,-0.0,0.024674618328384072,-0.0,0.03265023829828966,0.03249055
2019-05-07 06:00:00,-0.0,0.0075778829912621455,-0.0,0.021289547008737853,-0.0,0.010240188815407709,0.02886743
2019-05-07 07:00:00,0.02556590059598738,0.006308290029375294,-0.0,0.009728179374637325,-0.0,-0.0,0.04160237
2019-05-07 08:00:00,0.04602078041050678,0.006387639589493222,-0.0,0.0,-0.0,-0.0,0.05240842
2019-05-07 09:00:00,0.06240347,-0.0,-0.0,0.0,-0.0,-0.0,0.06240347
2019-05-07 10:00:00,0.05820047,-0.0,-0.0,0.0,-0.0,-0.0,0.05820047
2019-05-07 11:00:00,0.08760126399229641,0.007736582111498002,-0.0,0.0,0.03058964610379442,0.029060163798604696,0.06474819999999999
2019-05-07 12:00:00,0.07239113999999999,-0.0,-0.0,0.0,-0.0,0.029060163798604696,0.07239113999999999
2019-05-07 13:00:00,0.16789546660051413,0.011029588856392023,-0.0,0.0,0.12445207545690616,0.14728963548266555,0.05447298
2019-05-07 14:00:00,0.15377698418183455,0.012854628739104373,-0.0,0.0,0.09158831292093891,0.23429853275755752,0.07504330000000001
2019-05-07 15:00:00,0.12439527752674456,0.014679668621816721,-0.0,0.0,0.0891529461485613,0.31899383159869077,0.04992199999999999
2019-05-07 16:00:00,0.08165824966479551,0.015512839003054968,-0.0,0.0,0.04824748866785048,0.36482894583314873,0.0489236
2019-05-07 17:00:00,0.035486996349654125,0.013648124340283653,-0.0,0.015959519310062217,-0.0,0.3480294518225569,0.06509464
2019-05-07 18:00:00,-0.0,0.011466011437040628,-0.0,0.09406128856295938,-0.0,0.2490175691247049,0.1055273
2019-05-07 19:00:00,-0.0,0.01003771935491792,-0.0,0.08208746064508209,-0.0,0.1626097158140922,0.09212518
2019-05-07 20:00:00,-0.0,0.009521947214151387,-0.0,0.04746764278584861,-0.0,0.11264377603951471,0.05698959
2019-05-07 21:00:00,-0.0,0.00916487419362071,-0.0,0.01119746580637929,-0.0,0.10085696992753651,0.02036234
2019-05-07 22:00:00,-0.0,0.008847475953148998,-0.0,0.013958264046851004,-0.0,0.08616406040453545,0.02280574
2019-05-07 23:00:00,-0.0,0.008768126393031069,-0.0,0.01127779360696893,-0.0,0.0742926987129892,0.02004592
2019-05-08 00:00:00,-0.0,0.009006175073384854,-0.0,0.001635484926615147,-0.0,0.07257113563234167,0.01064166
2019-05-08 01:00:00,-0.0,0.009323573313856566,-0.0,0.005538936686143435,-0.0,0.066740675962717,0.01486251
2019-05-08 02:00:00,-0.0,0.009283898533797602,-0.0,0.0,0.002719212533797602,0.06932392786982472,0.006564686
2019-05-08 03:00:00,-0.0,0.009839345454623099,-0.0,0.0021930945453769012,-0.0,0.06701540729574378,0.01203244
2019-05-08 04:00:00,-0.0,0.010077394134976884,-0.0,0.012512055865023117,-0.0,0.05384482217466681,0.02258945
2019-05-08 05:00:00,-0.0,0.009998044574858957,-0.0,0.02932711542514104,-0.0,0.022974174358728873,0.03932516
2019-05-08 06:00:00,0.0015263224236410375,0.010474141935566526,-0.0,0.021825465640792432,-0.0,-0.0,0.03382593
2019-05-08 07:00:00,0.038362802844492436,0.010434467155507561,-0.0,0.0,-0.0,-0.0,0.04879727
2019-05-08 08:00:00,0.04146344,-0.0,-0.0,0.0,-0.0,-0.0,0.04146344
2019-05-08 09:00:00,0.06846781,-0.0,-0.0,0.0,-0.0,-0.0,0.06846781
2019-05-08 10:00:00,0.04869374,-0.0,-0.0,0.0,-0.0,-0.0,0.04869374
2019-05-08 11:00:00,0.05579893384154423,0.012418206158455767,-0.0,0.0,-0.0,-0.0,0.06821714
2019-05-08 12:00:00,0.09734981629374576,0.009521947214151387,-0.0,0.0,0.06153350350789714,0.05845682833250228,0.04533826
2019-05-08 13:00:00,0.13584269570405233,0.006982761290377683,-0.0,0.0,0.06753525699443001,0.12261532247721078,0.0752902
2019-05-08 14:00:00,0.14042166297497546,0.004800648387134657,-0.0,0.0,0.07859871136211014,0.1972840982712154,0.06662359999999999
2019-05-08 15:00:00,0.1259215999503856,0.003650079765424698,-0.0,0.0,0.0783954397158103,0.2717597660012352,0.05117624
2019-05-08 16:00:00,0.08432931390616732,0.0030152832844812724,-0.0,0.0,0.022957477190648605,0.2935693693323514,0.06438711999999999
2019-05-08 17:00:00,0.03396067392601308,0.002935933724363344,-0.0,0.009216692349623579,-0.0,0.283867587911695,0.0461133
2019-05-08 18:00:00,-0.0,0.003808778885660555,-0.0,0.061218351114339445,-0.0,0.21942721831765347,0.06502713
2019-05-08 19:00:00,-0.0,0.0049196727273115495,-0.0,0.05451932727268845,-0.0,0.1620384527674551,0.059439
2019-05-08 20:00:00,-0.0,0.005157721407665334,-0.0,0.026725358592334665,-0.0,0.13390649635447124,0.03188308
2019-05-08 21:00:00,-0.0,0.005594143988313939,-0.0,0.02229304601168606,-0.0,0.1104401321316438,0.02788719
2019-05-08 22:00:00,-0.0,0.006189265689198402,-0.0,0.021470044310801597,-0.0,0.08784008548869475,0.02765931
2019-05-08 23:00:00,-0.0,0.007458858651085253,-0.0,0.007023141348914747,-0.0,0.08044730512141607,0.014482
2019-05-09 00:00:00,-0.0,0.009006175073384854,-0.0,4.8560926615147035e-05,-0.0,0.08039618835655801,0.009054736
2019-05-09 01:00:00,-0.0,0.00936324809391553,-0.0,0.0,0.00021684809391552852,0.08060219404577776,0.0091464
2019-05-09 02:00:00,-0.0,0.009521947214151387,-0.0,0.0013329427858486138,-0.0,0.07919909637646343,0.01085489
2019-05-09 03:00:00,-0.0,0.00964097155432828,-0.0,0.0014455384456717214,-0.0,0.07767747695996688,0.01108651
2019-05-09 04:00:00,-0.0,0.009759995894505172,-0.0,0.011310114105494828,-0.0,0.06577209369102495,0.02107011
2019-05-09 05:00:00,-0.0,0.009958369794799991,-0.0,0.02272464020520002,-0.0,0.0418514197908144,0.03268301000000001
2019-05-09 06:00:00,0.0007631612118205187,0.010196418475153776,-0.0,0.026976690313025707,-0.0,0.013454903671839975,0.03793627
2019-05-09 07:00:00,0.030526448472820752,0.00916487419362071,-0.0,0.0,0.0012920626664414646,0.014682363204959366,0.03839926
2019-05-09 08:00:00,0.07059241209339799,0.007974630791851787,-0.0,0.0,0.016001722885249786,0.029883999945946663,0.06256532
2019-05-09 09:00:00,0.10607940844305212,0.007974630791851787,-0.0,0.0,0.04298415923490391,0.07071895121910537,0.07106988
2019-05-09 10:00:00,0.12668476116220612,0.010077394134976884,-0.0,0.0,0.074928485297183,0.14190101225142923,0.06183367
2019-05-09 11:00:00,0.14538221085180883,0.011029588856392023,-0.0,0.0,0.08878059970820085,0.22624258197422004,0.0676312
2019-05-09 12:00:00,0.15644804842320634,0.011545360997158556,-0.0,0.0,0.06182470942036489,0.2849760559235667,0.1061687
2019-05-09 13:00:00,0.15377698418183455,0.011466011437040628,-0.0,0.0,0.08277077561887518,0.3636082927614981,0.08247222
2019-05-09 14:00:00,0.13050056722130873,0.01091056451621513,-0.0,0.0,0.08098668173752387,0.4405456404121458,0.06042445
2019-05-09 15:00:00,0.09539515147756485,0.009402922873974495,-0.0,0.0,0.05505243435153934,0.49284545304610816,0.04974564
2019-05-09 16:00:00,0.05571076846289787,0.008173004692146607,-0.0,0.0,0.012272723155044477,0.5045045400434004,0.05161105
2019-05-09 17:00:00,0.019460610901423227,0.008173004692146607,-0.0,0.055605254406430174,-0.0,0.4459726932997897,0.08323887
2019-05-09 18:00:00,-0.0,0.008649102052854176,-0.0,0.05914188794714582,-0.0,0.3837180744080573,0.06779099
2019-05-09 19:00:00,-0.0,0.008609427272795213,-0.0,0.0816691427272048,-0.0,0.2977505557478417,0.09027857
2019-05-09 20:00:00,-0.0,0.008053980351969714,-0.0,0.05598819964803029,-0.0,0.23881560874991511,0.06404218
2019-05-09 21:00:00,-0.0,0.007300159530849396,-0.0,0.03461485046915061,-0.0,0.20237892404554605,0.04191501
2019-05-09 22:00:00,-0.0,0.006546338709729079,-0.0,0.02062710129027092,-0.0,0.18066618584526087,0.02717344
2019-05-09 23:00:00,-0.0,0.006149590909139437,-0.0,0.007080699090860563,-0.0,0.17321281838119712,0.01323029
2019-05-10 00:00:00,-0.0,0.006347964809434258,-0.0,0.008452655190565744,-0.0,0.16431528660165423,0.01480062
2019-05-10 01:00:00,-0.0,0.006863736950200791,-0.0,0.0016997240497992087,-0.0,0.16252610339133927,0.008563461
2019-05-10 02:00:00,-0.0,0.007339834310908361,-0.0,0.00585423568909164,-0.0,0.1563637500344007,0.01319407
2019-05-10 03:00:00,-0.0,0.0076572325513800735,-0.0,0.007009947448619927,-0.0,0.14898485798322184,0.01466718
2019-05-10 04:00:00,-0.0,0.00761755777132111,-0.0,0.02188359222867889,-0.0,0.12594949774250722,0.02950115
2019-05-10 05:00:00,-0.0,0.0074985334311442175,-0.0,0.02522126656885578,-0.0,0.09940079609108007,0.0327198
2019-05-10 06:00:00,0.0007631612118205187,0.007141460410613539,-0.0,0.04366078837756594,-0.0,0.05344207148311593,0.05156541
2019-05-10 07:00:00,0.030526448472820752,0.005713168328490832,-0.0,0.03217618319868841,-0.0,0.01957240495818077,0.0684158
2019-05-10 08:00:00,0.07364505694068006,0.005395770088019119,-0.0,0.0,0.011281197028699182,0.03028954213544499,0.06775963
2019-05-10 09:00:00,0.1098952145021547,0.005514794428196012,-0.0,0.0,0.05891101893035071,0.08625501011927816,0.05649899
2019-05-10 10:00:00,0.13660585691587285,0.0057528431085497956,-0.0,0.0,0.07793339002442265,0.16029173064247967,0.06442531
2019-05-10 11:00:00,0.16064543508821919,0.006189265689198402,-0.0,0.0,0.0848116607774176,0.2408628083810264,0.08202303999999999
2019-05-10 12:00:00,0.16407966054141154,0.006546338709729079,-0.0,0.0,0.08375683925114064,0.32043180566961,0.08686915999999999
2019-05-10 13:00:00,0.1511059199404627,0.006625688269847007,-0.0,0.0,0.07560832821030973,0.39225971746940425,0.08212327999999999
2019-05-10 14:00:00,0.12630318055629586,0.006189265689198402,-0.0,0.0,0.07728093624549426,0.4656766069026238,0.05521151
2019-05-10 15:00:00,0.0919609260243725,0.005633818768372903,-0.0,0.0,0.040601944792745405,0.504248454455732,0.0569928
2019-05-10 16:00:00,0.05189496240379528,0.005594143988313939,-0.0,0.012643373607890779,-0.0,0.49093964013163643,0.07013248
2019-05-10 17:00:00,0.01831586908369245,0.00646698914961115,-0.0,0.0543932617666964,-0.0,0.4336835751140613,0.07917612
2019-05-10 18:00:00,-0.0,0.007220809970731468,-0.0,0.09047952002926853,-0.0,0.3384419750832523,0.09770032999999999
2019-05-10 19:00:00,-0.0,0.00761755777132111,-0.0,0.07448229222867889,-0.0,0.26003956221095875,0.08209985
2019-05-10 20:00:00,-0.0,0.007339834310908361,-0.0,0.05838445568909163,-0.0,0.19858224043296757,0.06572428999999999
2019-05-10 21:00:00,-0.0,0.006228940469257365,-0.0,0.03199907953074264,-0.0,0.16489899882165954,0.03822802
2019-05-10 22:00:00,-0.0,0.005514794428196012,-0.0,0.016411595571803987,-0.0,0.14762363506186588,0.02192639
2019-05-10 23:00:00,-0.0,0.004483250146662945,-0.0,0.016061559853337057,-0.0,0.13071672995309003,0.02054481
2019-05-11 00:00:00,-0.0,0.003650079765424698,-0.0,0.007599150234575303,-0.0,0.12271762444301076,0.01124923
2019-05-11 01:00:00,-0.0,0.002578860703832667,-0.0,0.006368162296167333,-0.0,0.11601429571020304,0.008947023
2019-05-11 02:00:00,-0.0,0.0020234137830071695,-0.0,0.010302466216992831,-0.0,0.10516959442915795,0.01232588
2019-05-11 03:00:00,-0.0,0.0024598363636557747,-0.0,0.008732383636344224,-0.0,0.09597761165405877,0.01119222
2019-05-11 04:00:00,-0.0,0.0037294293255426265,-0.0,0.020559880674457374,-0.0,0.07433563199673522,0.02428931
2019-05-11 05:00:00,-0.0,0.005237070967783263,-0.0,0.03551463903221673,-0.0,0.03695180143650709,0.04075171
2019-05-11 06:00:00,0.0015263224236410375,0.005713168328490832,-0.0,0.03148057924786814,-0.0,0.0038143495966458966,0.03872007
2019-05-11 07:00:00,0.0385396411969362,0.004205526686250196,-0.0,0.003623632116813602,-0.0,-0.0,0.0463688
2019-05-11 08:00:00,0.06284606,-0.0,-0.0,0.0,-0.0,-0.0,0.06284606
2019-05-11 09:00:00,0.06033762,-0.0,-0.0,0.0,-0.0,-0.0,0.06033762
2019-05-11 10:00:00,0.0865696526848094,-0.0,-0.0,0.0,0.0271761826848094,0.02581737355056893,0.05939347
2019-05-11 11:00:00,0.1869744968960271,0.005514794428196012,-0.0,0.0,0.10186462132422312,0.12258876380858089,0.09062466999999999
2019-05-11 12:00:00,0.19117188356103995,0.006863736950200791,-0.0,0.0,0.10016931051124074,0.21774960879425959,0.09786631
2019-05-11 13:00:00,0.1747639175068988,0.00801430557191075,-0.0,0.0,0.10255064307880954,0.31517271971912864,0.08022758
2019-05-11 14:00:00,0.1438558884281678,0.008331703812382463,-0.0,0.0,0.09495320224055026,0.4053782618476514,0.05723439
2019-05-11 15:00:00,0.11485576237898808,0.007974630791851787,-0.0,0.0,0.07094054317083986,0.4727717778599493,0.05188985
2019-05-11 16:00:00,0.06792134785202616,0.006387639589493222,-0.0,0.0,0.02685545744151939,0.4982844624293927,0.04745353
2019-05-11 17:00:00,0.02594748120189764,0.005276745747842227,-0.0,0.036622533050260135,-0.0,0.4597344276396452,0.06784676
2019-05-11 18:00:00,-0.0,0.004641949266898801,-0.0,0.0669393607331012,-0.0,0.3892719426574335,0.07158131
2019-05-11 19:00:00,-0.0,0.004324551026427088,-0.0,0.07962647897357292,-0.0,0.305454596369462,0.08395103000000001
2019-05-11 20:00:00,-0.0,0.004364225806486053,-0.0,0.04216931419351396,-0.0,0.2610658445868157,0.04653354000000001
2019-05-11 21:00:00,-0.0,0.004443575366603981,-0.0,0.022857774633396017,-0.0,0.23700502918324093,0.02730135
2019-05-11 22:00:00,-0.0,0.003927803225837447,-0.0,0.02949043677416254,-0.0,0.20596246415780667,0.03341823999999999
2019-05-11 23:00:00,-0.0,0.0030152832844812724,-0.0,0.013542956715518726,-0.0,0.19170672024673432,0.01655824
2019-05-12 00:00:00,-0.0,0.0017060155425354566,-0.0,0.009276804457464545,-0.0,0.18194166292308744,0.01098282
2019-05-12 01:00:00,-0.0,0.0005157721407665335,-0.0,0.009098955859233466,-0.0,0.1723638146502101,0.009614728
2019-05-12 02:00:00,-0.0,3.967478005896411e-05,-0.0,0.009249053219941038,-0.0,0.16262796915553535,0.009288728000000001
2019-05-12 03:00:00,-0.0,-0.0,-0.0,0.008058978,-0.0,0.15414483441869323,0.008058978
2019-05-12 04:00:00,-0.0,7.934956011792822e-05,-0.0,0.02716302043988207,-0.0,0.12555218132408053,0.02724237
2019-05-12 05:00:00,-0.0,0.000357073020530677,-0.0,0.037366336979469325,-0.0,0.0862191950299023,0.03772341
2019-05-12 06:00:00,-0.0,0.0009521947214151387,-0.0,0.02152509527858486,-0.0,0.06356119999981298,0.02247729
2019-05-12 07:00:00,0.0263290618078079,0.0011902434017689234,-0.0,0.021403594790423173,-0.0,0.04103110022042017,0.0489229
2019-05-12 08:00:00,0.06677660603429539,0.0012299181818278874,-0.0,0.00019080578387672964,-0.0,0.040830252026865715,0.06819733
2019-05-12 09:00:00,0.1034083442016803,0.0012695929618868516,-0.0,0.0,0.043228767163567154,0.08189758083225451,0.06144917
2019-05-12 10:00:00,0.13240847025086,0.001388617302063744,-0.0,0.0,0.09479160755292373,0.17194960800753206,0.03900548
2019-05-12 11:00:00,0.1511059199404627,0.0019440642228892415,-0.0,0.0,0.07215977416335197,0.24050139346271643,0.08089020999999999
2019-05-12 12:00:00,0.1503427587286422,0.0023804868035378467,-0.0,0.0,0.05549179553218005,0.29321859921828747,0.09723145
2019-05-12 13:00:00,0.14118482418679598,0.002499511143714739,-0.0,0.0,0.07611920533051073,0.36553184428227264,0.06756513
2019-05-12 14:00:00,0.11523734298489834,0.0024201615835968107,-0.0,0.0,0.06519175456849516,0.42746401112234306,0.05246575
2019-05-12 15:00:00,0.0797503466352442,0.0023011372434199187,-0.0,0.0,0.02942489387866412,0.455417660307074,0.05262659
2019-05-12 16:00:00,0.046552833921051646,0.0023408120234788823,-0.0,0.017438794055469477,-0.0,0.4370610349855272,0.06633244
2019-05-12 17:00:00,0.016789546660051412,0.002737559824068524,-0.0,0.028928033515880067,-0.0,0.40661047338986395,0.04845514
2019-05-12 18:00:00,-0.0,0.0032930067448940213,-0.0,0.10439819325510598,-0.0,0.2967176383844892,0.1076912
2019-05-12 19:00:00,-0.0,0.004046827566014339,-0.0,0.06964315243398567,-0.0,0.22340905687503063,0.07368998
2019-05-12 20:00:00,-0.0,0.004562599706780873,-0.0,0.04566721029321913,-0.0,0.17533830919795787,0.05022981
2019-05-12 21:00:00,-0.0,0.0048403231671936215,-0.0,0.02184800683280638,-0.0,0.152340407268688,0.02668833
2019-05-12 22:00:00,-0.0,0.004681624046957765,-0.0,0.023745445953042232,-0.0,0.12734520100232777,0.02842707
2019-05-12 23:00:00,-0.0,0.004324551026427088,-0.0,0.014718898973572911,-0.0,0.1118516231354089,0.01904345
2019-05-13 00:00:00,-0.0,0.004007152785955375,-0.0,0.010383917214044625,-0.0,0.10092118396273035,0.01439107
2019-05-13 01:00:00,-0.0,0.0037691041056015905,-0.0,0.00786382589439841,-0.0,0.09264347249494255,0.01163293
2019-05-13 02:00:00,-0.0,0.0032533319648350573,-0.0,0.006884128035164942,-0.0,0.08539702193161103,0.01013746
2019-05-13 03:00:00,-0.0,0.0028169093841864516,-0.0,0.0054338486158135475,-0.0,0.07967718128338624,0.008250757999999999
2019-05-13 04:00:00,-0.0,0.0024201615835968107,-0.0,0.01632261841640319,-0.0,0.06249547768717236,0.01874278
2019-05-13 05:00:00,-0.0,0.0019440642228892415,-0.0,0.03481188577711076,-0.0,0.02585138739547683,0.03675595
2019-05-13 06:00:00,0.0007631612118205187,0.0016663407624764928,-0.0,0.024558818025702988,-0.0,-0.0,0.02698832
2019-05-13 07:00:00,0.0281212,-0.0,-0.0,0.0,-0.0,-0.0,0.0281212
2019-05-13 08:00:00,0.04716434000000001,-0.0,-0.0,0.0,-0.0,-0.0,0.04716434000000001
2019-05-13 09:00:00,0.04806292,-0.0,-0.0,0.0,-0.0,-0.0,0.04806292
2019-05-13 10:00:00,0.11233908085057534,-0.0,-0.0,0.0,0.08305735085057533,0.07890448330804656,0.02928173
2019-05-13 11:00:00,0.16598756357096284,-0.0,-0.0,0.0,0.08137577357096284,0.15621146820046125,0.08461178999999999
2019-05-13 12:00:00,0.1728560144773475,0.0013489425220047798,-0.0,0.0,0.10417256699935228,0.2551754068498459,0.07003239
2019-05-13 13:00:00,0.1644612411473218,0.0016663407624764928,-0.0,0.0,0.11066329190979829,0.3603055341641543,0.05546429
2019-05-13 14:00:00,0.1457637914577191,0.0017853651026533848,-0.0,0.0,0.08344399656037248,0.43957733089650813,0.06410516
2019-05-13 15:00:00,0.11027679510806496,0.0016266659824175286,-0.0,0.0,0.05893639109048249,0.4955669024324665,0.05296707
2019-05-13 16:00:00,0.06563186421656461,0.0015076416422406362,-0.0,0.0,0.039425195858805245,0.5330208384983315,0.02771431
2019-05-13 17:00:00,0.023657997566436082,0.0016663407624764928,-0.0,0.043569041671087425,-0.0,0.48715868937087103,0.06889337999999999
2019-05-13 18:00:00,-0.0,0.0020234137830071695,-0.0,0.09866098621699282,-0.0,0.38330501966877334,0.1006844
2019-05-13 19:00:00,-0.0,0.0026978850440095596,-0.0,0.06197994495599045,-0.0,0.31806297234667813,0.06467783
2019-05-13 20:00:00,-0.0,0.002856584164245416,-0.0,0.042422975835754585,-0.0,0.27340720830904175,0.04527956
2019-05-13 21:00:00,-0.0,0.0030152832844812724,0.014592673073353388,0.01396850364216534,-0.0,0.2587035202646572,0.03157646
2019-05-13 22:00:00,-0.0,0.0023804868035378467,0.014592673073353388,0.0015630401231087662,-0.0,0.25705821487191116,0.0185362
2019-05-13 23:00:00,-0.0,0.0012695929618868516,0.014592673073353388,0.002173963964759761,-0.0,0.2547698317511114,0.01803623
2019-05-14 00:00:00,-0.0,0.0005554469208254976,0.011514453079174503,0.0,-0.0,0.2547698317511114,0.0120699
2019-05-14 01:00:00,-0.0,0.00023804868035378468,-0.0,0.012127871319646216,-0.0,0.2420036514146417,0.01236592
2019-05-14 02:00:00,-0.0,0.0003173982404717129,-0.0,0.010392891759528287,-0.0,0.23106376535198034,0.01071029
2019-05-14 03:00:00,-0.0,0.0007538208211203181,-0.0,0.009470249178879682,-0.0,0.2210950820057912,0.01022407
2019-05-14 04:00:00,-0.0,0.001428292082122708,0.014592673073353388,0.013376644844523904,-0.0,0.20701440322208184,0.02939761
2019-05-14 05:00:00,-0.0,0.0018647146627713133,-0.0,0.03268904533722869,-0.0,0.1726048818144727,0.03455376
2019-05-14 06:00:00,0.0007631612118205187,0.0021821129032430263,0.014592673073353388,0.03150860281158307,-0.0,0.13943793148649053,0.04904655
2019-05-14 07:00:00,0.027855384231448933,0.0019440642228892415,0.014592673073353388,0.016803698472308434,-0.0,0.12174982783142901,0.06119582
2019-05-14 08:00:00,0.06219763876337228,0.0019440642228892415,-0.0,0.0,0.007506772986261526,0.12888126216837748,0.05663493
2019-05-14 09:00:00,0.09539515147756485,0.0022614624633609543,-0.0,0.0,0.0434220739409258,0.170132232412257,0.05423454
2019-05-14 10:00:00,0.1144741817730778,0.0022217876833019903,-0.0,0.0,0.03750912945637978,0.2057659053958178,0.07918684000000001
2019-05-14 11:00:00,0.13775059873360362,0.002142438123184062,-0.0,0.0,0.035191436856787675,0.2391977704097661,0.1047016
2019-05-14 12:00:00,0.14614537206362935,0.0022614624633609543,-0.0,0.0,0.044662134526990305,0.28162679821040687,0.1037447
2019-05-14 13:00:00,0.14080324358088572,0.0026978850440095596,-0.0,0.0,0.05213923862489528,0.3311590749040574,0.09136189
2019-05-14 14:00:00,0.12439527752674456,0.0032930067448940213,-0.0,0.0,0.045936854271638586,0.374799086462114,0.08175143
2019-05-14 15:00:00,0.0957767320834751,0.003689754545483662,-0.0,0.0,0.022440786628958764,0.39611783375962484,0.0770257
2019-05-14 16:00:00,0.05761867149244917,0.0037691041056015905,0.00572140440194923,0.0,-0.0,0.39611783375962484,0.06710917999999999
2019-05-14 17:00:00,0.020223772113243745,0.0032533319648350573,0.014592673073353388,0.02690496284856781,-0.0,0.36779682023481663,0.06497474
2019-05-14 18:00:00,-0.0,0.002142438123184062,0.014592673073353388,0.09868338880346254,-0.0,0.2639195688627508,0.1154185
2019-05-14 19:00:00,-0.0,0.0009918695014741027,0.009169089940134103,0.0799002105583918,-0.0,0.17981408406444366,0.09006117000000001
2019-05-14 20:00:00,-0.0,0.0003173982404717129,-0.0,0.05601027175952829,-0.0,0.1208559032649402,0.05632767
2019-05-14 21:00:00,-0.0,0.00011902434017689234,0.014592673073353388,0.029090922586469725,-0.0,0.09023387948970892,0.04380262
2019-05-14 22:00:00,-0.0,3.967478005896411e-05,0.014592673073353388,0.008633102146587647,-0.0,0.08114640354593244,0.02326545
2019-05-14 23:00:00,-0.0,0.00015869912023585645,0.014592673073353388,0.0010895078064107559,-0.0,0.0799995532233948,0.01584088
2019-05-15 00:00:00,-0.0,0.0004364225806486052,-0.0,0.011115737419351396,-0.0,0.0682987769924986,0.01155216
2019-05-15 01:00:00,-0.0,0.000714146041061354,0.012143313958938645,0.0,-0.0,0.0682987769924986,0.01285746
2019-05-15 02:00:00,-0.0,0.0009521947214151387,0.01124942527858486,0.0,-0.0,0.0682987769924986,0.01220162
2019-05-15 03:00:00,-0.0,0.001071219061592031,-0.0,0.00985128093840797,-0.0,0.05792900758364811,0.0109225
2019-05-15 04:00:00,-0.0,0.0007538208211203181,0.014592673073353388,0.008878676105526296,-0.0,0.04858303273572569,0.02422517
2019-05-15 05:00:00,-0.0,0.0003967478005896411,0.014592673073353388,0.017149859126056974,-0.0,0.0305305494451394,0.03213928
2019-05-15 06:00:00,0.0007631612118205187,0.0003173982404717129,-0.0,0.02767796054770777,-0.0,0.0013958541317628046,0.02875852
2019-05-15 07:00:00,0.02976328726100023,0.0003173982404717129,0.014592673073353388,0.0013260614251746645,-0.0,-0.0,0.04599942
2019-05-15 08:00:00,0.07211873451703903,0.000357073020530677,-0.0,0.0,0.008386227537569707,0.007966916160691222,0.06408958
2019-05-15 09:00:00,0.1156189235908086,0.0003967478005896411,-0.0,0.0,0.049393791391398226,0.05489101798251953,0.06662188000000001
2019-05-15 10:00:00,0.14500063024589857,0.00047609736070756937,-0.0,0.0,0.07639274760660614,0.12746412820879535,0.06908398
2019-05-15 11:00:00,0.1663691441768731,0.0007934956011792822,-0.0,0.0,0.09128547977805238,0.2141853339979451,0.07587716
2019-05-15 12:00:00,0.16598756357096284,0.0013092677419458158,-0.0,0.0,0.09995264131290865,0.30914034324520834,0.06734419
2019-05-15 13:00:00,0.1484348556990909,0.0018647146627713133,-0.0,0.0,0.05470337036186222,0.36110854508897744,0.09559619999999999
2019-05-15 14:00:00,0.12210579389128301,0.0023804868035378467,-0.0,0.0,0.07596218069482086,0.43327261674905726,0.0485241
2019-05-15 15:00:00,0.09272408723619303,0.002578860703832667,-0.0,0.0,0.02319312794002569,0.4553060882920817,0.07210982
2019-05-15 16:00:00,0.05800025209835943,0.0024598363636557747,-0.0,0.0,0.0014058184620151862,0.4566416158309961,0.05905427000000001
2019-05-15 17:00:00,0.022131675142795047,0.002499511143714739,-0.0,0.06360506371349021,-0.0,0.3896889171852169,0.08823625
2019-05-15 18:00:00,-0.0,0.002856584164245416,0.014592673073353388,0.06820190276240119,-0.0,0.3178974405932157,0.08565116
2019-05-15 19:00:00,-0.0,0.0037294293255426265,-0.0,0.10867327067445737,-0.0,0.2035045240937869,0.1124027
2019-05-15 20:00:00,-0.0,0.004641949266898801,-0.0,0.029142570733101197,-0.0,0.17282813384841722,0.03378452
2019-05-15 21:00:00,-0.0,0.005475119648137048,0.005224840972245938,0.018139069379617016,-0.0,0.1537343766067151,0.02883903
2019-05-15 22:00:00,-0.0,0.005157721407665334,-0.0,0.020698648592334667,-0.0,0.13194632545688914,0.02585637
2019-05-15 23:00:00,-0.0,0.004205526686250196,-0.0,0.013476433313749803,-0.0,0.11776060617925778,0.01768196
2019-05-16 00:00:00,-0.0,0.003610404985365734,0.0068999150146342655,0.0,-0.0,0.11776060617925778,0.01051032
2019-05-16 01:00:00,-0.0,0.0032136571847760933,-0.0,0.003987018815223906,-0.0,0.11356374426849578,0.007200676
2019-05-16 02:00:00,-0.0,0.002777234604127488,-0.0,0.007654705395872513,-0.0,0.10550615964126155,0.01043194
2019-05-16 03:00:00,-0.0,0.0024201615835968107,-0.0,0.01035286841640319,-0.0,0.09460840341346871,0.01277303
2019-05-16 04:00:00,-0.0,0.0023408120234788823,-0.0,0.024456907976521117,-0.0,0.0688642897539728,0.02679772
2019-05-16 05:00:00,-0.0,0.0023408120234788823,-0.0,0.04003218797652112,-0.0,0.02672514451552952,0.042373
2019-05-16 06:00:00,0.0015263224236410375,0.0024201615835968107,0.014592673073353388,0.024304802919408765,-0.0,0.0011411414424676635,0.04284396
2019-05-16 07:00:00,0.03701331877329516,0.0020234137830071695,0.014592673073353388,0.0010840843703442803,-0.0,-0.0,0.05471349
2019-05-16 08:00:00,0.07680809665687491,0.002102763343125098,-0.0,0.0,-0.0,-0.0,0.07891086
2019-05-16 09:00:00,0.06196809,-0.0,-0.0,0.0,-0.0,-0.0,0.06196809
2019-05-16 10:00:00,0.06572141999999999,-0.0,-0.0,0.0,-0.0,-0.0,0.06572141999999999
2019-05-16 11:00:00,0.1793428847778219,0.003134307624658165,-0.0,0.0,0.09338056240248005,0.08871153428235605,0.08909663000000001
2019-05-16 12:00:00,0.14508608777903337,-0.0,-0.0,0.0,0.047364127779033365,0.13370745567243775,0.09772196
2019-05-16 13:00:00,0.16980336963006543,0.006665363049905971,-0.0,0.0,0.1033850826799714,0.23192328421841057,0.07308365
2019-05-16 14:00:00,0.14309272721634728,0.008569752492736248,-0.0,0.0,0.0856028297090835,0.3132459724420399,0.06605965000000001
2019-05-16 15:00:00,0.10569782783714186,0.009879020234682064,-0.0,0.0,0.04675042807182393,0.3576588791102726,0.06882642
2019-05-16 16:00:00,0.0629607999751928,0.010315442815330669,-0.0,0.0,0.029761182790523463,0.3859320027612699,0.04351506
2019-05-16 17:00:00,0.022131675142795047,0.010870889736156167,-0.0,0.0445281251210488,-0.0,0.3390602921075343,0.07753069000000001
2019-05-16 18:00:00,-0.0,0.011307312316804772,-0.0,0.08846301768319523,-0.0,0.24594132612522351,0.09977033
2019-05-16 19:00:00,-0.0,0.010950239296274096,-0.0,0.0429454207037259,-0.0,0.2007356201213015,0.05389566
2019-05-16 20:00:00,-0.0,0.009918695014741028,-0.0,0.03541977498525897,-0.0,0.16345164645260785,0.04533847
2019-05-16 21:00:00,-0.0,0.009244223753738639,-0.0,0.034037656246261365,-0.0,0.12762253461443798,0.04328188
2019-05-16 22:00:00,-0.0,0.0074985334311442175,-0.0,0.021424786568855783,-0.0,0.10507012769985294,0.02892332
2019-05-16 23:00:00,-0.0,0.005356095307960156,-0.0,0.012707534692039845,-0.0,0.09169377539244257,0.01806363
2019-05-17 00:00:00,-0.0,0.004205526686250196,-0.0,0.004298271313749804,-0.0,0.08716927927270593,0.008503798
2019-05-17 01:00:00,-0.0,0.0035707302053067697,-0.0,0.006351941794693231,-0.0,0.08048302475197622,0.009922672
2019-05-17 02:00:00,-0.0,0.003689754545483662,-0.0,0.007980405454516339,-0.0,0.07208259795774849,0.01167016
2019-05-17 03:00:00,-0.0,0.004284876246368124,-0.0,0.004805081753631875,-0.0,0.06702461716445178,0.009089957999999999
2019-05-17 04:00:00,-0.0,0.004522924926721909,-0.0,0.011668865073278092,-0.0,0.054741601297843265,0.01619179
2019-05-17 05:00:00,-0.0,0.004641949266898801,-0.0,0.0271067807331012,-0.0,0.026208147894578843,0.03174873
2019-05-17 06:00:00,0.0034342254531923343,0.004681624046957765,-0.0,0.024897740499849903,-0.0,-0.0,0.03301359
2019-05-17 07:00:00,0.02906771935481116,0.0034913806451888417,-0.0,0.0,-0.0,-0.0,0.0325591
2019-05-17 08:00:00,0.05657397,-0.0,-0.0,0.0,-0.0,-0.0,0.05657397
2019-05-17 09:00:00,0.0436196,-0.0,-0.0,0.0,-0.0,-0.0,0.0436196
2019-05-17 10:00:00,0.05285176,-0.0,-0.0,0.0,-0.0,-0.0,0.05285176
2019-05-17 11:00:00,0.1526729729542237,-0.0,-0.0,0.0,0.1047396629542237,0.0995026798065125,0.04793331
2019-05-17 12:00:00,0.09519061000000001,-0.0,-0.0,0.0,-0.0,0.0995026798065125,0.09519061000000001
2019-05-17 13:00:00,0.17919499962458288,-0.0,-0.0,0.0,0.13325520962458287,0.22609512894986622,0.04593979
2019-05-17 14:00:00,0.16522440235914232,0.003610404985365734,-0.0,0.0,0.10666176734450805,0.32742380792714887,0.06217304
2019-05-17 15:00:00,0.12363211631492405,0.0034913806451888417,-0.0,0.0,0.07760040696011287,0.4011441945392561,0.04952309000000001
2019-05-17 16:00:00,0.07288189572885954,0.003134307624658165,-0.0,0.0,0.013648063353517703,0.4141098547250979,0.06236814
2019-05-17 17:00:00,0.02594748120189764,0.0033723563050119497,-0.0,0.02852132249309041,-0.0,0.3840874099955291,0.05784116
2019-05-17 18:00:00,-0.0,0.004205526686250196,-0.0,0.08936465331374979,-0.0,0.2900193538757925,0.09357017999999999
2019-05-17 19:00:00,-0.0,0.004879997947252586,-0.0,0.07516419205274741,-0.0,0.21089915171500573,0.08004419
2019-05-17 20:00:00,-0.0,0.005038697067488442,-0.0,0.03966603293251156,-0.0,0.16914543283867778,0.04470473
2019-05-17 21:00:00,-0.0,0.005078371847547406,-0.0,0.025422598152452593,-0.0,0.14238480320451716,0.03050097
2019-05-17 22:00:00,-0.0,0.004999022287429478,-0.0,0.009127217712570522,-0.0,0.13277720561233766,0.01412624
2019-05-17 23:00:00,-0.0,0.004721298827016729,-0.0,0.012024181172983272,-0.0,0.12012017279867107,0.01674548
2019-05-18 00:00:00,-0.0,0.004522924926721909,-0.0,0.0027104780732780916,-0.0,0.11726703798469414,0.007233403
2019-05-18 01:00:00,-0.0,0.00424520146630916,-0.0,0.00426039553369084,-0.0,0.11278241110712484,0.008505597
2019-05-18 02:00:00,-0.0,0.004205526686250196,-0.0,0.006990573313749805,-0.0,0.10542391288212505,0.0111961
2019-05-18 03:00:00,-0.0,0.004205526686250196,-0.0,0.004906180313749803,-0.0,0.10025951255186209,0.009111706999999998
2019-05-18 04:00:00,-0.0,0.004522924926721909,-0.0,0.013865585073278092,-0.0,0.08566415984314832,0.01838851
2019-05-18 05:00:00,-0.0,0.004959347507370514,-0.0,0.03622358249262948,-0.0,0.047534073008801504,0.04118293
2019-05-18 06:00:00,0.0007631612118205187,0.005475119648137048,-0.0,0.032466649140042436,-0.0,0.013358652861388418,0.03870493
2019-05-18 07:00:00,0.033197512714192565,0.005038697067488442,-0.0,0.012690720218318997,-0.0,-0.0,0.05092693
2019-05-18 08:00:00,0.05315374683280638,0.0048403231671936215,-0.0,0.0,-0.0,-0.0,0.05799407
2019-05-18 09:00:00,0.08571151893251705,-0.0,-0.0,0.0,0.007778408932517055,0.007389488485891202,0.07793311
2019-05-18 10:00:00,0.07420544,-0.0,-0.0,0.0,-0.0,0.007389488485891202,0.07420544
2019-05-18 11:00:00,0.1644612411473218,-0.0,-0.0,0.0,0.1024903111473218,0.1047552840758469,0.06197093
2019-05-18 12:00:00,0.16751388599460387,0.006070241349021509,-0.0,0.0,0.09580558734362538,0.195770592052291,0.07777854000000001
2019-05-18 13:00:00,0.16293491872368077,0.006109916129080473,-0.0,0.0,0.09756905485276124,0.28846119416241417,0.07147578
2019-05-18 14:00:00,0.14767169448727038,0.00579251788860876,-0.0,0.0,0.07176701237587915,0.35663985591949937,0.0816972
2019-05-18 15:00:00,0.12057947146764196,0.005276745747842227,-0.0,0.0,0.06939682721548418,0.42256684177420933,0.05645939
2019-05-18 16:00:00,0.08051350784706472,0.0047609736070756935,-0.0,0.0,0.02785281145414041,0.4490270126556427,0.05742167
2019-05-18 17:00:00,0.033579093320102824,0.003888128445778483,-0.0,0.0266746182341187,-0.0,0.42094846714604406,0.06414184
2019-05-18 18:00:00,0.0003815806059102594,0.0035707302053067697,-0.0,0.12651588918878298,-0.0,0.2877738469473251,0.1304682
2019-05-18 19:00:00,-0.0,0.003848453665719519,-0.0,0.06582871633428049,-0.0,0.21848046133229304,0.06967717000000001
2019-05-18 20:00:00,-0.0,0.0035310554252478057,-0.0,0.05005458457475219,-0.0,0.16579142493781707,0.05358564
2019-05-18 21:00:00,-0.0,0.0032533319648350573,-0.0,0.031809278035164944,-0.0,0.13230797437448555,0.03506261
2019-05-18 22:00:00,-0.0,0.0026978850440095596,-0.0,0.02495787495599044,-0.0,0.10603652705239035,0.02765576
2019-05-18 23:00:00,-0.0,0.0022614624633609543,-0.0,0.013240627536639045,-0.0,0.09209902438224399,0.01550209
2019-05-19 00:00:00,-0.0,0.0023011372434199187,-0.0,0.00816800275658008,-0.0,0.08350112674373864,0.01046914
2019-05-19 01:00:00,-0.0,0.002499511143714739,-0.0,0.0033479078562852612,-0.0,0.07997701321080677,0.005847419
2019-05-19 02:00:00,-0.0,0.0030152832844812724,-0.0,0.008815486715518727,-0.0,0.07069755351026075,0.01183077
2019-05-19 03:00:00,-0.0,0.0034913806451888417,-0.0,0.004509395354811157,-0.0,0.06595082155782794,0.008000776
2019-05-19 04:00:00,-0.0,0.003888128445778483,-0.0,0.010732961554221517,-0.0,0.054652967290226354,0.01462109
2019-05-19 05:00:00,-0.0,0.004205526686250196,-0.0,0.029077783313749807,-0.0,0.024044774328384456,0.03328331
2019-05-19 06:00:00,0.0026710642413718157,0.004483250146662945,-0.0,0.022842535611965236,-0.0,-0.0,0.02999685
2019-05-19 07:00:00,0.03707712633428049,0.003848453665719519,-0.0,0.0,-0.0,-0.0,0.04092558
2019-05-19 08:00:00,0.0458424,-0.0,-0.0,0.0,-0.0,-0.0,0.0458424
2019-05-19 09:00:00,0.04529976,-0.0,-0.0,0.0,-0.0,-0.0,0.04529976
2019-05-19 10:00:00,0.07583764999999999,-0.0,-0.0,0.0,-0.0,-0.0,0.07583764999999999
2019-05-19 11:00:00,0.1353170798789154,-0.0,-0.0,0.0,0.05223070987891537,0.0496191743849696,0.08308637
2019-05-19 12:00:00,0.08087981999999999,-0.0,-0.0,0.0,-0.0,0.0496191743849696,0.08087981999999999
2019-05-19 13:00:00,0.17678594962458288,-0.0,-0.0,0.0,0.13325520962458287,0.1762116235283233,0.04353074
2019-05-19 14:00:00,0.15530330660547556,0.002935933724363344,-0.0,0.0,0.11012035032983891,0.2808259563416703,0.04811889
2019-05-19 15:00:00,0.11371102056125729,0.0028169093841864516,-0.0,0.0,0.08454968994544373,0.3611481617898418,0.03197824
2019-05-19 16:00:00,0.06525028361065437,0.0023408120234788823,-0.0,0.0,0.02104126563413325,0.3811373641422684,0.04654983
2019-05-19 17:00:00,0.02289483635461556,0.002142438123184062,-0.0,0.028645055522200376,-0.0,0.35098467411889955,0.05368233
2019-05-19 18:00:00,-0.0,0.0026185354838916316,-0.0,0.061715104516108364,-0.0,0.28602140620720656,0.06433364
2019-05-19 19:00:00,-0.0,0.0032533319648350573,-0.0,0.056242438035164946,-0.0,0.22681883985440138,0.05949577
2019-05-19 20:00:00,-0.0,0.0033723563050119497,-0.0,0.02259261369498805,-0.0,0.20303714122809816,0.02596497
2019-05-19 21:00:00,-0.0,0.0033723563050119497,-0.0,0.02583205369498805,-0.0,0.17584550575968969,0.02920441
2019-05-19 22:00:00,-0.0,0.0035310554252478057,-0.0,0.014894804574752193,-0.0,0.1601667641020558,0.01842586
2019-05-19 23:00:00,-0.0,0.0035707302053067697,-0.0,0.012891929794693231,-0.0,0.14659631168658924,0.01646266
2019-05-20 00:00:00,-0.0,0.0037294293255426265,-0.0,0.009540110674457373,-0.0,0.13655408992400253,0.01326954
2019-05-20 01:00:00,-0.0,0.004007152785955375,-0.0,0.008109827214044624,-0.0,0.1280174296986924,0.01211698
2019-05-20 02:00:00,-0.0,0.00424520146630916,-0.0,0.00732691853369084,-0.0,0.12030488387375467,0.01157212
2019-05-20 03:00:00,-0.0,0.004681624046957765,-0.0,0.008805885953042235,-0.0,0.11103553023897336,0.01348751
2019-05-20 04:00:00,-0.0,0.004999022287429478,-0.0,0.020032827712570523,-0.0,0.08994834317310965,0.02503185
2019-05-20 05:00:00,-0.0,0.005118046627606371,-0.0,0.03865375337239363,-0.0,0.049260181728484786,0.0437718
2019-05-20 06:00:00,0.0011447418177307782,0.004641949266898801,-0.0,0.03857758891537042,-0.0,0.00865219339651593,0.04436428
2019-05-20 07:00:00,0.028236964837359192,0.0034120310850709133,-0.0,0.002473444077569893,-0.0,0.0060485680517055156,0.03412244
2019-05-20 08:00:00,0.06448712239883383,0.002777234604127488,-0.0,0.0,0.008890847002961319,0.014494872704518769,0.05837351
2019-05-20 09:00:00,0.09348724844801355,0.0019440642228892415,-0.0,0.0,0.0428751926709028,0.055226305741876425,0.05255612
2019-05-20 10:00:00,0.11905314904400092,0.0016266659824175286,-0.0,0.0,0.07212635502641845,0.12374634301697396,0.04855346
2019-05-20 11:00:00,0.14767169448727038,0.0015076416422406362,-0.0,0.0,0.04768743612951103,0.16904940734000942,0.1014919
2019-05-20 12:00:00,0.15721120963502686,0.0015473164222996004,-0.0,0.0,0.027584426057326472,0.19525461209446957,0.1311741
2019-05-20 13:00:00,0.14729011388136012,0.0016266659824175286,-0.0,0.0,0.09089241986377766,0.28160241096505834,0.05802436
2019-05-20 14:00:00,0.12515843873856508,0.0015869912023585644,-0.0,0.0,0.06597776994092364,0.3442812924089358,0.06076766
2019-05-20 15:00:00,0.09043460360073147,0.0013489425220047798,-0.0,0.0,0.04375577612273625,0.38584927972553523,0.04802777
2019-05-20 16:00:00,0.053802865433346565,0.0011505686217099594,-0.0,0.0,0.011191964055056527,0.39648164557783894,0.04376147
2019-05-20 17:00:00,0.019842191507333486,0.001388617302063744,-0.0,0.03259719119060277,-0.0,0.3621688127456255,0.053828
2019-05-20 18:00:00,-0.0,0.002102763343125098,-0.0,0.0803383866568749,-0.0,0.2776020899489151,0.08244114999999999
2019-05-20 19:00:00,-0.0,0.003134307624658165,-0.0,0.10455219237534184,-0.0,0.16754715060645003,0.1076865
2019-05-20 20:00:00,-0.0,0.004007152785955375,-0.0,0.029247517214044623,-0.0,0.1367602903811399,0.03325467
2019-05-20 21:00:00,-0.0,0.004681624046957765,-0.0,0.027569585953042236,-0.0,0.10773967358846387,0.03225121
2019-05-20 22:00:00,-0.0,0.004324551026427088,-0.0,0.02325723897357291,-0.0,0.08325836940575554,0.02758179
2019-05-20 23:00:00,-0.0,0.004046827566014339,-0.0,0.01586521243398566,-0.0,0.0665581457910338,0.01991204
2019-05-21 00:00:00,-0.0,0.004086502346073303,-0.0,0.006072707653926697,-0.0,0.06016582194479517,0.01015921
2019-05-21 01:00:00,-0.0,0.004007152785955375,-0.0,0.0022326222140446233,-0.0,0.057815693298432405,0.006239774999999999
2019-05-21 02:00:00,-0.0,0.0035707302053067697,-0.0,0.00408331279469323,-0.0,0.05351746930401848,0.007654043
2019-05-21 03:00:00,-0.0,0.003094632844599201,-0.0,0.008371407155400799,-0.0,0.04470546177201764,0.01146604
2019-05-21 04:00:00,-0.0,0.0028169093841864516,-0.0,0.010622920615813549,-0.0,0.03352344007116127,0.01343983
2019-05-21 05:00:00,-0.0,0.0026582102639505956,-0.0,0.0,0.0010316452639505956,0.03450350307191434,0.001626565
2019-05-21 06:00:00,0.0011447418177307782,0.0026582102639505956,-0.0,0.032778327918318625,-0.0,-0.0,0.03658128
2019-05-21 07:00:00,0.03040713,-0.0,-0.0,0.0,-0.0,-0.0,0.03040713
2019-05-21 08:00:00,0.03188561,-0.0,-0.0,0.0,-0.0,-0.0,0.03188561
2019-05-21 09:00:00,0.04794544,-0.0,-0.0,0.0,-0.0,-0.0,0.04794544
2019-05-21 10:00:00,0.03035299,-0.0,-0.0,0.0,-0.0,-0.0,0.03035299
2019-05-21 11:00:00,0.13312202043746135,-0.0,-0.0,0.0,0.09006576043746135,0.08556247241558829,0.04305626
2019-05-21 12:00:00,0.17400075629507827,0.002578860703832667,-0.0,0.0,0.12643971699891096,0.2056802035645537,0.05013989999999999
2019-05-21 13:00:00,0.16942178902415517,0.0026978850440095596,-0.0,0.0,0.11559400406816472,0.3154945074293102,0.05652567
2019-05-21 14:00:00,0.1522506617581935,0.002935933724363344,-0.0,0.0,0.11129252548255683,0.42122240663773913,0.04389407
2019-05-21 15:00:00,0.1201978908617317,0.0032533319648350573,-0.0,0.0,0.06008969282656676,0.47830761482297757,0.06336153
2019-05-21 16:00:00,0.07593454057614162,0.003173982404717129,-0.0,0.0,0.018402002980858742,0.4957895176547934,0.06070652
2019-05-21 17:00:00,0.03014486786691049,0.0032533319648350573,-0.0,0.03295579016825445,-0.0,0.46109921221452554,0.06635399
2019-05-21 18:00:00,-0.0,0.003808778885660555,-0.0,0.09347883111433944,-0.0,0.36270044262048406,0.09728761
2019-05-21 19:00:00,-0.0,0.004086502346073303,-0.0,0.0447386176539267,-0.0,0.3156071608795086,0.04882512
2019-05-21 20:00:00,-0.0,0.003848453665719519,-0.0,0.028096756334280482,-0.0,0.28603162789605546,0.03194521
2019-05-21 21:00:00,-0.0,0.0035310554252478057,-0.0,0.018765104574752195,-0.0,0.26627888623842155,0.02229616
2019-05-21 22:00:00,-0.0,0.0033326815249529857,-0.0,0.014439838475047014,-0.0,0.25107905626468785,0.01777252
2019-05-21 23:00:00,-0.0,0.0033326815249529857,-0.0,0.007770068475047014,-0.0,0.24290003681726996,0.01110275
2019-05-22 00:00:00,-0.0,0.0033326815249529857,-0.0,0.005507011475047015,-0.0,0.23710318263300995,0.008839693000000001
2019-05-22 01:00:00,-0.0,0.0030152832844812724,-0.0,0.006497782715518728,-0.0,0.23026341135351655,0.009513066
2019-05-22 02:00:00,-0.0,0.002737559824068524,-0.0,0.007111051175931476,-0.0,0.22277809432622026,0.009848611
2019-05-22 03:00:00,-0.0,0.0026185354838916316,-0.0,0.007110349516108368,-0.0,0.21529351588821144,0.009728885
2019-05-22 04:00:00,-0.0,0.0022614624633609543,-0.0,0.01807052753663905,-0.0,0.19627190795490718,0.02033199
2019-05-22 05:00:00,-0.0,0.0016663407624764928,-0.0,0.040807549237523506,-0.0,0.15331659296804032,0.04247389
2019-05-22 06:00:00,0.0003815806059102594,0.0011505686217099594,-0.0,0.03123159077237978,-0.0,0.12044123426027213,0.03276374
2019-05-22 07:00:00,0.024802739384166862,0.0006347964809434258,-0.0,0.0018685241348897104,-0.0,0.1184743667498619,0.02730606
2019-05-22 08:00:00,0.061434477551551764,0.0004364225806486052,-0.0,0.0,0.023710050132200365,0.14099891437545226,0.03816085
2019-05-22 09:00:00,0.09463199026574433,0.0002777234604127488,-0.0,0.0,0.056115423726157077,0.19430856691530146,0.03879429
2019-05-22 10:00:00,0.11905314904400092,0.00019837390029482055,-0.0,0.0,0.08052814294429575,0.27081030271238243,0.03872338
2019-05-22 11:00:00,0.12744792237402663,0.0003173982404717129,-0.0,0.0,0.04808508061449834,0.31649112929615586,0.07968024
2019-05-22 12:00:00,0.13164530903903948,0.0004364225806486052,-0.0,0.0,0.03971556161968809,0.35422091283485957,0.09236617
2019-05-22 13:00:00,0.12477685813265482,0.0004364225806486052,-0.0,0.0,0.06212772071330343,0.41324224751249783,0.06308556
2019-05-22 14:00:00,0.10836889207851366,0.0002777234604127488,-0.0,0.0,0.08832376553892642,0.49714982477447794,0.02032285
2019-05-22 15:00:00,0.0835661526943468,0.00015869912023585645,-0.0,0.0,0.03775896181458266,0.5330208384983315,0.04596589
2019-05-22 16:00:00,0.05685551028062864,0.00011902434017689234,-0.0,0.0025548053791944678,-0.0,0.5303315696781268,0.05952934
2019-05-22 17:00:00,0.0244211587782566,7.934956011792822e-05,-0.0,0.03931426166162548,-0.0,0.4889481363501,0.06381477
2019-05-22 18:00:00,-0.0,0.00023804868035378468,-0.0,0.09315657131964622,-0.0,0.39088858759257766,0.09339462
2019-05-22 19:00:00,-0.0,0.0005951217008844617,-0.0,0.08593597829911553,-0.0,0.3004296630671929,0.0865311
2019-05-22 20:00:00,-0.0,0.0007934956011792822,-0.0,0.027169654398820717,-0.0,0.2718300268579079,0.02796315
2019-05-22 21:00:00,-0.0,0.0009918695014741027,-0.0,0.0406487904985259,-0.0,0.22904182633314382,0.04164066
2019-05-22 22:00:00,-0.0,0.001071219061592031,-0.0,0.019781050938407967,-0.0,0.20821966745060913,0.02085227
2019-05-22 23:00:00,-0.0,0.0009521947214151387,-0.0,0.022024745278584862,-0.0,0.18503572505209875,0.02297694
2019-05-23 00:00:00,-0.0,0.0009125199413561745,-0.0,0.009216230058643827,-0.0,0.1753344302535263,0.01012875
2019-05-23 01:00:00,-0.0,0.0009918695014741027,-0.0,0.009516960498525897,-0.0,0.16531657709718325,0.01050883
2019-05-23 02:00:00,-0.0,0.001031544281533067,-0.0,0.007766847718466934,-0.0,0.15714094791984964,0.008798392
2019-05-23 03:00:00,-0.0,0.0011108938416509952,-0.0,0.009826796158349005,-0.0,0.1467969519636928,0.01093769
2019-05-23 04:00:00,-0.0,0.001467966862181672,-0.0,0.017433803137818327,-0.0,0.1284455802396735,0.01890177
2019-05-23 05:00:00,-0.0,0.0021821129032430263,-0.0,0.04140832709675697,-0.0,0.08485786750624512,0.04359044
2019-05-23 06:00:00,0.0003815806059102594,0.002856584164245416,-0.0,0.020927825229844325,-0.0,0.06282857779061951,0.02416599
2019-05-23 07:00:00,0.02518431999007712,0.0023408120234788823,-0.0,0.023279707986443993,-0.0,0.03832362201541531,0.05080484
2019-05-23 08:00:00,0.061434477551551764,0.0016663407624764928,-0.0,0.0,0.0025153483140282554,0.040713202913742155,0.06058547
2019-05-23 09:00:00,0.0919609260243725,0.0018647146627713133,-0.0,0.0,0.05388746068714382,0.09190629056652878,0.03993818
2019-05-23 10:00:00,0.1144741817730778,0.0017853651026533848,-0.0,0.0,0.029532676875731176,0.1199623335984734,0.08672687000000001
2019-05-23 11:00:00,0.1369874375217831,0.0016663407624764928,-0.0,0.0,0.0632347382842596,0.18003533496852003,0.07541903999999999
2019-05-23 12:00:00,0.14042166297497546,0.001825039882712349,-0.0,0.0,0.07442967285768781,0.25074352418332346,0.06781703
2019-05-23 13:00:00,0.1362242763099626,0.0021821129032430263,-0.0,0.0,0.07652361921320562,0.3234409624358688,0.06188277
2019-05-23 14:00:00,0.11600050419671885,0.002578860703832667,-0.0,0.0,0.08775864490055152,0.4068116750913927,0.03082072
2019-05-23 15:00:00,0.08280299148252629,0.002499511143714739,-0.0,0.0,0.032225032626241025,0.43742545608632166,0.05307747
2019-05-23 16:00:00,0.04807915634469268,0.0023011372434199187,-0.0,0.004617826411887398,-0.0,0.4325645861790718,0.05499812
2019-05-23 17:00:00,0.017552707871871933,0.002063088563066134,-0.0,0.04444814356506194,-0.0,0.3857770666369013,0.06406394
2019-05-23 18:00:00,-0.0,0.0022614624633609543,-0.0,0.06405130753663905,-0.0,0.3183546376509655,0.06631277000000001
2019-05-23 19:00:00,-0.0,0.0023408120234788823,0.014592673073353388,0.07173927490316773,-0.0,0.24283961143710475,0.08867276
2019-05-23 20:00:00,-0.0,0.0020234137830071695,0.014592673073353388,0.03170298314363946,-0.0,0.20946805023327375,0.04831907000000001
2019-05-23 21:00:00,-0.0,0.0015869912023585644,-0.0,0.03174045879764144,-0.0,0.17605704097259856,0.03332745
2019-05-23 22:00:00,-0.0,0.0009918695014741027,-0.0,0.0258981704985259,-0.0,0.14879580886888708,0.02689004
2019-05-23 23:00:00,-0.0,0.00047609736070756937,0.014592673073353388,0.004734329565939043,-0.0,0.14381230406263545,0.0198031
2019-05-24 00:00:00,-0.0,0.00011902434017689234,0.007876092871358114,0.005498182788464994,-0.0,0.1380247432326723,0.0134933
2019-05-24 01:00:00,-0.0,3.967478005896411e-05,-0.0,0.011711875219941036,-0.0,0.12569645352747122,0.01175155
2019-05-24 02:00:00,-0.0,3.967478005896411e-05,-0.0,0.008562969219941036,-0.0,0.11668280171700697,0.008602644
2019-05-24 03:00:00,-0.0,7.934956011792822e-05,-0.0,0.008978965439882072,-0.0,0.10723125914871005,0.009058315
2019-05-24 04:00:00,-0.0,0.00023804868035378468,-0.0,0.029487181319646213,-0.0,0.07619212091750352,0.02972523
2019-05-24 05:00:00,-0.0,0.0003967478005896411,-0.0,0.032843982199410364,-0.0,0.041619508076018934,0.03324073
2019-05-24 06:00:00,0.0011447418177307782,0.0005554469208254976,-0.0,0.03664428126144372,-0.0,0.0030465804323939675,0.03834447
2019-05-24 07:00:00,0.032815932108282306,0.0006347964809434258,-0.0,0.0028942514107742692,-0.0,-0.0,0.03634498
2019-05-24 08:00:00,0.04269027,-0.0,-0.0,0.0,-0.0,-0.0,0.04269027
2019-05-24 09:00:00,0.06199566,-0.0,-0.0,0.0,-0.0,-0.0,0.06199566
2019-05-24 10:00:00,0.06474442000000001,-0.0,-0.0,0.0,-0.0,-0.0,0.06474442000000001
2019-05-24 11:00:00,0.08825548131098669,-0.0,-0.0,0.0,0.03204347131098669,0.030441297745437357,0.05621201
2019-05-24 12:00:00,0.16102701569412944,0.0019043894428302775,-0.0,0.0,0.10874549513695972,0.13374951812554908,0.05418591
2019-05-24 13:00:00,0.1533954035759243,0.0026978850440095596,-0.0,0.0,0.08677098861993385,0.21618195731448625,0.0693223
2019-05-24 14:00:00,0.13011898661539845,0.0033326815249529857,-0.0,0.0,0.09250988814035144,0.3040663510478201,0.04094178
2019-05-24 15:00:00,0.09997411874848797,0.0035707302053067697,-0.0,0.0,0.06618441895379473,0.36694154905392506,0.03736043
2019-05-24 16:00:00,0.059144993916090204,0.003134307624658165,-0.0,0.0,0.020048531540748364,0.385987654017636,0.04223077
2019-05-24 17:00:00,0.022131675142795047,0.002539185923773703,-0.0,0.044758288933431256,-0.0,0.3388736656666557,0.06942915000000001
2019-05-24 18:00:00,-0.0,0.0021821129032430263,-0.0,0.06487309709675698,-0.0,0.27058619503849046,0.06705521
2019-05-24 19:00:00,-0.0,0.0019837390029482055,-0.0,0.0404143209970518,-0.0,0.22804480451527803,0.04239806
2019-05-24 20:00:00,-0.0,0.0015869912023585644,-0.0,0.037857158797641434,-0.0,0.18819516367565547,0.03944415
2019-05-24 21:00:00,-0.0,0.0011505686217099594,-0.0,0.02957708137829004,-0.0,0.1570613938037712,0.03072765
2019-05-24 22:00:00,-0.0,0.0007538208211203181,-0.0,0.02129638917887968,-0.0,0.13464414203652944,0.02205021
2019-05-24 23:00:00,-0.0,0.0006744712610023899,-0.0,0.015007648738997612,-0.0,0.11884661704811089,0.01568212
2019-05-25 00:00:00,-0.0,0.0007934956011792822,-0.0,0.010517114398820719,-0.0,0.10777597031251014,0.01131061
2019-05-25 01:00:00,-0.0,0.001071219061592031,-0.0,0.00974921093840797,-0.0,0.0975136430089228,0.01082043
2019-05-25 02:00:00,-0.0,0.001388617302063744,-0.0,0.009450302697936256,-0.0,0.08756595595846359,0.01083892
2019-05-25 03:00:00,-0.0,0.0016266659824175286,-0.0,0.006746998017582471,-0.0,0.08046385278206099,0.008373664
2019-05-25 04:00:00,-0.0,0.0016663407624764928,-0.0,0.014490859237523508,-0.0,0.06521031674256256,0.0161572
2019-05-25 05:00:00,-0.0,0.0017060155425354566,-0.0,0.023929504457464543,-0.0,0.04002136468207357,0.02563552
2019-05-25 06:00:00,0.0022894836354615563,0.0019837390029482055,-0.0,0.033530837361590245,-0.0,0.004725746406715411,0.03780406
2019-05-25 07:00:00,0.038158060591025944,0.0017456903225944208,-0.0,0.004489459086379641,-0.0,-0.0,0.04439321
2019-05-25 08:00:00,0.05965645275658008,0.0023011372434199187,-0.0,0.0,-0.0,-0.0,0.06195759
2019-05-25 09:00:00,0.07332954,-0.0,-0.0,0.0,-0.0,-0.0,0.07332954
2019-05-25 10:00:00,0.07308762302694861,-0.0,-0.0,0.0,0.0024478630269486163,0.0023254698756011855,0.07063976
2019-05-25 11:00:00,0.1682770472064244,0.0037294293255426265,-0.0,0.0,0.11436950653196701,0.11097650108096983,0.05763697
2019-05-25 12:00:00,0.1682770472064244,0.0035707302053067697,-0.0,0.0,0.06809277741173116,0.17566463962211443,0.103755
2019-05-25 13:00:00,0.15530330660547556,0.0034913806451888417,-0.0,0.0,0.10329928725066441,0.2737989625102456,0.05549539999999999
2019-05-25 14:00:00,0.13011898661539845,0.0033723563050119497,-0.0,0.0,0.0635909129204104,0.3342103297846355,0.06990043
2019-05-25 15:00:00,0.09310566784210329,0.0032136571847760933,-0.0,0.0,0.05115002502687938,0.3828028535601709,0.0451693
2019-05-25 16:00:00,0.05685551028062864,0.002935933724363344,-0.0,0.0,0.006245794004991985,0.3887363578649133,0.05354565
2019-05-25 17:00:00,0.020986933325064266,0.0030549580645402364,-0.0,0.04534449861039551,-0.0,0.3410053066960759,0.06938639
2019-05-25 18:00:00,-0.0,0.003173982404717129,-0.0,0.08516716759528287,-0.0,0.2513556565957782,0.08834115
2019-05-25 19:00:00,-0.0,0.0032930067448940213,-0.0,0.06721287325510598,-0.0,0.1806052636956666,0.07050588
2019-05-25 20:00:00,-0.0,0.0032533319648350573,-0.0,0.026734028035164944,-0.0,0.1524641815533877,0.02998736
2019-05-25 21:00:00,-0.0,0.0030152832844812724,-0.0,0.02822393671551873,-0.0,0.12275477448442061,0.03123922
2019-05-25 22:00:00,-0.0,0.002578860703832667,-0.0,0.016899189296167332,-0.0,0.10496615417266553,0.01947805
2019-05-25 23:00:00,-0.0,0.0023011372434199187,-0.0,0.014541082756580084,-0.0,0.08965975127100229,0.01684222
2019-05-26 00:00:00,-0.0,0.0024201615835968107,-0.0,0.002050822416403189,-0.0,0.08750099083268315,0.004470984
2019-05-26 01:00:00,-0.0,0.0026978850440095596,-0.0,0.007207154955990441,-0.0,0.07991451193164058,0.00990504
2019-05-26 02:00:00,-0.0,0.003094632844599201,-0.0,0.003304188155400799,-0.0,0.07643641913648185,0.006398821
2019-05-26 03:00:00,-0.0,0.0034517058651298772,-0.0,0.0014094391348701226,-0.0,0.07495279899451329,0.004861145
2019-05-26 04:00:00,-0.0,0.0035707302053067697,-0.0,0.02751862979469323,-0.0,0.04598582026325725,0.03108936
2019-05-26 05:00:00,-0.0,0.0034913806451888417,-0.0,0.017926059354811157,-0.0,0.027116284100298142,0.02141744
2019-05-26 06:00:00,0.0011447418177307782,0.0032533319648350573,-0.0,0.023886116217434167,-0.0,0.001973003871420074,0.02828419
2019-05-26 07:00:00,0.03090802907873101,0.0023011372434199187,-0.0,0.0018743536778490708,-0.0,-0.0,0.03508352
2019-05-26 08:00:00,0.058785636216992836,0.0020234137830071695,-0.0,0.0,-0.0,-0.0,0.06080905
2019-05-26 09:00:00,0.04775467,-0.0,-0.0,0.0,-0.0,-0.0,0.04775467
2019-05-26 10:00:00,0.03957637,-0.0,-0.0,0.0,-0.0,-0.0,0.03957637
2019-05-26 11:00:00,0.14270847851187277,-0.0,-0.0,0.0,0.08759784851187277,0.08321795608627913,0.05511063
2019-05-26 12:00:00,0.14919801691091142,-0.0,-0.0,0.0,0.09357127691091141,0.17211066915164497,0.05562674
2019-05-26 13:00:00,0.13164530903903948,0.001388617302063744,-0.0,0.0,0.10038736634110323,0.267478667175693,0.03264656
2019-05-26 14:00:00,0.10455308601941107,0.0011902434017689234,-0.0,0.0,0.040932939421179995,0.306364959625814,0.06481039
2019-05-26 15:00:00,0.07440821815250058,0.0008728451612972104,-0.0,0.0,0.03788174331379779,0.3423526157739219,0.03739932
2019-05-26 16:00:00,0.04197386665012853,0.0007934956011792822,-0.0,0.008742587748692195,-0.0,0.3331498918279301,0.05150995000000001
2019-05-26 17:00:00,0.015263224236410376,0.001071219061592031,-0.0,0.04078617670199759,-0.0,0.29021707424688,0.05712062
2019-05-26 18:00:00,-0.0,0.0019837390029482055,-0.0,0.0645693109970518,-0.0,0.22224937846050966,0.06655305
2019-05-26 19:00:00,-0.0,0.0033326815249529857,-0.0,0.03184342847504701,-0.0,0.18872998006572334,0.03517611
2019-05-26 20:00:00,-0.0,0.004483250146662945,-0.0,0.03313632985333705,-0.0,0.15384963285168432,0.03761958
2019-05-26 21:00:00,-0.0,0.005514794428196012,-0.0,0.015608765571803988,-0.0,0.13741935330241697,0.02112356
2019-05-26 22:00:00,-0.0,0.005633818768372903,-0.0,0.013289201231627096,-0.0,0.12343072042702002,0.01892302
2019-05-26 23:00:00,-0.0,0.005197396187724299,-0.0,0.004629017812275702,-0.0,0.11855807009830877,0.009826414
2019-05-27 00:00:00,-0.0,0.004165851906191231,-0.0,0.003130323093808769,-0.0,0.11526299315745743,0.007296175
2019-05-27 01:00:00,-0.0,0.0030152832844812724,-0.0,0.007826786715518728,-0.0,0.10702427029901666,0.01084207
2019-05-27 02:00:00,-0.0,0.002142438123184062,-0.0,0.012657711876815938,-0.0,0.09370036306026304,0.01480015
2019-05-27 03:00:00,-0.0,0.0017060155425354566,-0.0,0.008834684457464544,-0.0,0.08440069521030036,0.0105407
2019-05-27 04:00:00,-0.0,0.001428292082122708,-0.0,0.014606097917877292,-0.0,0.06902585529674532,0.01603439
2019-05-27 05:00:00,-0.0,0.0009521947214151387,-0.0,0.02635789527858486,-0.0,0.04128070237191916,0.02731009
2019-05-27 06:00:00,0.0003815806059102594,0.0005157721407665335,-0.0,0.0392166672533232,-0.0,-0.0,0.04011401999999999
2019-05-27 07:00:00,0.02615947,-0.0,-0.0,0.0,-0.0,-0.0,0.02615947
2019-05-27 08:00:00,0.05513379,-0.0,-0.0,0.0,-0.0,-0.0,0.05513379
2019-05-27 09:00:00,0.09216033881544407,-0.0,-0.0,0.0,0.026584998815444075,0.02525574887467187,0.06557534
2019-05-27 10:00:00,0.12668476116220612,-0.0,-0.0,0.0,0.09099623116220612,0.11170216847876768,0.03568853
2019-05-27 11:00:00,0.13851375994542414,-0.0,-0.0,0.0,0.061153249945424135,0.16979775592692062,0.07736051000000001
2019-05-27 12:00:00,0.14347430782225754,7.934956011792822e-05,-0.0,0.0,0.06069769738237547,0.2274605684401773,0.08285595999999999
2019-05-27 13:00:00,0.1369874375217831,0.00011902434017689234,-0.0,0.0,0.04500005186196,0.2702106177090393,0.09210641
2019-05-27 14:00:00,0.12096105207355223,0.00019837390029482055,-0.0,0.0,0.060817225973847054,0.327986982384194,0.0603422
2019-05-27 15:00:00,0.09272408723619303,0.00023804868035378468,-0.0,0.0,0.05847082591654682,0.3835342670049135,0.03449131
2019-05-27 16:00:00,0.056473929674718384,0.0003173982404717129,-0.0,0.0,0.008306677915190103,0.3914256110243441,0.04848465
2019-05-27 17:00:00,0.022131675142795047,0.0005554469208254976,-0.0,0.027150647936379457,-0.0,0.3628459816176289,0.04983777
2019-05-27 18:00:00,-0.0,0.001031544281533067,-0.0,0.05453805571846693,-0.0,0.3054375019139795,0.0555696
2019-05-27 19:00:00,-0.0,0.0016266659824175286,-0.0,0.06615131401758248,-0.0,0.2358045397902085,0.06777798
2019-05-27 20:00:00,-0.0,0.0019837390029482055,-0.0,0.0446256609970518,-0.0,0.18883015979331186,0.0466094
2019-05-27 21:00:00,-0.0,0.0023011372434199187,-0.0,0.02210640275658008,-0.0,0.16556026215480651,0.02440754
2019-05-27 22:00:00,-0.0,0.002102763343125098,-0.0,0.019745266656874903,-0.0,0.14477577093704347,0.02184803
2019-05-27 23:00:00,-0.0,0.0015473164222996004,-0.0,0.0084947235777004,-0.0,0.13583395664472725,0.01004204
2019-05-28 00:00:00,-0.0,0.0011108938416509952,-0.0,0.007844420158349004,-0.0,0.12757667226751776,0.008955313999999999
2019-05-28 01:00:00,-0.0,0.0007934956011792822,-0.0,0.008731242398820718,-0.0,0.1183858907950749,0.009524738
2019-05-28 02:00:00,-0.0,0.000714146041061354,-0.0,0.011756533958938645,-0.0,0.10601059189092896,0.01247068
2019-05-28 03:00:00,-0.0,0.0008331703812382464,-0.0,0.011116529618761754,-0.0,0.09430898176591658,0.0119497
2019-05-28 04:00:00,-0.0,0.0008331703812382464,-0.0,0.01755449961876175,-0.0,0.07583056111458843,0.01838767
2019-05-28 05:00:00,-0.0,0.000714146041061354,-0.0,0.030918553958938645,-0.0,0.043284714842021434,0.0316327
2019-05-28 06:00:00,0.004197386665012853,0.0005554469208254976,-0.0,0.03614689641416165,-0.0,0.005235350195535492,0.04089973
2019-05-28 07:00:00,0.04350018907376957,0.0003173982404717129,-0.0,0.004973582685758718,-0.0,-0.0,0.04879117
2019-05-28 08:00:00,0.03697003,-0.0,-0.0,0.0,-0.0,-0.0,0.03697003
2019-05-28 09:00:00,0.05495953,-0.0,-0.0,0.0,-0.0,-0.0,0.05495953
2019-05-28 10:00:00,0.05284078,-0.0,-0.0,0.0,-0.0,-0.0,0.05284078
2019-05-28 11:00:00,0.1345084124936986,-0.0,-0.0,0.0,0.06981903249369859,0.06632808086901365,0.06468938
2019-05-28 12:00:00,0.21711936476293758,0.0009918695014741027,-0.0,0.0,0.11885768426441168,0.17924288092020474,0.09925355000000001
2019-05-28 13:00:00,0.20529036597971956,0.001428292082122708,-0.0,0.0,0.12699910806184228,0.2998920335789549,0.07971955
2019-05-28 14:00:00,0.17819814296009115,0.001825039882712349,-0.0,0.0,0.1097111628428035,0.4041176382796182,0.07031202
2019-05-28 15:00:00,0.13813217933951388,0.002142438123184062,-0.0,0.0,0.08517293746269794,0.4850319288691813,0.05510168
2019-05-28 16:00:00,0.08852670057118019,0.002499511143714739,-0.0,0.0,0.05051464171489493,0.5330208384983315,0.04051157
2019-05-28 17:00:00,0.035868576955564384,0.0026582102639505956,-0.0,0.0036390627804850154,-0.0,0.529190246097821,0.04216585
2019-05-28 18:00:00,0.0007631612118205187,0.003094632844599201,-0.0,0.08512322594358028,-0.0,0.4395868503677365,0.08898102
2019-05-28 19:00:00,-0.0,0.0037691041056015905,-0.0,0.07160837589439842,-0.0,0.3642096125841592,0.07537748000000001
2019-05-28 20:00:00,-0.0,0.004165851906191231,-0.0,0.03560004809380877,-0.0,0.326735877748571,0.0397659
2019-05-28 21:00:00,-0.0,0.004165851906191231,-0.0,0.032548318093808766,-0.0,0.2924744902814039,0.03671417
2019-05-28 22:00:00,-0.0,0.0034517058651298772,-0.0,0.022177034134870124,-0.0,0.26913024382364586,0.02562874
2019-05-28 23:00:00,-0.0,0.0033723563050119497,-0.0,0.01082402369498805,-0.0,0.25773653467102686,0.01419638
2019-05-29 00:00:00,-0.0,0.0035707302053067697,-0.0,0.00257452779469323,-0.0,0.25502650541345506,0.006145258
2019-05-29 01:00:00,-0.0,0.003848453665719519,-0.0,0.0023479513342804814,-0.0,0.2525549776931598,0.006196405
2019-05-29 02:00:00,-0.0,0.004205526686250196,-0.0,0.005940253313749804,-0.0,0.24630207946816002,0.01014578
2019-05-29 03:00:00,-0.0,0.004205526686250196,-0.0,0.0005624623137498045,-0.0,0.24571001387473917,0.004767989
2019-05-29 04:00:00,-0.0,0.0034517058651298772,-0.0,0.017592454134870122,-0.0,0.22719164110119167,0.02104416
2019-05-29 05:00:00,-0.0,0.0024201615835968107,-0.0,0.01136276841640319,-0.0,0.21523083224181988,0.01378293
2019-05-29 06:00:00,0.0007631612118205187,0.0017853651026533848,0.014592673073353388,0.006857270612172709,-0.0,0.20801265265005914,0.02399847
2019-05-29 07:00:00,0.027855384231448933,0.0013489425220047798,-0.0,0.01667620324654629,-0.0,0.19045875449579988,0.04588053
2019-05-29 08:00:00,0.06601344482247487,0.0011108938416509952,-0.0,0.012738051335874134,-0.0,0.17705027940540605,0.07986239
2019-05-29 09:00:00,0.1034083442016803,0.0005951217008844617,-0.0,0.0,0.05540383590256476,0.22968392351284256,0.04859963
2019-05-29 10:00:00,0.13317163146268052,0.00023804868035378468,-0.0,0.0,0.0666120301430343,0.29296535214872516,0.06679765
2019-05-29 11:00:00,0.15263224236410378,0.00023804868035378468,-0.0,0.0,0.09019035104445755,0.3786461856409598,0.06267994
2019-05-29 12:00:00,0.15301382297001404,0.0004364225806486052,-0.0,0.0,0.04843804555066264,0.42466232891408934,0.1050122
2019-05-29 13:00:00,0.13164530903903948,0.0008728451612972104,-0.0,0.0,0.04960098420033669,0.47178326390440917,0.08291717
2019-05-29 14:00:00,0.09959253814257771,0.001428292082122708,-0.0,0.0,0.03522044022470043,0.5052426821178746,0.06580038999999999
2019-05-29 15:00:00,0.07173715391112877,0.001825039882712349,-0.0,0.0,0.016502843793841114,0.5209203837220236,0.05705935
2019-05-29 16:00:00,0.039302802408756714,0.0018647146627713133,-0.0,0.03442263292847197,-0.0,0.4846860332710005,0.07559015
2019-05-29 17:00:00,0.01297374060094882,0.0018647146627713133,-0.0,0.047370934736279874,-0.0,0.4348218914433375,0.06220939
2019-05-29 18:00:00,-0.0,0.0017853651026533848,0.007087794075519556,0.06526341082182707,-0.0,0.3661235642624669,0.07413657000000001
2019-05-29 19:00:00,-0.0,0.0016266659824175286,-0.0,0.05879836401758247,-0.0,0.3042305495071169,0.06042503
2019-05-29 20:00:00,-0.0,0.0013489425220047798,-0.0,0.05048424747799522,-0.0,0.2510892363723851,0.05183319
2019-05-29 21:00:00,-0.0,0.0009521947214151387,0.014592673073353388,0.008703982205231471,-0.0,0.24192714984056252,0.02424885
2019-05-29 22:00:00,-0.0,0.000714146041061354,-0.0,0.015931523958938647,-0.0,0.2251571246206271,0.01664567
2019-05-29 23:00:00,-0.0,0.0005951217008844617,0.014018518299115539,0.0,-0.0,0.2251571246206271,0.01461364
2019-05-30 00:00:00,-0.0,0.0005157721407665335,-0.0,0.008238087859233465,-0.0,0.21648545318985501,0.008753859999999999
2019-05-30 01:00:00,-0.0,0.0005157721407665335,-0.0,0.008919211859233467,-0.0,0.207096809127504,0.009434984
2019-05-30 02:00:00,-0.0,0.00047609736070756937,0.00446563963929243,0.0,-0.0,0.207096809127504,0.004941737
2019-05-30 03:00:00,-0.0,0.000357073020530677,0.009500376979469323,0.0,-0.0,0.207096809127504,0.00985745
2019-05-30 04:00:00,-0.0,0.00023804868035378468,-0.0,0.013868831319646216,-0.0,0.1924980393173501,0.01410688
2019-05-30 05:00:00,-0.0,0.00011902434017689234,-0.0,0.03229345565982311,-0.0,0.15850492809648367,0.03241248
2019-05-30 06:00:00,-0.0,-0.0,-0.0,0.02522375,-0.0,0.13195361230701,0.02522375
2019-05-30 07:00:00,0.024802739384166862,-0.0,0.004440660615833137,0.0,-0.0,0.13195361230701,0.0292434
2019-05-30 08:00:00,0.05990815512791072,3.967478005896411e-05,-0.0,0.0068004800920303185,-0.0,0.12479521221013597,0.06674831
2019-05-30 09:00:00,0.09463199026574433,0.00011902434017689234,-0.0,0.0,0.038059164605921215,0.16095141858576112,0.05669185
2019-05-30 10:00:00,0.12057947146764196,0.00011902434017689234,-0.0,0.0,0.06946283580781884,0.226941112603189,0.05123566
2019-05-30 11:00:00,0.13660585691587285,3.967478005896411e-05,-0.0,0.0,0.057001911695931815,0.28109292871432423,0.07964362
2019-05-30 12:00:00,0.13927692115724466,-0.0,-0.0,0.0,0.08990689115724465,0.36650447531370667,0.04937003
2019-05-30 13:00:00,0.12744792237402663,-0.0,-0.0,0.0,0.09290664237402663,0.45476578556903197,0.03454128
2019-05-30 14:00:00,0.10836889207851366,-0.0,-0.0,0.0,0.050562422078513664,0.50280008654362,0.05780647
2019-05-30 15:00:00,0.08051350784706472,-0.0,-0.0,0.0,0.03181131784706472,0.5330208384983315,0.04870219
2019-05-30 16:00:00,0.04578967270923112,3.967478005896411e-05,-0.0,0.021721262510709924,-0.0,0.5101563516449527,0.06755061000000001
2019-05-30 17:00:00,0.016026385448230894,3.967478005896411e-05,0.014592673073353388,0.03180310669835675,-0.0,0.47667939722562974,0.06246184
2019-05-30 18:00:00,-0.0,7.934956011792822e-05,0.014592673073353388,0.04873129736652868,-0.0,0.42538329473454695,0.06340332
2019-05-30 19:00:00,-0.0,7.934956011792822e-05,-0.0,0.05241636043988207,-0.0,0.3702081784820395,0.05249571
2019-05-30 20:00:00,-0.0,3.967478005896411e-05,-0.0,0.04227853521994104,-0.0,0.32570445719789104,0.04231821
2019-05-30 21:00:00,-0.0,-0.0,0.014592673073353388,0.019979256926646614,-0.0,0.30467366043299987,0.03457193
2019-05-30 22:00:00,-0.0,-0.0,0.014592673073353388,0.0018704069266466134,-0.0,0.30270481103652974,0.01646308
2019-05-30 23:00:00,-0.0,3.967478005896411e-05,-0.0,0.018595175219941036,-0.0,0.28313094238396025,0.01863485
2019-05-31 00:00:00,-0.0,3.967478005896411e-05,0.009713365219941037,0.0,-0.0,0.28313094238396025,0.009753040000000001
2019-05-31 01:00:00,-0.0,3.967478005896411e-05,0.010062295219941036,0.0,-0.0,0.28313094238396025,0.01010197
2019-05-31 02:00:00,-0.0,0.00011902434017689234,0.009050161659823107,0.0,-0.0,0.28313094238396025,0.009169186
2019-05-31 03:00:00,-0.0,0.00019837390029482055,0.004507589038993672,0.0030345880607115074,-0.0,0.27993663916215866,0.007740551
2019-05-31 04:00:00,-0.0,0.0003173982404717129,0.014592673073353388,0.013484748686174901,-0.0,0.26574216686092195,0.02839482
2019-05-31 05:00:00,-0.0,0.0004364225806486052,0.014592673073353388,0.012938354345998009,-0.0,0.2521228464967135,0.02796745
2019-05-31 06:00:00,-0.0,0.0004364225806486052,-0.0,0.023142707419351396,-0.0,0.22776210184476467,0.02357913
2019-05-31 07:00:00,0.014118482418679596,0.000357073020530677,-0.0,0.024025004560789733,-0.0,0.20247262335972285,0.03850056
2019-05-31 08:00:00,0.039302802408756714,0.0002777234604127488,-0.0,0.0,0.001776735869169467,0.20416052243543384,0.03780379
2019-05-31 09:00:00,0.06334238058110306,0.0002777234604127488,-0.0,0.0,0.008525014041515809,0.21225928577487385,0.05509509
2019-05-31 10:00:00,0.08165824966479551,0.00019837390029482055,-0.0,0.0,0.033508403565090335,0.24409226916170967,0.04834822
2019-05-31 11:00:00,0.09348724844801355,7.934956011792822e-05,-0.0,0.0,0.0075517480081314925,0.2512664297694346,0.08601484999999999
2019-05-31 12:00:00,0.09310566784210329,7.934956011792822e-05,-0.0,0.0,0.0007374774022212149,0.25196703330154474,0.09244754000000001
2019-05-31 13:00:00,0.08165824966479551,7.934956011792822e-05,-0.0,0.0,0.03336610922491344,0.2836648370652125,0.04837149
2019-05-31 14:00:00,0.06448712239883383,0.00015869912023585645,-0.0,0.0,0.0039377415190696916,0.28740569150832873,0.06070808
2019-05-31 15:00:00,0.04464493089150035,0.0003173982404717129,-0.0,0.023380850868027943,-0.0,0.26279426954198354,0.06834318
2019-05-31 16:00:00,0.023657997566436082,0.0004364225806486052,0.014592673073353388,0.007101186779561926,-0.0,0.2553193360898131,0.04578828
2019-05-31 17:00:00,0.007250031512294928,0.0008331703812382464,0.014592673073353388,0.05473182503311345,-0.0,0.1977068886865358,0.07740770000000001
2019-05-31 18:00:00,-0.0,0.0015473164222996004,-0.0,0.0663455935777004,-0.0,0.12786942176264063,0.06789291
2019-05-31 19:00:00,-0.0,0.0019440642228892415,0.014592673073353388,0.03895716270375737,-0.0,0.08686188207447498,0.0554939
2019-05-31 20:00:00,-0.0,0.0019043894428302775,0.014592673073353388,0.016193837483816337,-0.0,0.06981573735466831,0.0326909
2019-05-31 21:00:00,-0.0,0.0017060155425354566,0.013021564457464545,0.0,-0.0,0.06981573735466831,0.01472758
2019-05-31 22:00:00,-0.0,0.001428292082122708,0.014592673073353388,0.008050604844523903,-0.0,0.06134141646569578,0.02407157
2019-05-31 23:00:00,-0.0,0.0012299181818278874,0.014592673073353388,0.0026023887448187264,-0.0,0.058602059892202386,0.01842498
2019-06-01 00:00:00,-0.0,0.0009918695014741027,0.008656406498525896,0.0,-0.0,0.058602059892202386,0.009648275999999999
2019-06-01 01:00:00,-0.0,0.0008331703812382464,0.014592673073353388,5.365654540836519e-05,-0.0,0.05854557931808832,0.0154795
2019-06-01 02:00:00,-0.0,0.000714146041061354,0.012580553958938645,0.0,-0.0,0.05854557931808832,0.0132947
2019-06-01 03:00:00,-0.0,0.0006744712610023899,0.012773458738997611,0.0,-0.0,0.05854557931808832,0.01344793
2019-06-01 04:00:00,-0.0,0.0004364225806486052,0.014592673073353388,0.015554144345998009,-0.0,0.04217279579598515,0.03058324
2019-06-01 05:00:00,-0.0,0.000357073020530677,0.014592673073353388,0.022602223906115937,-0.0,0.018380981157968383,0.03755197
2019-06-01 06:00:00,0.0026710642413718157,0.0002777234604127488,0.014592673073353388,0.015931369224862046,-0.0,0.0016111188160083342,0.03347283
2019-06-01 07:00:00,0.038158060591025944,0.0002777234604127488,0.014592673073353388,0.0015305628752079175,-0.0,-0.0,0.05455902
2019-06-01 08:00:00,0.06254176,-0.0,-0.0,0.0,-0.0,-0.0,0.06254176
2019-06-01 09:00:00,0.06460882999999999,-0.0,-0.0,0.0,-0.0,-0.0,0.06460882999999999
2019-06-01 10:00:00,0.15542084936584238,-0.0,-0.0,0.0,0.0965200493658424,0.09169404689755027,0.0589008
2019-06-01 11:00:00,0.1812507878073732,0.00023804868035378468,-0.0,0.0,0.06830043648772698,0.1565794615608909,0.1131884
2019-06-01 12:00:00,0.1869744968960271,0.0003173982404717129,-0.0,0.0,0.08944549513649881,0.24155268194056476,0.0978464
2019-06-01 13:00:00,0.17743498174827063,0.0003173982404717129,-0.0,0.0,0.12787416998874235,0.36303314342987,0.04987821000000001
2019-06-01 14:00:00,0.15835595145275763,0.00023804868035378468,-0.0,0.0,0.07961442013311142,0.4386668425563258,0.07897958
2019-06-01 15:00:00,0.12134263267946249,0.0002777234604127488,-0.0,0.0,0.07133786613987522,0.5064378153892073,0.05028249000000001
2019-06-01 16:00:00,0.07669770178796215,0.0003967478005896411,-0.0,0.0,0.0279821295885518,0.5330208384983315,0.04911231999999999
2019-06-01 17:00:00,0.02976328726100023,0.0005554469208254976,-0.0,0.02057761581817427,-0.0,0.5113601902686744,0.05089635
2019-06-01 18:00:00,-0.0,0.0008728451612972104,-0.0,0.10081345483870278,-0.0,0.4052407641226715,0.1016863
2019-06-01 19:00:00,-0.0,0.0011505686217099594,-0.0,0.06861077137829004,-0.0,0.33301889951394514,0.06976134
2019-06-01 20:00:00,-0.0,0.0011108938416509952,-0.0,0.03736522615834901,-0.0,0.29368708250515674,0.03847612
2019-06-01 21:00:00,-0.0,0.0009521947214151387,-0.0,0.04132697527858486,-0.0,0.2501850032645411,0.04227917
2019-06-01 22:00:00,-0.0,0.0005554469208254976,0.014592673073353388,0.01662481000582111,-0.0,0.23268520325841358,0.03177293
2019-06-01 23:00:00,-0.0,0.00023804868035378468,-0.0,0.014868151319646215,-0.0,0.21703451765878598,0.0151062
2019-06-02 00:00:00,-0.0,0.00011902434017689234,0.012164185659823107,0.0,-0.0,0.21703451765878598,0.01228321
2019-06-02 01:00:00,-0.0,0.00011902434017689234,-0.0,0.010756495659823107,-0.0,0.20571189064844586,0.01087552
2019-06-02 02:00:00,-0.0,0.00011902434017689234,-0.0,0.011172155659823107,-0.0,0.19395172679600048,0.01129118
2019-06-02 03:00:00,-0.0,0.00015869912023585645,-0.0,0.008141223879764143,-0.0,0.18538201744888033,0.008299922999999999
2019-06-02 04:00:00,-0.0,0.00023804868035378468,-0.0,0.023745231319646214,-0.0,0.16038703711241065,0.02398328
2019-06-02 05:00:00,-0.0,0.0003173982404717129,-0.0,0.03674738175952828,-0.0,0.12170558262869666,0.03706478
2019-06-02 06:00:00,0.0015263224236410375,0.0003173982404717129,-0.0,0.030707659335887243,-0.0,0.08938173069618377,0.03255138
2019-06-02 07:00:00,0.029381706655089972,0.00023804868035378468,-0.0,0.014473004664556244,-0.0,0.0741469889440193,0.04409276
2019-06-02 08:00:00,0.06677660603429539,3.967478005896411e-05,-0.0,0.014454459185645654,-0.0,0.05893176874860283,0.08127074000000001
2019-06-02 09:00:00,0.09501357087165459,-0.0,-0.0,0.0,0.041860630871654585,0.09869936807667468,0.05315294
2019-06-02 10:00:00,0.11790840722627015,-0.0,-0.0,0.0,0.06668582722627014,0.1620509039416313,0.05122258
2019-06-02 11:00:00,0.13813217933951388,3.967478005896411e-05,-0.0,0.0,0.03846845411957285,0.19859593535522552,0.0997034
2019-06-02 12:00:00,0.14996117812273194,7.934956011792822e-05,-0.0,0.0,0.045412427682849865,0.24173774165393289,0.1046281
2019-06-02 13:00:00,0.1522506617581935,0.00019837390029482055,-0.0,0.0,0.07680634565848832,0.3147037700294968,0.07564269
2019-06-02 14:00:00,0.13240847025086,0.00047609736070756937,-0.0,0.0,0.07982015761156758,0.390532919760486,0.05306441
2019-06-02 15:00:00,0.10607940844305212,0.0007934956011792822,-0.0,0.0,0.06085504404423141,0.44834521160250584,0.04601786
2019-06-02 16:00:00,0.07021083148748773,0.0008331703812382464,-0.0,0.0,0.03131854186872598,0.4780978263777955,0.03972546
2019-06-02 17:00:00,0.028236964837359192,0.0006744712610023899,-0.0,0.0378221639016384,-0.0,0.43828502227080773,0.06673359999999999
2019-06-02 18:00:00,-0.0,0.0006347964809434258,0.014592673073353388,0.07599503044570317,-0.0,0.35829025338059384,0.0912225
2019-06-02 19:00:00,-0.0,0.0005554469208254976,-0.0,0.0679418730791745,-0.0,0.2867724922446207,0.06849732
2019-06-02 20:00:00,-0.0,0.0003967478005896411,0.014592673073353388,0.029793269126056975,-0.0,0.2554111563224555,0.04478269
2019-06-02 21:00:00,-0.0,0.00023804868035378468,0.014592673073353388,0.012009228246292828,-0.0,0.24276986343162094,0.02683995
2019-06-02 22:00:00,-0.0,0.00015869912023585645,-0.0,0.021063670879764143,-0.0,0.2205975782950271,0.02122237
2019-06-02 23:00:00,-0.0,0.00011902434017689234,0.014592673073353388,0.004388502586469721,-0.0,0.21597810188821687,0.0191002
2019-06-03 00:00:00,-0.0,0.00015869912023585645,0.009365524879764144,0.0,-0.0,0.21597810188821687,0.009524224
2019-06-03 01:00:00,-0.0,0.00015869912023585645,0.008381693879764144,0.0,-0.0,0.21597810188821687,0.008540393
2019-06-03 02:00:00,-0.0,0.00011902434017689234,0.007997444659823109,0.0,-0.0,0.21597810188821687,0.008116469000000001
2019-06-03 03:00:00,-0.0,3.967478005896411e-05,-0.0,0.008806603219941036,-0.0,0.20670799323564737,0.008846277999999999
2019-06-03 04:00:00,-0.0,-0.0,-0.0,0.03091249,-0.0,0.17416853007775263,0.03091249
2019-06-03 05:00:00,-0.0,-0.0,0.014592673073353388,0.027442476926646614,-0.0,0.14528171226022987,0.04203515
2019-06-03 06:00:00,0.0003815806059102594,7.934956011792822e-05,-0.0,0.015953699833971813,-0.0,0.12848834401394377,0.01641463
2019-06-03 07:00:00,0.023657997566436082,0.0005157721407665335,-0.0,0.009098870292797396,-0.0,0.11891058581099914,0.03327264000000001
2019-06-03 08:00:00,0.05456602664516709,0.0009521947214151387,-0.0,0.0,0.004438001366582227,0.12312668710925226,0.05108022
2019-06-03 09:00:00,0.08623721693571862,0.0013489425220047798,-0.0,0.0,0.0436195294577234,0.1645652400940895,0.04396663
2019-06-03 10:00:00,0.11790840722627015,0.0011108938416509952,-0.0,0.0,0.057961511067921155,0.2196286756086146,0.06105778999999999
2019-06-03 11:00:00,0.13393479267450104,0.0007934956011792822,-0.0,0.0,0.04132751827568032,0.2588898179705109,0.09340077
2019-06-03 12:00:00,0.13813217933951388,0.0007538208211203181,-0.0,0.0,0.0545456301606342,0.3107081666231134,0.08434037
2019-06-03 13:00:00,0.130882147827219,0.0008728451612972104,-0.0,0.0,0.0555958329885162,0.3635242079622038,0.07615916
2019-06-03 14:00:00,0.11142153692579573,0.001031544281533067,-0.0,0.0,0.015787551207328804,0.3785223816091662,0.09666553
2019-06-03 15:00:00,0.08165824966479551,0.001031544281533067,-0.0,0.0,0.03309909394632858,0.4099665208581783,0.0495907
2019-06-03 16:00:00,0.04922389816242346,0.001031544281533067,-0.0,0.0,0.013540552443956529,0.422830045679937,0.03671489
2019-06-03 17:00:00,0.01869744968960271,0.0011108938416509952,-0.0,0.0390355064687463,-0.0,0.3817400388707304,0.05884385
2019-06-03 18:00:00,-0.0,0.001388617302063744,0.014592673073353388,0.052178989624582874,-0.0,0.32681478663432734,0.06816028
2019-06-03 19:00:00,-0.0,0.0015473164222996004,-0.0,0.08892289357770039,-0.0,0.23321174076306378,0.09047021
2019-06-03 20:00:00,-0.0,0.001467966862181672,0.014592673073353388,0.023857580064464937,-0.0,0.20809849858994278,0.03991822
2019-06-03 21:00:00,-0.0,0.001388617302063744,-0.0,0.04387069269793625,-0.0,0.16191882206579936,0.04525931
2019-06-03 22:00:00,-0.0,0.0012299181818278874,-0.0,0.026191271818172115,-0.0,0.13434906225719712,0.02742119
2019-06-03 23:00:00,-0.0,0.0011505686217099594,0.014354508376924705,0.008955133001365335,-0.0,0.12492260646628624,0.02446021
2019-06-04 00:00:00,-0.0,0.0008728451612972104,0.00992434483870279,0.0,-0.0,0.12492260646628624,0.01079719
2019-06-04 01:00:00,-0.0,0.0005157721407665335,0.011773197859233466,0.0,-0.0,0.12492260646628624,0.01228897
2019-06-04 02:00:00,-0.0,0.00019837390029482055,-0.0,0.012343826099705179,-0.0,0.11192910530870184,0.0125422
2019-06-04 03:00:00,-0.0,3.967478005896411e-05,-0.0,0.010170465219941036,-0.0,0.10122335244560601,0.01021014
2019-06-04 04:00:00,-0.0,-0.0,-0.0,0.03160719,-0.0,0.06795262612981655,0.03160719
2019-06-04 05:00:00,-0.0,-0.0,-0.0,0.03090707,-0.0,0.03541886823507971,0.03090707
2019-06-04 06:00:00,0.003815806059102594,-0.0,0.014592673073353388,0.023396850867544006,-0.0,0.010790604163980762,0.04180532999999999
2019-06-04 07:00:00,0.041592286044218274,-0.0,-0.0,0.010251073955781724,-0.0,-0.0,0.05184336
2019-06-04 08:00:00,0.0467774,-0.0,-0.0,0.0,-0.0,-0.0,0.0467774
2019-06-04 09:00:00,0.06722249999999999,-0.0,-0.0,0.0,-0.0,-0.0,0.06722249999999999
2019-06-04 10:00:00,0.04622598,-0.0,-0.0,0.0,-0.0,-0.0,0.04622598
2019-06-04 11:00:00,0.17370683007725274,-0.0,-0.0,0.0,0.09816089007725273,0.09325284557339009,0.07554594
2019-06-04 12:00:00,0.18582975507829633,-0.0,-0.0,0.0,0.08008785507829633,0.1693363078977716,0.1057419
2019-06-04 13:00:00,0.17400075629507827,-0.0,-0.0,0.0,0.10052703629507827,0.26483699237809594,0.07347372
2019-06-04 14:00:00,0.14996117812273194,-0.0,-0.0,0.0,0.08822528812273195,0.3486510160946913,0.06173588999999999
2019-06-04 15:00:00,0.11485576237898808,-0.0,-0.0,0.0,0.06589560237898807,0.41125183835472995,0.04896016
2019-06-04 16:00:00,0.07288189572885954,-0.0,-0.0,0.0,0.033995385728859545,0.4435474547971465,0.03888651
2019-06-04 17:00:00,0.029381706655089972,3.967478005896411e-05,-0.0,0.038821808564851054,-0.0,0.40268239314993487,0.06824319
2019-06-04 18:00:00,-0.0,7.934956011792822e-05,-0.0,0.08911943043988207,-0.0,0.30887246637111165,0.08919878
2019-06-04 19:00:00,-0.0,3.967478005896411e-05,-0.0,0.06474587521994103,-0.0,0.24071891350801583,0.06478555
2019-06-04 20:00:00,-0.0,-0.0,-0.0,0.04884738,-0.0,0.18930061877117374,0.04884738
2019-06-04 21:00:00,-0.0,-0.0,-0.0,0.03042375,-0.0,0.15727561877117374,0.03042375
2019-06-04 22:00:00,-0.0,-0.0,-0.0,0.0226701,-0.0,0.13341235561327902,0.0226701
2019-06-04 23:00:00,-0.0,-0.0,-0.0,0.0121828,-0.0,0.12058835561327903,0.0121828
2019-06-05 00:00:00,-0.0,-0.0,-0.0,0.00632423,-0.0,0.11393127140275272,0.00632423
2019-06-05 01:00:00,-0.0,-0.0,-0.0,0.007672875,-0.0,0.10585456087643694,0.007672875
2019-06-05 02:00:00,-0.0,-0.0,-0.0,0.008013671,-0.0,0.0974191177185422,0.008013671
2019-06-05 03:00:00,-0.0,-0.0,-0.0,0.00719749,-0.0,0.08984281245538431,0.00719749
2019-06-05 04:00:00,-0.0,-0.0,-0.0,0.02169971,-0.0,0.06700101245538431,0.02169971
2019-06-05 05:00:00,-0.0,-0.0,-0.0,0.02954121,-0.0,0.03590500192906853,0.02954121
2019-06-05 06:00:00,0.0022894836354615563,-0.0,-0.0,0.018484686364538445,-0.0,0.016447437334817537,0.02077417
2019-06-05 07:00:00,0.03434225453192334,-0.0,-0.0,0.01562506546807666,-0.0,-0.0,0.04996732
2019-06-05 08:00:00,0.05904471,-0.0,-0.0,0.0,-0.0,-0.0,0.05904471
2019-06-05 09:00:00,0.0568256,-0.0,-0.0,0.0,-0.0,-0.0,0.0568256
2019-06-05 10:00:00,0.1035154636615315,-0.0,-0.0,0.0,0.05572110366153152,0.05293504847845494,0.04779435999999999
2019-06-05 11:00:00,0.16407966054141154,-0.0,-0.0,0.0,0.09857427054141153,0.1465806054927959,0.06550539000000001
2019-06-05 12:00:00,0.16331649932959103,-0.0,-0.0,0.0,0.08189523932959102,0.22438108285590735,0.08142126000000001
2019-06-05 13:00:00,0.15377698418183455,-0.0,-0.0,0.0,0.08625370418183455,0.30632210182865016,0.06752328
2019-06-05 14:00:00,0.13202688964494974,-0.0,-0.0,0.0,0.07508026964494974,0.3776483579913524,0.05694662
2019-06-05 15:00:00,0.10226360238394952,-0.0,-0.0,0.0,0.06032171238394952,0.4349539847561044,0.04194189
2019-06-05 16:00:00,0.06563186421656461,0.00015869912023585645,-0.0,0.0,0.016801213336800465,0.45091513742606487,0.04898935
2019-06-05 17:00:00,0.02518431999007712,0.0003967478005896411,-0.0,0.006285752209333237,-0.0,0.4442985561530825,0.03186682
2019-06-05 18:00:00,-0.0,0.0008331703812382464,-0.0,0.07812973961876175,-0.0,0.36205672497543856,0.07896291
2019-06-05 19:00:00,-0.0,0.001428292082122708,-0.0,0.06446639791787728,-0.0,0.29419735874609404,0.06589468999999999
2019-06-05 20:00:00,-0.0,0.0018647146627713133,-0.0,0.025014325337228686,-0.0,0.26786648997006385,0.02687904
2019-06-05 21:00:00,-0.0,0.0023011372434199187,-0.0,0.02149611275658008,-0.0,0.24523900285787428,0.02379725
2019-06-05 22:00:00,-0.0,0.00289625894430438,-0.0,0.01759485105569562,-0.0,0.22671810700977363,0.02049111
2019-06-05 23:00:00,-0.0,0.003689754545483662,-0.0,0.015070065454516338,-0.0,0.2108548802155459,0.01875982
2019-06-06 00:00:00,-0.0,0.004483250146662945,-0.0,0.007138609853337054,-0.0,0.20334055405413848,0.01162186
2019-06-06 01:00:00,-0.0,0.005514794428196012,-0.0,0.003288954571803988,-0.0,0.1998784966101343,0.008803749
2019-06-06 02:00:00,-0.0,0.006308290029375294,-0.0,0.001951822970624707,-0.0,0.19782394611473986,0.008260113000000001
2019-06-06 03:00:00,-0.0,0.006070241349021509,-0.0,0.0021837326509784897,-0.0,0.19552528016634144,0.008253973999999999
2019-06-06 04:00:00,-0.0,0.005078371847547406,-0.0,0.008898078152452592,-0.0,0.1861588821111282,0.01397645
2019-06-06 05:00:00,-0.0,0.004046827566014339,-0.0,0.02417835243398566,-0.0,0.16070798481219592,0.02822518
2019-06-06 06:00:00,0.0007631612118205187,0.0034120310850709133,-0.0,0.010942567703108566,-0.0,0.14918949249313426,0.01511776
2019-06-06 07:00:00,0.028236964837359192,0.002102763343125098,-0.0,0.005887231819515712,-0.0,0.14299240636732824,0.03622696
2019-06-06 08:00:00,0.06448712239883383,0.0013489425220047798,-0.0,0.0,0.033994914920838615,0.17528757554212493,0.03184115
2019-06-06 09:00:00,0.10302676359577004,0.00047609736070756937,-0.0,0.0,0.054125130956477606,0.22670644995077865,0.04937773
2019-06-06 10:00:00,0.13240847025086,7.934956011792822e-05,-0.0,0.0,0.08526364981097792,0.3077069172712077,0.04722417
2019-06-06 11:00:00,0.14500063024589857,3.967478005896411e-05,-0.0,0.0,0.06726008502595754,0.37160399804586736,0.07778022
2019-06-06 12:00:00,0.14538221085180883,3.967478005896411e-05,-0.0,0.0,0.046905695631867805,0.41616440889614176,0.09851618999999999
2019-06-06 13:00:00,0.12897424479766767,7.934956011792822e-05,-0.0,0.0,0.0408141743577856,0.45493787453603807,0.08823942
2019-06-06 14:00:00,0.10607940844305212,0.00023804868035378468,-0.0,0.0,0.05260975712340591,0.5049171438032737,0.0537077
2019-06-06 15:00:00,0.07784244360569291,0.0004364225806486052,-0.0,0.0,0.02408529618634151,0.5277981751802981,0.05419357
2019-06-06 16:00:00,0.04350018907376957,0.0006744712610023899,-0.0,0.0,0.005497540334771955,0.5330208384983315,0.03867712
2019-06-06 17:00:00,0.014118482418679596,0.0011108938416509952,0.014592673073353388,0.029197750666316018,-0.0,0.5022863641127356,0.0590198
2019-06-06 18:00:00,-0.0,0.0017060155425354566,0.014592673073353388,0.06872761138411117,-0.0,0.42994151002419756,0.08502630000000001
2019-06-06 19:00:00,-0.0,0.0024201615835968107,0.014592673073353388,0.0392057953430498,-0.0,0.3886722517683557,0.05621863
2019-06-06 20:00:00,-0.0,0.0030549580645402364,0.014592673073353388,0.004861518862106373,-0.0,0.3835548634924542,0.02250915
2019-06-06 21:00:00,-0.0,0.003927803225837447,0.014592673073353388,0.0046076737008091655,-0.0,0.3787046806494972,0.02312815
2019-06-06 22:00:00,-0.0,0.004165851906191231,0.014592673073353388,0.0,0.001759434979544618,0.3803761438800646,0.01699909
2019-06-06 23:00:00,-0.0,0.004364225806486053,0.014592673073353388,0.0,0.005607298879839441,0.38570307781591207,0.0133496
2019-06-07 00:00:00,-0.0,0.004681624046957765,0.009562505953042236,0.0,-0.0,0.38570307781591207,0.01424413
2019-06-07 01:00:00,-0.0,0.0049196727273115495,0.008642977272688451,0.0,-0.0,0.38570307781591207,0.01356265
2019-06-07 02:00:00,-0.0,0.004721298827016729,0.007227921172983271,0.0,-0.0,0.38570307781591207,0.01194922
2019-06-07 03:00:00,-0.0,0.004165851906191231,0.010963961889398067,0.0,0.0022480037955892977,0.3878386814217219,0.01288181
2019-06-07 04:00:00,-0.0,0.003689754545483662,0.014592673073353388,0.007494342381162951,-0.0,0.37994989996786616,0.02577677
2019-06-07 05:00:00,-0.0,0.0032930067448940213,0.014592673073353388,0.030422430181752592,-0.0,0.34792628925023183,0.04830811
2019-06-07 06:00:00,-0.0,0.00289625894430438,0.014592673073353388,0.029846747982342235,-0.0,0.31650865979513476,0.04733568
2019-06-07 07:00:00,0.013736901812769337,0.002539185923773703,0.014592673073353388,0.01825737919010357,-0.0,0.2972903659108152,0.04912614
2019-06-07 08:00:00,0.03739489937920542,0.0024201615835968107,0.014592673073353388,0.04023828596384438,-0.0,0.254934275422558,0.09464602
2019-06-07 09:00:00,0.06219763876337228,0.0033723563050119497,0.014592673073353388,0.0010334918582623805,-0.0,0.253846389255966,0.08119616
2019-06-07 10:00:00,0.0835661526943468,0.003967478005896411,0.014592673073353388,0.0,0.011382313773596603,0.26465958734088274,0.09074399
2019-06-07 11:00:00,0.0976846351130264,0.004284876246368124,0.014592673073353388,0.0,0.026473934432747905,0.28980982505199326,0.09008825000000001
2019-06-07 12:00:00,0.11180311753170599,0.0049196727273115495,0.014592673073353388,0.0,0.0064385633323709255,0.29592646021774566,0.1248769
2019-06-07 13:00:00,0.11180311753170599,0.005316420527901191,0.014592673073353388,0.0,0.05273411113296058,0.3460238657940582,0.0789781
2019-06-07 14:00:00,0.08890828117709045,0.005237070967783263,0.014592673073353388,0.0,0.0135834652182271,0.35892815775137393,0.09515456
2019-06-07 15:00:00,0.0629607999751928,0.004522924926721909,0.014592673073353388,0.0,0.011162927975268086,0.3695329393278786,0.07091347
2019-06-07 16:00:00,0.0385396411969362,0.004007152785955375,0.014592673073353388,0.012542502943755049,-0.0,0.35633030465024174,0.06968197000000001
2019-06-07 17:00:00,0.014500063024589857,0.004324551026427088,0.014592673073353388,0.05644775287562966,-0.0,0.2969116174127368,0.08986504
2019-06-07 18:00:00,-0.0,0.005316420527901191,0.014592673073353388,0.09854670639874541,-0.0,0.1931782422561627,0.1184558
2019-06-07 19:00:00,-0.0,0.006149590909139437,0.014592673073353388,0.09933873601750716,-0.0,0.08861115171141831,0.120081
2019-06-07 20:00:00,-0.0,0.006744712610023899,0.014592673073353388,0.045078244316622704,-0.0,0.041160368220236526,0.06641562999999999
2019-06-07 21:00:00,-0.0,0.0075778829912621455,0.014592673073353388,0.02440259393538447,-0.0,0.015473427235621296,0.04657315
2019-06-07 22:00:00,-0.0,0.007101785630554576,0.014592673073353388,0.0,0.0017545787039079646,0.017140277004333862,0.01993988
2019-06-07 23:00:00,-0.0,0.0065066639296701145,0.014592673073353388,0.0,0.002709857003023503,0.01971464115720619,0.01838948
2019-06-08 00:00:00,-0.0,0.006109916129080473,0.014592673073353388,0.0,0.004743049202433859,0.024220537899518356,0.01595954
2019-06-08 01:00:00,-0.0,0.005475119648137048,0.014592673073353388,0.0,0.009892482721490436,0.03361839648493427,0.01017531
2019-06-08 02:00:00,-0.0,0.004641949266898801,0.014592673073353388,0.0,0.00861082234025219,0.041798677708173845,0.0106238
2019-06-08 03:00:00,-0.0,0.003134307624658165,0.014592673073353388,0.0,0.006919120698011552,0.04837184237128482,0.01080786
2019-06-08 04:00:00,-0.0,0.0037294293255426265,0.014592673073353388,0.0019359276011039848,-0.0,0.04633402384380694,0.02025803
2019-06-08 05:00:00,-0.0,0.0048403231671936215,0.014592673073353388,0.01336706375945299,-0.0,0.032263430412803794,0.03280006
2019-06-08 06:00:00,-0.0,0.004721298827016729,0.014592673073353388,0.018930448099629883,-0.0,0.01233664293950918,0.03824442
2019-06-08 07:00:00,0.01297374060094882,0.004284876246368124,0.014592673073353388,0.004752660079329675,-0.0,0.007333842856004261,0.03660395
2019-06-08 08:00:00,0.03396067392601308,0.004999022287429478,0.014592673073353388,0.006967150713204048,-0.0,-0.0,0.06051952
2019-06-08 09:00:00,0.05990815512791072,0.0047609736070756935,-0.0,0.0,0.017583168734986408,0.016704010298237086,0.04708596
2019-06-08 10:00:00,0.0873819587534494,0.0047609736070756935,-0.0,0.0,0.0212147523605251,0.03685802504073593,0.07092818
2019-06-08 11:00:00,0.11027679510806496,0.004522924926721909,-0.0,0.0,0.03479326003478686,0.06991162207378344,0.08000646
2019-06-08 12:00:00,0.12744792237402663,0.004086502346073303,-0.0,0.0,0.06017258472009994,0.12707557755787838,0.07136184
2019-06-08 13:00:00,0.13202688964494974,0.0034517058651298772,-0.0,0.0,0.05906981551007963,0.18319190229245402,0.07640878
2019-06-08 14:00:00,0.1144741817730778,0.002499511143714739,-0.0,0.0,0.018940142916792538,0.20118503806340693,0.09803355000000001
2019-06-08 15:00:00,0.07478979875841084,0.0015076416422406362,-0.0,0.0,0.027853580400651473,0.22764593944402584,0.04844386
2019-06-08 16:00:00,0.035868576955564384,0.001428292082122708,0.01417280096231291,0.0,-0.0,0.22764593944402584,0.05146967
2019-06-08 17:00:00,0.009921095753666743,0.004403900586545016,0.014592673073353388,0.05603768058643486,-0.0,0.16865890724777863,0.08495535
2019-06-08 18:00:00,-0.0,0.007974630791851787,0.014592673073353388,0.06563856613479482,-0.0,0.09956567973746829,0.08820587
2019-06-08 19:00:00,-0.0,0.011227962756686843,0.014592673073353388,0.023379604169959774,-0.0,0.07495557008487905,0.04920024
2019-06-08 20:00:00,-0.0,0.013330726099811943,0.014592673073353388,0.025923380826834666,-0.0,0.04766780079347414,0.05384678
2019-06-08 21:00:00,-0.0,0.013291051319752977,0.014592673073353388,0.010898625606893633,-0.0,0.03619556331253347,0.03878235
2019-06-08 22:00:00,-0.0,0.01245788093851473,0.00990036906148527,0.0,-0.0,0.03619556331253347,0.02235825
2019-06-08 23:00:00,-0.0,0.012338856598337838,0.00035165340166216225,0.0,-0.0,0.03619556331253347,0.01269051
2019-06-09 00:00:00,-0.0,0.013251376539694014,0.0005673734603059855,0.0,-0.0,0.03619556331253347,0.01381875
2019-06-09 01:00:00,-0.0,0.014838367742052577,-0.0,0.0,0.005644570742052577,0.04155790551748342,0.009193797
2019-06-09 02:00:00,-0.0,0.014441619941462936,-0.0,0.0,0.002667859941462937,0.04409237246187321,0.01177376
2019-06-09 03:00:00,-0.0,0.012854628739104373,-0.0,0.0,0.002001818739104374,0.04599410026402237,0.01085281
2019-06-09 04:00:00,-0.0,0.012021458357866126,0.010121761567124491,0.0036030800750093805,-0.0,0.04220138439559144,0.0257463
2019-06-09 05:00:00,-0.0,0.011188287976627877,0.014592673073353388,0.009443068950018738,-0.0,0.03226131181662435,0.03522403
2019-06-09 06:00:00,-0.0,0.010712190615920311,0.014592673073353388,0.022715876310726316,-0.0,0.008349863068491387,0.04802074000000001
2019-06-09 07:00:00,0.017934288477782192,0.009283898533797602,0.014592673073353388,0.007932369915066817,-0.0,-0.0,0.04974323
2019-06-09 08:00:00,0.043881769679679834,0.00916487419362071,0.0023657161266994534,0.0,-0.0,-0.0,0.05541236
2019-06-09 09:00:00,0.06410554179292358,0.011346987096863735,-0.0,0.0,0.027002118889787312,0.025652012945297946,0.04845041
2019-06-09 10:00:00,0.08203983027070577,0.014719343401875685,-0.0,0.0,0.05130843367258145,0.07439502493425032,0.04545074
2019-06-09 11:00:00,0.0957767320834751,0.018250398827123492,0.0020206690894014057,0.0,-0.0,0.07439502493425032,0.1160478
2019-06-09 12:00:00,0.10455308601941107,0.019678690909246198,-0.0,0.0,0.043975586928657266,0.11617183251647473,0.08025619
2019-06-09 13:00:00,0.09882937693075719,0.018528122287536242,-0.0,0.0,0.04569498921829343,0.1595820722738535,0.07166251
2019-06-09 14:00:00,0.08203983027070577,0.017536252786062138,-0.0,0.0,0.017500523056767914,0.17620756917778302,0.08207555999999999
2019-06-09 15:00:00,0.059144993916090204,0.01614763548399839,-0.0,0.0,0.03863948940008859,0.2129150841078672,0.03665314
2019-06-09 16:00:00,0.03701331877329516,0.015036741642347399,-0.0,0.0,0.01327630041564256,0.22552756950272762,0.03877376
2019-06-09 17:00:00,0.014118482418679596,0.013608449560224691,0.014592673073353388,0.030737114947742318,-0.0,0.19317271166299887,0.07305671999999999
2019-06-09 18:00:00,-0.0,0.012338856598337838,0.014592673073353388,0.05229269032830878,-0.0,0.13812777447530544,0.07922422
2019-06-09 19:00:00,-0.0,0.011743734897453376,0.014592673073353388,0.06694287202919323,-0.0,0.06766159339194415,0.09327928
2019-06-09 20:00:00,-0.0,0.010791540176038238,0.00839883184646691,0.03318302797749484,-0.0,0.03273209025773906,0.05237339999999999
2019-06-09 21:00:00,-0.0,0.010434467155507561,0.014592673073353388,0.008193649771139051,-0.0,0.024107195761803216,0.03322079
2019-06-09 22:00:00,-0.0,0.008331703812382463,0.014592673073353388,0.0015470831142641497,-0.0,0.022478687220472533,0.02447146
2019-06-09 23:00:00,-0.0,0.006784387390082864,0.014415472609917136,0.0,-0.0,0.022478687220472533,0.02119986
2019-06-10 00:00:00,-0.0,0.005554469208254976,0.005642110791745023,0.0,-0.0,0.022478687220472533,0.01119658
2019-06-10 01:00:00,-0.0,0.004681624046957765,-0.0,0.0033036149530422353,-0.0,0.019001197796217548,0.007985239
2019-06-10 02:00:00,-0.0,0.003967478005896411,0.00530375999410359,0.0,-0.0,0.019001197796217548,0.009271238000000001
2019-06-10 03:00:00,-0.0,0.0034913806451888417,0.008430899354811158,0.0,-0.0,0.019001197796217548,0.01192228
2019-06-10 04:00:00,-0.0,0.0032533319648350573,0.014592673073353388,0.0013662149618115533,-0.0,0.017563076783784333,0.01921222
2019-06-10 05:00:00,-0.0,0.0034120310850709133,0.014592673073353388,0.0023535958415756963,-0.0,0.015085607476862549,0.0203583
2019-06-10 06:00:00,0.0011447418177307782,0.003967478005896411,0.014592673073353388,0.014331327103019422,-0.0,-0.0,0.03403622
2019-06-10 07:00:00,0.027092223019628416,0.003610404985365734,0.009138051995005857,0.0,-0.0,-0.0,0.03984068
2019-06-10 08:00:00,0.058763413310179945,0.003967478005896411,0.003737908683923659,0.0,-0.0,-0.0,0.06646880000000001
2019-06-10 09:00:00,0.08432931390616732,0.004165851906191231,-0.0,0.0,0.05358114581235856,0.05090208852174063,0.03491402
2019-06-10 10:00:00,0.09730305450711614,0.004443575366603981,-0.0,0.0,0.04933527987372012,0.09777060440177474,0.05241135
2019-06-10 11:00:00,0.10875047268442392,0.004999022287429478,-0.0,0.0,0.019014254971853398,0.11583414662503547,0.09473524
2019-06-10 12:00:00,0.11180311753170599,0.005832192668667724,-0.0,0.0,0.060677600200373716,0.17347786681539049,0.05695771
2019-06-10 13:00:00,0.10493466662532135,0.00599089178890358,-0.0,0.0,0.05952420841422493,0.23002586480890416,0.05140135
2019-06-10 14:00:00,0.09043460360073147,0.0057528431085497956,-0.0,0.0,0.05491932670928125,0.28219922518272134,0.04126812000000001
2019-06-10 15:00:00,0.06906608966975694,0.005514794428196012,-0.0,0.0,0.028030774097952953,0.3088284605757766,0.04655011
2019-06-10 16:00:00,0.043881769679679834,0.005395770088019119,-0.0,0.0,0.002624279767698953,0.31132152635509064,0.04665326
2019-06-10 17:00:00,0.017552707871871933,0.005594143988313939,0.014592673073353388,0.02128382506646074,-0.0,0.2889174999693425,0.05902335
2019-06-10 18:00:00,-0.0,0.006308290029375294,0.014592673073353388,0.008758926897271318,-0.0,0.27969757691958325,0.02965989
2019-06-10 19:00:00,-0.0,0.006982761290377683,0.014592673073353388,0.043391815636268934,-0.0,0.23402198151298437,0.06496725
2019-06-10 20:00:00,-0.0,0.0068240621701418265,-0.0,0.04453241782985817,-0.0,0.18714575221839683,0.05135648
2019-06-10 21:00:00,-0.0,0.00646698914961115,0.014592673073353388,0.009514817777035464,-0.0,0.1771301545583595,0.03057448
2019-06-10 22:00:00,-0.0,0.0064273143695521865,0.00813574091895989,0.00752812471148792,-0.0,0.16920581275679328,0.02209118
2019-06-10 23:00:00,-0.0,0.006625688269847007,-0.0,0.010615391730152992,-0.0,0.1580317161987375,0.01724108
2019-06-11 00:00:00,-0.0,0.007141460410613539,-0.0,0.00457298958938646,-0.0,0.15321804294675173,0.01171445
2019-06-11 01:00:00,-0.0,0.007934956011792822,0.002816053988207178,0.0,-0.0,0.15321804294675173,0.01075101
2019-06-11 02:00:00,-0.0,0.00868877683291314,0.004950063167086859,0.0,-0.0,0.15321804294675173,0.01363884
2019-06-11 03:00:00,-0.0,0.00956162199421035,-0.0,0.0016038580057896497,-0.0,0.15152977136171,0.01116548
2019-06-11 04:00:00,-0.0,0.009323573313856566,-0.0,0.022092056686143433,-0.0,0.12827497484998007,0.03141563
2019-06-11 05:00:00,-0.0,0.00868877683291314,-0.0,0.02534922316708686,-0.0,0.10159158204252022,0.034038
2019-06-11 06:00:00,0.001907903029551297,0.008093655132028678,0.014592673073353388,0.02879886876506664,-0.0,0.07127698334245008,0.0533931
2019-06-11 07:00:00,0.02976328726100023,0.006705037829964935,0.014592673073353388,0.0009254418356814485,-0.0,0.07030283404173276,0.05198644
2019-06-11 08:00:00,0.0629607999751928,0.007022436070436647,-0.0,0.0,0.011135136045629448,0.08088121328508074,0.0588481
2019-06-11 09:00:00,0.09081618420664173,0.006665363049905971,-0.0,0.0,0.0289834772565477,0.10841551667880106,0.06849807
2019-06-11 10:00:00,0.11027679510806496,0.006784387390082864,-0.0,0.0,0.06036263249814782,0.16576001755204148,0.05669855
2019-06-11 11:00:00,0.12554001934447534,0.00761755777132111,-0.0,0.0,0.01672617711579645,0.1816498858120481,0.1164314
2019-06-11 12:00:00,0.13240847025086,0.007776256891556966,-0.0,0.0,0.04241893714241697,0.22194787609734423,0.09776578999999999
2019-06-11 13:00:00,0.1285926641917574,0.00761755777132111,-0.0,0.0,0.04950870196307852,0.2689811429622688,0.08670152
2019-06-11 14:00:00,0.11332943995534703,0.007022436070436647,-0.0,0.0,0.03430294602578368,0.3015689416867633,0.08604893
2019-06-11 15:00:00,0.09043460360073147,0.005832192668667724,-0.0,0.0,0.04625853626939919,0.3455145511426925,0.05000826
2019-06-11 16:00:00,0.06028973573382098,0.004641949266898801,-0.0,0.00013952499928020917,-0.0,0.3453676827223976,0.06507120999999999
2019-06-11 17:00:00,0.024802739384166862,0.004007152785955375,-0.0,0.020233567829877758,-0.0,0.32406919026989467,0.04904346
2019-06-11 18:00:00,-0.0,0.004443575366603981,-0.0,0.11573082463339603,-0.0,0.20224726960316203,0.1201744
2019-06-11 19:00:00,-0.0,0.005514794428196012,-0.0,0.07299909557180399,-0.0,0.12540611636968413,0.07851389
2019-06-11 20:00:00,-0.0,0.00599089178890358,0.014592673073353388,0.02539981513774303,-0.0,0.09866946885627041,0.04598338
2019-06-11 21:00:00,-0.0,0.006149590909139437,-0.0,0.023446049090860562,-0.0,0.07398941718168035,0.02959564
2019-06-11 22:00:00,-0.0,0.006228940469257365,0.014592673073353388,0.014006026457389248,-0.0,0.05924623143706009,0.03482764
2019-06-11 23:00:00,-0.0,0.006625688269847007,0.008226961730152993,0.0,-0.0,0.05924623143706009,0.01485265
2019-06-12 00:00:00,-0.0,0.0069034117302597545,-0.0,0.006586508269740246,-0.0,0.05231306483733352,0.01348992
2019-06-12 01:00:00,-0.0,0.007101785630554576,0.0027881003694454247,0.0,-0.0,0.05231306483733352,0.009889886
2019-06-12 02:00:00,-0.0,0.007300159530849396,0.001890306469150605,0.0,-0.0,0.05231306483733352,0.009190466000000001
2019-06-12 03:00:00,-0.0,0.007458858651085253,-0.0,0.003997251348914747,-0.0,0.04810543183847589,0.01145611
2019-06-12 04:00:00,-0.0,0.006982761290377683,-0.0,0.018715618709622316,-0.0,0.02840478056518924,0.02569838
2019-06-12 05:00:00,-0.0,0.00646698914961115,0.014592673073353388,0.01147034777703546,-0.0,0.016330730273572968,0.03253001
2019-06-12 06:00:00,0.0011447418177307782,0.006070241349021509,0.014592673073353388,0.015514193759894322,-0.0,-0.0,0.03732185
2019-06-12 07:00:00,0.028236964837359192,0.004641949266898801,0.013869005895742005,0.0,-0.0,-0.0,0.04674792
2019-06-12 08:00:00,0.05671775,-0.0,-0.0,0.0,-0.0,-0.0,0.05671775
2019-06-12 09:00:00,0.0672504051411479,0.004483250146662945,-0.0,0.0,0.014291475287810837,0.013576901523420296,0.05744218
2019-06-12 10:00:00,0.11523734298489834,0.005078371847547406,-0.0,0.0,0.06198035483244574,0.07245823861424375,0.05833536
2019-06-12 11:00:00,0.1438558884281678,0.006070241349021509,-0.0,0.0,0.0440934297771893,0.11434699690257358,0.1058327
2019-06-12 12:00:00,0.15186908115228323,0.0069034117302597545,-0.0,0.0,0.10533913288254299,0.2144191731409894,0.05343336
2019-06-12 13:00:00,0.14156640479270624,0.007181135190672504,-0.0,0.0,0.10684322998337875,0.3159202416251992,0.04190431
2019-06-12 14:00:00,0.11638208480262911,0.007062110850495611,-0.0,0.0,0.05813931565312473,0.3711525914956677,0.06530488
2019-06-12 15:00:00,0.08585563632980836,0.005832192668667724,-0.0,0.0,0.04431396899847609,0.41325086204422,0.04737386
2019-06-12 16:00:00,0.05189496240379528,0.004641949266898801,-0.0,0.013383588329305932,-0.0,0.39916287432916114,0.06992050000000001
2019-06-12 17:00:00,0.019842191507333486,0.003927803225837447,-0.0,0.029311315266829067,-0.0,0.36830885825881476,0.05308131
2019-06-12 18:00:00,-0.0,0.003927803225837447,-0.0,0.11152669677416255,-0.0,0.25091233533864366,0.1154545
2019-06-12 19:00:00,-0.0,0.004721298827016729,-0.0,0.08149499117298327,-0.0,0.16512813410392443,0.08621629
2019-06-12 20:00:00,-0.0,0.005435444868078084,-0.0,0.03075638513192192,-0.0,0.1327529918597961,0.03619183
2019-06-12 21:00:00,-0.0,0.006030566568962545,-0.0,0.026445723431037453,-0.0,0.10491538824817775,0.03247629
2019-06-12 22:00:00,-0.0,0.006189265689198402,-0.0,0.016334864310801597,-0.0,0.08772079423680765,0.02252413
2019-06-12 23:00:00,-0.0,0.006070241349021509,-0.0,0.011791528650978489,-0.0,0.07530865881472502,0.01786177
2019-06-13 00:00:00,-0.0,0.006308290029375294,-0.0,0.0031159229706247066,-0.0,0.07202873989827796,0.009424213
2019-06-13 01:00:00,-0.0,0.006347964809434258,-0.0,0.005408115190565743,-0.0,0.0663359870661035,0.01175608
2019-06-13 02:00:00,-0.0,0.0064273143695521865,-0.0,0.002228452630447815,-0.0,0.0639902474551058,0.008655767000000002
2019-06-13 03:00:00,-0.0,0.006625688269847007,-0.0,0.001267634730152992,-0.0,0.06265589510757634,0.007893322999999999
2019-06-13 04:00:00,-0.0,0.006625688269847007,-0.0,0.017889421730152993,-0.0,0.04382492486531003,0.02451511
2019-06-13 05:00:00,-0.0,0.006705037829964935,-0.0,0.013161442170035065,-0.0,0.029970775212641545,0.01986648
2019-06-13 06:00:00,0.0011447418177307782,0.0069034117302597545,-0.0,0.02847223645200947,-0.0,-0.0,0.03652039
2019-06-13 07:00:00,0.029000126049179713,0.0033814839508202986,-0.0,0.0,-0.0,-0.0,0.03238161000000001
2019-06-13 08:00:00,0.04909325782985817,0.0068240621701418265,-0.0,0.0,-0.0,-0.0,0.05591732
2019-06-13 09:00:00,0.02118916926679204,0.008887150733207961,-0.0,0.0,-0.0,-0.0,0.03007632
2019-06-13 10:00:00,0.04385671,-0.0,-0.0,0.0,-0.0,-0.0,0.04385671
2019-06-13 11:00:00,0.09745065,-0.0,-0.0,0.0,-0.0,-0.0,0.09745065
2019-06-13 12:00:00,0.02720051900284145,0.011545360997158556,-0.0,0.0,-0.0,-0.0,0.03874588
2019-06-13 13:00:00,0.1506556386538788,0.011743734897453376,-0.0,0.0,0.11549116355133217,0.10971660537376555,0.04690821
2019-06-13 14:00:00,0.1465269526695396,0.011743734897453376,-0.0,0.0,0.10239927756699298,0.20699591906240888,0.05587141
2019-06-13 15:00:00,0.11142153692579573,0.011029588856392023,-0.0,0.0,0.05854090578218775,0.26260977955548725,0.06391022
2019-06-13 16:00:00,0.06563186421656461,0.009839345454623099,-0.0,0.0,0.019448299671187705,0.2810856642431156,0.05602291
2019-06-13 17:00:00,0.027092223019628416,0.009720321114446207,-0.0,0.01923429586592538,-0.0,0.2608390370158257,0.05604684
2019-06-13 18:00:00,-0.0,0.009402922873974495,-0.0,0.0373574371260255,-0.0,0.22151541898843047,0.04676036
2019-06-13 19:00:00,-0.0,0.008807801173090032,-0.0,0.04215676882690997,-0.0,0.17713987285484104,0.05096457
2019-06-13 20:00:00,-0.0,0.007974630791851787,-0.0,0.028967039208148214,-0.0,0.14664825263573766,0.03694167
2019-06-13 21:00:00,-0.0,0.00761755777132111,-0.0,0.014221322228678892,-0.0,0.1316784397634441,0.02183888
2019-06-13 22:00:00,-0.0,0.007419183871026289,-0.0,0.01319308612897371,-0.0,0.11779098068031386,0.02061227
2019-06-13 23:00:00,-0.0,0.0068240621701418265,-0.0,0.004075367829858173,-0.0,0.11350111980677895,0.01089943
2019-06-14 00:00:00,-0.0,0.006744712610023899,-0.0,0.0069835373899761,-0.0,0.10615002781733042,0.01372825
2019-06-14 01:00:00,-0.0,0.0069034117302597545,-0.0,0.004343408269740245,-0.0,0.10157801911234068,0.01124682
2019-06-14 02:00:00,-0.0,0.007339834310908361,-0.0,0.00017932468909163946,-0.0,0.10138925628171791,0.007519159
2019-06-14 03:00:00,-0.0,0.007855606451674895,-0.0,0.003996243548325106,-0.0,0.09718268412558621,0.01185185
2019-06-14 04:00:00,-0.0,0.00781593167161593,-0.0,0.01022368832838407,-0.0,0.08642090693781351,0.01803962
2019-06-14 05:00:00,-0.0,0.00821267947220557,-0.0,0.03163178052779443,-0.0,0.05312429585592464,0.03984446
2019-06-14 06:00:00,0.0011447418177307782,0.008450728152559355,-0.0,0.02011559002970987,-0.0,0.0319499905614932,0.02971106
2019-06-14 07:00:00,0.028236964837359192,0.00781593167161593,-0.0,0.014145903491024882,-0.0,0.017059565834098584,0.0501988
2019-06-14 08:00:00,0.06372396118701332,0.009323573313856566,-0.0,0.0,0.006637084500869889,0.02336479610992498,0.06641045
2019-06-14 09:00:00,0.0957767320834751,0.013092677419458158,-0.0,0.0,0.057430859502933265,0.07792411263771158,0.05143855
2019-06-14 10:00:00,0.11981631025582144,0.019559666569069305,-0.0,0.0,0.06607875682489076,0.1406989316213578,0.07329722
2019-06-14 11:00:00,0.13279005085677026,0.022654299413668505,-0.0,0.0,0.060763100270438755,0.19842387687827462,0.09468125000000001
2019-06-14 12:00:00,0.13584269570405233,0.02229722639313783,-0.0,0.0,0.07184636209719016,0.26667792087060527,0.08629356
2019-06-14 13:00:00,0.1400400823690652,0.021345031671722692,-0.0,0.0,0.1006486540407879,0.36229414220935374,0.06073646
2019-06-14 14:00:00,0.12515843873856508,0.019519991789010344,-0.0,0.0,0.061416870527575426,0.4206401692105504,0.08326156
2019-06-14 15:00:00,0.0976846351130264,0.01690145630511871,-0.0,0.0,0.05429371141814511,0.47221919505778825,0.06029238
2019-06-14 16:00:00,0.058763413310179945,0.014322595601286044,-0.0,0.0,0.01542997891146599,0.48687767502368096,0.05765603
2019-06-14 17:00:00,0.023657997566436082,0.012418206158455767,-0.0,0.014955576275108153,-0.0,0.4711349631551461,0.05103178
2019-06-14 18:00:00,-0.0,0.012100807917984053,-0.0,0.09310119208201595,-0.0,0.3731337083319714,0.105202
2019-06-14 19:00:00,-0.0,0.011942108797748197,-0.0,0.0499514112022518,-0.0,0.32055327548749585,0.06189352
2019-06-14 20:00:00,-0.0,0.011783409677512341,-0.0,0.01464180032248766,-0.0,0.3051408540954036,0.02642521
2019-06-14 21:00:00,-0.0,0.011346987096863735,-0.0,0.026454912903136278,-0.0,0.27729357735526017,0.03780190000000001
2019-06-14 22:00:00,-0.0,0.01051381671562549,-0.0,0.00851157328437451,-0.0,0.2683340265296028,0.01902539
2019-06-14 23:00:00,-0.0,0.009839345454623099,-0.0,0.0030097545453769015,-0.0,0.2651658638502587,0.0128491
2019-06-15 00:00:00,-0.0,0.009244223753738639,-0.0,0.0028070562462613607,-0.0,0.2622110678015625,0.01205128
2019-06-15 01:00:00,-0.0,0.010275768035271705,-0.0,0.0,0.0028537610352717046,0.26492214078507065,0.007422007
2019-06-15 02:00:00,-0.0,0.011029588856392023,-0.0,0.0,0.0007588488563920227,0.26564304719864307,0.01027074
2019-06-15 03:00:00,-0.0,0.011664385337335449,-0.0,0.0,0.0014324653373354486,0.2670038892691117,0.01023192
2019-06-15 04:00:00,-0.0,0.012100807917984053,-0.0,0.012438982082015946,-0.0,0.25391022391962126,0.02453979
2019-06-15 05:00:00,-0.0,0.012299181818278875,-0.0,0.026900728181721123,-0.0,0.2255936679388622,0.03919991
2019-06-15 06:00:00,0.0007631612118205187,0.012973653079281266,-0.0,0.015568605708898215,-0.0,0.20920566192949566,0.02930542
2019-06-15 07:00:00,0.02594748120189764,0.011545360997158556,-0.0,0.012545187800943804,-0.0,0.19600020108639693,0.05003803
2019-06-15 08:00:00,0.05800025209835943,0.010355117595389634,-0.0,0.0,0.006979939693749056,0.20263114379545855,0.06137543
2019-06-15 09:00:00,0.08890828117709045,0.01098991407633306,-0.0,0.0,0.039946475253423507,0.2405802952862109,0.05995172
2019-06-15 10:00:00,0.11256627874352651,0.012814953959045408,-0.0,0.0,0.06756448270257193,0.3047665538536542,0.05781675
2019-06-15 11:00:00,0.12668476116220612,0.014600319061698792,-0.0,0.0,0.0678412702239049,0.36921576056636385,0.07344381
2019-06-15 12:00:00,0.13164530903903948,0.014917717302170506,-0.0,0.0,0.06042807634120999,0.42662243309051334,0.08613495
2019-06-15 13:00:00,0.12057947146764196,0.01341007565992987,-0.0,0.0,0.06600879712757182,0.48933079036170657,0.06798075
2019-06-15 14:00:00,0.09615831268938536,0.011386661876922699,-0.0,0.0,0.03544986456630806,0.5230081616996992,0.07209511
2019-06-15 15:00:00,0.06677660603429539,0.009244223753738639,-0.0,0.0,0.01053965978803402,0.5330208384983315,0.06548117
2019-06-15 16:00:00,0.03777647998511568,0.007934956011792822,0.011859294003091499,0.0,-0.0,0.5330208384983315,0.05757073
2019-06-15 17:00:00,0.013736901812769337,0.007101785630554576,-0.0,0.05899237255667608,-0.0,0.47092360422814616,0.07983106
2019-06-15 18:00:00,-0.0,0.007379509090967324,-0.0,0.06916056090903268,-0.0,0.39812301379758547,0.07654007
2019-06-15 19:00:00,-0.0,0.007696907331439038,0.01011521203156255,0.06608183063699842,-0.0,0.32856319207442924,0.08389395000000001
2019-06-15 20:00:00,-0.0,0.007181135190672504,0.014592673073353388,0.01681118173597411,-0.0,0.31086721129971967,0.03858499
2019-06-15 21:00:00,-0.0,0.00626861524931633,0.014592673073353388,0.008180481677330284,-0.0,0.30225617795516146,0.02904177
2019-06-15 22:00:00,-0.0,0.005356095307960156,0.014592673073353388,0.009665011618686456,-0.0,0.2920824815144389,0.02961378
2019-06-15 23:00:00,-0.0,0.0047609736070756935,-0.0,0.015262336392924306,-0.0,0.27601686425872907,0.02002331
2019-06-16 00:00:00,-0.0,0.0048403231671936215,0.010528396832806378,0.0,-0.0,0.27601686425872907,0.01536872
2019-06-16 01:00:00,-0.0,0.005276745747842227,-0.0,0.009214384252157773,-0.0,0.2663175124143525,0.01449113
2019-06-16 02:00:00,-0.0,0.005554469208254976,-0.0,0.0008777397917450244,-0.0,0.265393575791463,0.006432209
2019-06-16 03:00:00,-0.0,0.0057528431085497956,0.0053486868914502045,0.0,-0.0,0.265393575791463,0.01110153
2019-06-16 04:00:00,-0.0,0.00599089178890358,0.014592673073353388,0.009555945137743034,-0.0,0.2553346861727861,0.03013951
2019-06-16 05:00:00,-0.0,0.006070241349021509,0.014592673073353388,0.009110385577625101,-0.0,0.24574480661739126,0.0297733
2019-06-16 06:00:00,-0.0,0.006109916129080473,0.014592673073353388,0.02089051079756614,-0.0,0.22375479525153216,0.0415931
2019-06-16 07:00:00,0.01869744968960271,0.005356095307960156,0.014101835002437137,0.0,-0.0,0.22375479525153216,0.03815538
2019-06-16 08:00:00,0.04540809210332086,0.005356095307960156,-0.0,0.004533572588718969,-0.0,0.2189826135791964,0.05529775999999999
2019-06-16 09:00:00,0.07211873451703903,0.006982761290377683,-0.0,0.0,0.0332795158074167,0.25059815359624227,0.04582198000000001
2019-06-16 10:00:00,0.09463199026574433,0.009244223753738639,-0.0,0.0,0.054036924019482964,0.3019332314147511,0.04983929
2019-06-16 11:00:00,0.10798731147260339,0.011664385337335449,-0.0,0.0,0.038669796809938844,0.338669538384193,0.0809819
2019-06-16 12:00:00,0.11332943995534703,0.012338856598337838,-0.0,0.0,0.05953970655368487,0.3952322596101936,0.06612859
2019-06-16 13:00:00,0.10875047268442392,0.012338856598337838,-0.0,0.0,0.05319513928276177,0.4457676419288173,0.06789419
2019-06-16 14:00:00,0.09234250663028278,0.011505686217099591,-0.0,0.0,0.04077314284738237,0.48450212763383055,0.06307505
2019-06-16 15:00:00,0.07059241209339799,0.010474141935566526,-0.0,0.0,0.04413377402896452,0.5264292129613468,0.03693278
2019-06-16 16:00:00,0.04426335028559009,0.009601296774269314,0.002263892940140587,0.0,-0.0,0.5264292129613468,0.05612854
2019-06-16 17:00:00,0.017934288477782192,0.009720321114446207,0.014592673073353388,0.0062429573344182105,-0.0,0.5198576789251171,0.04849024
2019-06-16 18:00:00,-0.0,0.00956162199421035,0.014592673073353388,0.07847320493243626,-0.0,0.4372543053120263,0.1026275
2019-06-16 19:00:00,-0.0,0.008649102052854176,0.014592673073353388,0.02470787487379244,-0.0,0.41124601597119215,0.04794965
2019-06-16 20:00:00,-0.0,0.008331703812382463,-0.0,0.018308236187617538,-0.0,0.3919741884052789,0.02663994
2019-06-16 21:00:00,-0.0,0.008847475953148998,-0.0,0.024245764046851005,-0.0,0.3664523315138568,0.03309324
2019-06-16 22:00:00,-0.0,0.008728451612972105,-0.0,0.011519118387027894,-0.0,0.35432694373803797,0.02024757
2019-06-16 23:00:00,-0.0,0.008649102052854176,0.006159057947145824,0.0,-0.0,0.35432694373803797,0.01480816
2019-06-17 00:00:00,-0.0,0.008371378592441428,-0.0,0.0015476564075585716,-0.0,0.35269783173008157,0.009919035
2019-06-17 01:00:00,-0.0,0.010474141935566526,-0.0,0.0008869580644334744,-0.0,0.35176419166225686,0.0113611
2019-06-17 02:00:00,-0.0,0.008728451612972105,-0.0,0.002174738387027895,-0.0,0.3494749933601222,0.01090319
2019-06-17 03:00:00,-0.0,0.0065066639296701145,0.005816176070329885,0.0,-0.0,0.3494749933601222,0.01232284
2019-06-17 04:00:00,-0.0,0.005911542228785652,0.014592673073353388,0.008335214697860959,-0.0,0.34070108315184755,0.02883943
2019-06-17 05:00:00,-0.0,0.006387639589493222,-0.0,0.021419200410506777,-0.0,0.3181545564039457,0.02780684
2019-06-17 06:00:00,-0.0,0.00761755777132111,-0.0,0.03707685222867889,-0.0,0.2791262909000732,0.04469441
2019-06-17 07:00:00,0.01831586908369245,0.009482272434092422,0.0061613784822151275,0.0,-0.0,0.2791262909000732,0.03395952
2019-06-17 08:00:00,0.04617125331514139,0.011108938416509952,-0.0,0.0,0.002262621731651336,0.28127578154514193,0.05501757
2019-06-17 09:00:00,0.07555295997023136,0.014203571261109152,-0.0,0.0,0.02385091123134051,0.3039341472149154,0.06590562
2019-06-17 10:00:00,0.09501357087165459,0.015036741642347399,-0.0,0.0,0.03898642251400198,0.3409712486032173,0.07106389
2019-06-17 11:00:00,0.1053162472312316,0.015195440762583255,-0.0,0.0,0.03264783799381486,0.3719866946973414,0.08786385
2019-06-17 12:00:00,0.10684256965487264,0.014282920821227079,-0.0,0.0,0.02188447047609972,0.39277694164963617,0.09924102
2019-06-17 13:00:00,0.10188202177803926,0.012973653079281266,-0.0,0.0,0.019333394857320524,0.41114366676409064,0.09552228
2019-06-17 14:00:00,0.08852670057118019,0.011069263636450988,-0.0,0.0,0.028278184207631174,0.4380079417613403,0.07131778
2019-06-17 15:00:00,0.06715818664020565,0.008768126393031069,-0.0,0.0,0.026325443033236716,0.4630171126429152,0.04960087
2019-06-17 16:00:00,0.041592286044218274,0.007379509090967324,-0.0,0.0,0.0004427851351855999,0.4634377585213415,0.04852901
2019-06-17 17:00:00,0.016026385448230894,0.006625688269847007,0.014592673073353388,0.008690723208568714,-0.0,0.4542896288281113,0.04593547
2019-06-17 18:00:00,-0.0,0.006149590909139437,0.014592673073353388,0.06531200601750717,-0.0,0.3855401488096827,0.08605427
2019-06-17 19:00:00,-0.0,0.006625688269847007,0.014592673073353388,0.07992163865679959,-0.0,0.3014121081183147,0.10114
2019-06-17 20:00:00,-0.0,0.008053980351969714,-0.0,0.037585549648030285,-0.0,0.2618483716467039,0.04563953
2019-06-17 21:00:00,-0.0,0.009720321114446207,0.014592673073353388,0.017407425812200394,-0.0,0.2435247655285982,0.04172041999999999
2019-06-17 22:00:00,-0.0,0.009402922873974495,-0.0,0.017040107126025505,-0.0,0.22558781065909767,0.02644303
2019-06-17 23:00:00,-0.0,0.009720321114446207,0.010718358885553794,0.0,-0.0,0.22558781065909767,0.02043868
2019-06-18 00:00:00,-0.0,0.009998044574858957,0.002546625425141044,0.0,-0.0,0.22558781065909767,0.01254467
2019-06-18 01:00:00,-0.0,0.009244223753738639,0.0020178462462613622,0.0,-0.0,0.22558781065909767,0.01126207
2019-06-18 02:00:00,-0.0,0.008371378592441428,-0.0,0.0009249344075585707,-0.0,0.22461419549324654,0.009296312999999999
2019-06-18 03:00:00,-0.0,0.008331703812382463,0.0031443061876175373,0.0,-0.0,0.22461419549324654,0.01147601
2019-06-18 04:00:00,-0.0,0.009442597654033458,0.014592673073353388,0.0015126992726131518,-0.0,0.2230218804694432,0.02554797
2019-06-18 05:00:00,-0.0,0.009839345454623099,0.014592673073353388,0.024530331472023513,-0.0,0.19720047891994477,0.04896235
2019-06-18 06:00:00,-0.0,0.009918695014741028,0.014592673073353388,0.009242481911905588,-0.0,0.1874715505916231,0.03375385
2019-06-18 07:00:00,0.01831586908369245,0.008609427272795213,0.014592673073353388,0.00708545057015895,-0.0,0.18001318157040316,0.04860342
2019-06-18 08:00:00,0.045026511497410604,0.007300159530849396,0.014592673073353388,0.0023289058983866125,-0.0,0.17756170167736463,0.06924825
2019-06-18 09:00:00,0.07059241209339799,0.00821267947220557,-0.0,0.0,0.022657481565603557,0.199086309164688,0.05614761
2019-06-18 10:00:00,0.08814511996526993,0.010355117595389634,-0.0,0.0,0.02823106756065956,0.22590582334731457,0.07026917
2019-06-18 11:00:00,0.09730305450711614,0.012973653079281266,-0.0,0.0,0.025006307586397408,0.2496618155543921,0.0852704
2019-06-18 12:00:00,0.10111886056621874,0.018448772727418312,-0.0,0.0,0.046313573293637056,0.2936597101833473,0.07325406
2019-06-18 13:00:00,0.09692147390120588,0.023527144574965717,-0.0,0.0,0.051076718476171595,0.34218259273571033,0.0693719
2019-06-18 14:00:00,0.08432931390616732,0.025114135777324284,-0.0,0.0,0.05482524968349161,0.39426657993502734,0.0546182
2019-06-18 15:00:00,0.0675397672461159,0.02392389237555536,-0.0,0.0,0.04332193962167127,0.43542242257561503,0.04814172
2019-06-18 16:00:00,0.04273702786194905,0.022217876833019904,-0.0,0.0,0.0073903446949689505,0.4424432500358355,0.05756456
2019-06-18 17:00:00,0.016789546660051412,0.021345031671722692,0.014592673073353388,0.01967813859487251,-0.0,0.4217294199359697,0.07240539
2019-06-18 18:00:00,-0.0,0.018607471847654166,-0.0,0.07323246815234583,-0.0,0.34464261135455304,0.09183994
2019-06-18 19:00:00,-0.0,0.01341007565992987,0.014592673073353388,0.05466707126671675,-0.0,0.28709832581064065,0.08266982
2019-06-18 20:00:00,-0.0,0.008371378592441428,0.014592673073353388,0.021377898334205184,-0.0,0.26459527493252993,0.04434195
2019-06-18 21:00:00,-0.0,0.007736582111498002,0.014592673073353388,0.01282423481514861,-0.0,0.25109608039026826,0.03515349
2019-06-18 22:00:00,-0.0,0.00821267947220557,0.014592673073353388,0.00480383745444104,-0.0,0.2460394093855935,0.02760919
2019-06-18 23:00:00,-0.0,0.007419183871026289,0.006619876128973712,0.0,-0.0,0.2460394093855935,0.01403906
2019-06-19 00:00:00,-0.0,0.0069034117302597545,0.006307288269740246,0.0,-0.0,0.2460394093855935,0.0132107
2019-06-19 01:00:00,-0.0,0.006863736950200791,0.003778643049799209,0.0,-0.0,0.2460394093855935,0.01064238
2019-06-19 02:00:00,-0.0,0.006625688269847007,0.006023931730152993,0.0,-0.0,0.2460394093855935,0.01264962
2019-06-19 03:00:00,-0.0,0.00646698914961115,0.00527601085038885,0.0,-0.0,0.2460394093855935,0.011743
2019-06-19 04:00:00,-0.0,0.006744712610023899,0.0144971173899761,0.0,-0.0,0.2460394093855935,0.02124183
2019-06-19 05:00:00,-0.0,0.007022436070436647,0.014592673073353388,0.011793290856209964,-0.0,0.23362541901063563,0.0334084
2019-06-19 06:00:00,-0.0,0.006982761290377683,0.014592673073353388,0.019245695636268927,-0.0,0.2133667920250894,0.04082113
2019-06-19 07:00:00,0.015644804842320635,0.006070241349021509,0.014592673073353388,0.013909570735304464,-0.0,0.19872513861950575,0.05021729
2019-06-19 08:00:00,0.03701331877329516,0.005435444868078084,0.014592673073353388,0.013883083285273377,-0.0,0.18411136674027062,0.07092452
2019-06-19 09:00:00,0.05761867149244917,0.0048403231671936215,-0.0,0.0,0.01122294465964279,0.19477316416693127,0.05123605
2019-06-19 10:00:00,0.07631612118205189,0.004800648387134657,-0.0,0.0,0.03459529956918654,0.2276386987576585,0.04652147
2019-06-19 11:00:00,0.09119776481255198,0.005157721407665334,-0.0,0.0,0.018464476220217324,0.24517995116686495,0.07789101
2019-06-19 12:00:00,0.09692147390120588,0.0047609736070756935,0.008589952491718428,0.0,-0.0,0.24517995116686495,0.1102724
2019-06-19 13:00:00,0.08814511996526993,0.003927803225837447,-0.0,0.0,0.015250253191107385,0.25966769169841697,0.07682267
2019-06-19 14:00:00,0.07631612118205189,0.003094632844599201,-0.0,0.0,0.020651844026651094,0.2792869435237355,0.05875891
2019-06-19 15:00:00,0.06257921936928254,0.002578860703832667,0.0001142699268848052,0.0,-0.0,0.2792869435237355,0.06527235
2019-06-19 16:00:00,0.041592286044218274,0.002499511143714739,0.014592673073353388,0.02219051973871359,-0.0,0.25592850169351067,0.08087499
2019-06-19 17:00:00,0.017552707871871933,0.0023804868035378467,0.014592673073353388,0.008785912251236832,-0.0,0.24668017300799822,0.04331178
2019-06-19 18:00:00,-0.0,0.0026582102639505956,0.014592673073353388,0.07188687666269601,-0.0,0.17100977652094979,0.08913776
2019-06-19 19:00:00,-0.0,0.002935933724363344,0.014592673073353388,0.07243503320228326,-0.0,0.0947623731501253,0.08996364
2019-06-19 20:00:00,-0.0,0.0030152832844812724,0.014592673073353388,0.040038663642165344,-0.0,0.0526164114215302,0.05764662
2019-06-19 21:00:00,-0.0,0.0033326815249529857,0.014592673073353388,0.018086875401693625,-0.0,0.03357759520922113,0.03601223
2019-06-19 22:00:00,-0.0,0.004046827566014339,0.014592673073353388,0.0046477793606322735,-0.0,0.028685195882239792,0.02328728
2019-06-19 23:00:00,-0.0,0.005237070967783263,0.014592673073353388,0.0018701459588633482,-0.0,0.026716621188699424,0.02169989
2019-06-20 00:00:00,-0.0,0.00579251788860876,0.0018069671113912396,0.0,-0.0,0.026716621188699424,0.007599485
2019-06-20 01:00:00,-0.0,0.006070241349021509,0.005042108650978491,0.0,-0.0,0.026716621188699424,0.01111235
2019-06-20 02:00:00,-0.0,0.006744712610023899,0.0044430573899761,0.0,-0.0,0.026716621188699424,0.01118777
2019-06-20 03:00:00,-0.0,0.007458858651085253,0.000891625348914747,0.0,-0.0,0.026716621188699424,0.008350484
2019-06-20 04:00:00,-0.0,0.007934956011792822,0.01074348398820718,0.0,-0.0,0.026716621188699424,0.01867844
2019-06-20 05:00:00,-0.0,0.008252354252264536,0.014592673073353388,0.015158272674382073,-0.0,0.010760544689349873,0.0380033
2019-06-20 06:00:00,0.0011447418177307782,0.009442597654033458,0.014592673073353388,0.01022251745488238,-0.0,-0.0,0.03540253
2019-06-20 07:00:00,0.028236964837359192,0.007974630791851787,0.010714224370789019,0.0,-0.0,-0.0,0.04692582
2019-06-20 08:00:00,0.05147922222867889,0.00761755777132111,-0.0,0.0,-0.0,-0.0,0.05909678
2019-06-20 09:00:00,0.05646959,-0.0,-0.0,0.0,-0.0,-0.0,0.05646959
2019-06-20 10:00:00,0.07180884,-0.0,-0.0,0.0,-0.0,-0.0,0.07180884
2019-06-20 11:00:00,0.07660392,-0.0,-0.0,0.0,-0.0,-0.0,0.07660392
2019-06-20 12:00:00,0.05727035,-0.0,-0.0,0.0,-0.0,-0.0,0.05727035
2019-06-20 13:00:00,0.09581279424347514,0.015790562463467717,-0.0,0.0,0.06370714670694284,0.060521789371595705,0.04789621
2019-06-20 14:00:00,0.1568296290291166,0.015512839003054968,-0.0,0.0,0.11360768803217156,0.16844909300215868,0.05873478
2019-06-20 15:00:00,0.13126372843312922,0.014441619941462936,-0.0,0.0,0.10564656837459216,0.26881333295802123,0.04005878
2019-06-20 16:00:00,0.0892898617830007,0.012100807917984053,-0.0,0.0,0.05028863970098476,0.3165875406739568,0.05110203
2019-06-20 17:00:00,0.03739489937920542,0.00964097155432828,-0.0,0.007510039066466308,-0.0,0.3086822363934659,0.05454591
2019-06-20 18:00:00,0.0015263224236410375,0.00936324809391553,-0.0,0.07832298948244343,-0.0,0.22623698430668338,0.08921256
2019-06-20 19:00:00,-0.0,0.00964097155432828,-0.0,0.07754005844567173,-0.0,0.1446158701533447,0.08718103
2019-06-20 20:00:00,-0.0,0.00956162199421035,-0.0,0.029181748005789647,-0.0,0.11389824067356612,0.03874337
2019-06-20 21:00:00,-0.0,0.009839345454623099,-0.0,0.024582504545376898,-0.0,0.08802192009948517,0.03442185
2019-06-20 22:00:00,-0.0,0.010117068915035849,-0.0,0.008127501084964153,-0.0,0.0794666557995229,0.01824457
2019-06-20 23:00:00,-0.0,0.011029588856392023,-0.0,0.005643211143607978,-0.0,0.07352643354309345,0.0166728
2019-06-21 00:00:00,-0.0,0.012100807917984053,-0.0,0.001021452082015947,-0.0,0.07245122082518192,0.01312226
2019-06-21 01:00:00,-0.0,0.012021458357866126,-0.0,0.0,0.00017061835786612647,0.07261330826515473,0.01185084
2019-06-21 02:00:00,-0.0,0.012338856598337838,-0.0,0.0,0.00035684659833783855,0.07295231253357568,0.01198201
2019-06-21 03:00:00,-0.0,0.011743734897453376,-0.0,0.0017963851025466233,-0.0,0.0710613808466845,0.01354012
2019-06-21 04:00:00,-0.0,0.010712190615920311,-0.0,0.005691819384079689,-0.0,0.06506999202133745,0.01640401
2019-06-21 05:00:00,-0.0,0.009958369794799991,-0.0,0.026778220205200008,-0.0,0.03688239180533744,0.03673659
2019-06-21 06:00:00,0.003052644847282075,0.009045849853443817,-0.0,0.033665475299274106,-0.0,0.0014450493850489145,0.04576397
2019-06-21 07:00:00,0.03701331877329516,0.007339834310908361,-0.0,0.001372796915796469,-0.0,-0.0,0.04572594999999999
2019-06-21 08:00:00,0.06288923924094202,-0.0,-0.0,0.0,0.000578059240942017,0.0005491562788949161,0.06231118
2019-06-21 09:00:00,0.12096105207355223,0.007895281231733858,-0.0,0.0,0.06895038330528609,0.0660520204189167,0.05990595
2019-06-21 10:00:00,0.14996117812273194,0.008093655132028678,-0.0,0.0,0.09400806325476063,0.1553596805109393,0.06404676999999999
2019-06-21 11:00:00,0.16980336963006543,0.007260484750790432,-0.0,0.0,0.06364845438085585,0.21582571217275234,0.1134154
2019-06-21 12:00:00,0.17896130417191164,0.0064273143695521865,-0.0,0.0,0.06878671854146383,0.281173094787143,0.1166019
2019-06-21 13:00:00,0.1728560144773475,0.005633818768372903,-0.0,0.0,0.1098067932457204,0.38548954837057736,0.06868304
2019-06-21 14:00:00,0.15148750054637297,0.0048403231671936215,-0.0,0.0,0.0682936337135666,0.4503685003984656,0.08803419
2019-06-21 15:00:00,0.11752682662035989,0.003888128445778483,-0.0,0.0,0.07947832506613836,0.525872909211297,0.04193663
2019-06-21 16:00:00,0.07021083148748773,0.002777234604127488,-0.0,0.0,0.007524136091615216,0.5330208384983315,0.06546393
2019-06-21 17:00:00,0.0263290618078079,0.0024201615835968107,-0.0,0.04453335660859528,-0.0,0.4861436210155996,0.07328258
2019-06-21 18:00:00,-0.0,0.0029756085044223084,-0.0,0.08044945149557768,-0.0,0.4014599878623599,0.08342506
2019-06-21 19:00:00,-0.0,0.003927803225837447,-0.0,0.08112469677416254,-0.0,0.31606557020534676,0.08505249999999999
2019-06-21 20:00:00,-0.0,0.004681624046957765,-0.0,0.06326983595304222,-0.0,0.24946574288635495,0.06795145999999999
2019-06-21 21:00:00,-0.0,0.005118046627606371,-0.0,0.03188523337239363,-0.0,0.2159023393364669,0.03700328
2019-06-21 22:00:00,-0.0,0.005197396187724299,-0.0,0.030437073812275704,-0.0,0.18386331427091354,0.03563447
2019-06-21 23:00:00,-0.0,0.005356095307960156,-0.0,0.014879674692039845,-0.0,0.16820049880560844,0.02023577
2019-06-22 00:00:00,-0.0,0.005951217008844617,-0.0,0.004843112991155383,-0.0,0.16310248513070805,0.01079433
2019-06-22 01:00:00,-0.0,0.006863736950200791,-0.0,0.001884721049799208,-0.0,0.16111856823618256,0.008748457999999999
2019-06-22 02:00:00,-0.0,0.007696907331439038,-0.0,0.0,0.002276153331439038,0.16328091390104965,0.005420754
2019-06-22 03:00:00,-0.0,0.009442597654033458,-0.0,0.0,9.2522654033457e-05,0.16336881042238144,0.009350075000000001
2019-06-22 04:00:00,-0.0,0.010275768035271705,-0.0,0.014554761964728295,-0.0,0.1480480083542464,0.02483053
2019-06-22 05:00:00,-0.0,0.009045849853443817,0.006047399382952406,0.014971860763603776,-0.0,0.132288154918874,0.03006511
2019-06-22 06:00:00,-0.0,0.0082920290323235,-0.0,0.0326979609676765,-0.0,0.09786924863710926,0.04098999
2019-06-22 07:00:00,0.015263224236410376,0.006625688269847007,-0.0,0.024147007493742607,-0.0,0.07245134601211704,0.04603591999999999
2019-06-22 08:00:00,0.046552833921051646,0.005832192668667724,-0.0,0.019925623410280625,-0.0,0.0514770055802427,0.07231064999999999
2019-06-22 09:00:00,0.07860560481751343,0.006308290029375294,-0.0,0.0,0.015463234846888718,0.06616707868478698,0.06945066
2019-06-22 10:00:00,0.10188202177803926,0.007339834310908361,-0.0,0.0,0.04817847608894762,0.11193663096928722,0.06104338
2019-06-22 11:00:00,0.12935582540357793,0.008411053372500392,-0.0,0.0,0.035111378776078325,0.14529244080656162,0.1026555
2019-06-22 12:00:00,0.14423746903407805,0.009006175073384854,-0.0,0.0,0.06529211410746291,0.20731994920865138,0.08795153
2019-06-22 13:00:00,0.14271114661043702,0.008807801173090032,-0.0,0.0,0.08890389778352706,0.2917786521030021,0.06261504999999999
2019-06-22 14:00:00,0.12477685813265482,0.007934956011792822,-0.0,0.0,0.052228024144447646,0.3413952750402273,0.08048379
2019-06-22 15:00:00,0.08165824966479551,0.005514794428196012,-0.0,0.0,0.03245464409299152,0.37222718692856926,0.0547184
2019-06-22 16:00:00,0.04273702786194905,0.004126177126132268,-0.0,0.0041092550119186805,-0.0,0.3679016553370759,0.05097246
2019-06-22 17:00:00,0.014500063024589857,0.0035310554252478057,-0.0,0.02479145155016233,-0.0,0.34180539054743136,0.04282257
2019-06-22 18:00:00,-0.0,0.003927803225837447,-0.0,0.10793219677416255,-0.0,0.22819255183778658,0.11186
2019-06-22 19:00:00,-0.0,0.004959347507370514,-0.0,0.0821314224926295,-0.0,0.1417384228981766,0.08709077000000001
2019-06-22 20:00:00,-0.0,0.005594143988313939,0.014592673073353388,0.027944022938332674,-0.0,0.11232366191045798,0.04813084
2019-06-22 21:00:00,-0.0,0.005911542228785652,0.014592673073353388,0.01358237469786096,-0.0,0.0980264253863938,0.03408659
2019-06-22 22:00:00,-0.0,0.005594143988313939,0.011977706011686061,0.0,-0.0,0.0980264253863938,0.01757185
2019-06-22 23:00:00,-0.0,0.005197396187724299,-0.0,0.002772192812275702,-0.0,0.09510832768926149,0.007969589000000001
2019-06-23 00:00:00,-0.0,0.004364225806486053,-0.0,0.0027363591935139478,-0.0,0.09222794959082575,0.007100585
2019-06-23 01:00:00,-0.0,0.0037691041056015905,0.010803005894398409,0.0,-0.0,0.09222794959082575,0.01457211
2019-06-23 02:00:00,-0.0,0.0035310554252478057,-0.0,0.008916794574752194,-0.0,0.08284185003845503,0.01244785
2019-06-23 03:00:00,-0.0,0.0037294293255426265,-0.0,0.007241330674457373,-0.0,0.07521939669692095,0.01097076
2019-06-23 04:00:00,-0.0,0.004007152785955375,-0.0,0.013656577214044624,-0.0,0.060844052261084504,0.01766373
2019-06-23 05:00:00,-0.0,0.003967478005896411,-0.0,0.03852700199410359,-0.0,0.020289313319922835,0.04249448
2019-06-23 06:00:00,-0.0,0.004086502346073303,-0.0,0.019274847653926695,-0.0,-0.0,0.02336135
2019-06-23 07:00:00,0.02289483635461556,0.003848453665719519,-0.0,0.0,0.0067658400203350795,0.0064275480193183255,0.01997745
2019-06-23 08:00:00,0.056092349068808126,0.0033326815249529857,-0.0,0.0,0.00037656059376111467,0.006785280583391384,0.05904847
2019-06-23 09:00:00,0.08585563632980836,0.003689754545483662,-0.0,0.0,0.03891419087529202,0.0437537619149188,0.0506312
2019-06-23 10:00:00,0.10684256965487264,0.0037691041056015905,-0.0,0.0,0.06208674376047423,0.10273616848736933,0.04852493
2019-06-23 11:00:00,0.11943472964991118,0.003848453665719519,-0.0,0.0,0.04083889331563072,0.1415331171372185,0.08244428999999999
2019-06-23 12:00:00,0.12134263267946249,0.0037691041056015905,-0.0,0.0,0.03920598678506408,0.17877880458302936,0.08590575
2019-06-23 13:00:00,0.11676366540853937,0.003650079765424698,-0.0,0.0,0.06813640517396405,0.2435083894982952,0.05227734000000001
2019-06-23 14:00:00,0.10684256965487264,0.0034913806451888417,-0.0,0.0,0.033213860300061473,0.2750615567833536,0.07712009
2019-06-23 15:00:00,0.08852670057118019,0.0032136571847760933,-0.0,0.0,0.05163720775595628,0.32411690415151206,0.04010315
2019-06-23 16:00:00,0.058381832704269686,0.003173982404717129,-0.0,0.0,0.01925487510898681,0.34240903550504953,0.04230094
2019-06-23 17:00:00,0.023657997566436082,0.0034913806451888417,-0.0,0.018234351788375073,-0.0,0.3232149809909705,0.04538373
2019-06-23 18:00:00,-0.0,0.004086502346073303,-0.0,0.0873531276539267,-0.0,0.2312643203026266,0.09143963
2019-06-23 19:00:00,-0.0,0.004721298827016729,0.0032290503575572614,0.05752184081542601,-0.0,0.17071501418112556,0.06547219
2019-06-23 20:00:00,-0.0,0.005356095307960156,-0.0,0.030670924692039844,-0.0,0.13842983029476782,0.03602702
2019-06-23 21:00:00,-0.0,0.005871867448726688,0.014592673073353388,0.008818169477919925,-0.0,0.1291475466337995,0.02928271
2019-06-23 22:00:00,-0.0,0.006030566568962545,0.014592673073353388,0.008814840357684066,-0.0,0.11986876730992152,0.02943808
2019-06-23 23:00:00,-0.0,0.006109916129080473,-0.0,0.01124176387091953,-0.0,0.10803533165632201,0.01735168
2019-06-24 00:00:00,-0.0,0.006308290029375294,-0.0,0.006594209970624707,-0.0,0.10109405800303284,0.0129025
2019-06-24 01:00:00,-0.0,0.006387639589493222,0.004710570410506779,0.0,-0.0,0.10109405800303284,0.01109821
2019-06-24 02:00:00,-0.0,0.006030566568962545,-0.0,0.004120513431037455,-0.0,0.09675667544404605,0.01015108
2019-06-24 03:00:00,-0.0,0.005237070967783263,-0.0,0.0050510290322167365,-0.0,0.09143980277855475,0.0102881
2019-06-24 04:00:00,-0.0,0.005038697067488442,-0.0,0.01334315293251156,-0.0,0.0773943786390689,0.01838185
2019-06-24 05:00:00,-0.0,0.005157721407665334,-0.0,0.03673061859233467,-0.0,0.03873056959450608,0.04188834
2019-06-24 06:00:00,0.0011447418177307782,0.005038697067488442,-0.0,0.03679404111478078,-0.0,-0.0,0.04297748
2019-06-24 07:00:00,0.027422873313749804,0.004205526686250196,-0.0,0.0,-0.0,-0.0,0.0316284
2019-06-24 08:00:00,0.024656733313749804,0.004205526686250196,-0.0,0.0,-0.0,-0.0,0.02886226
2019-06-24 09:00:00,0.07003787,-0.0,-0.0,0.0,-0.0,-0.0,0.07003787
2019-06-24 10:00:00,0.04168981,-0.0,-0.0,0.0,-0.0,-0.0,0.04168981
2019-06-24 11:00:00,0.09241500999999999,-0.0,-0.0,0.0,-0.0,-0.0,0.09241500999999999
2019-06-24 12:00:00,0.08613280000000001,-0.0,-0.0,0.0,-0.0,-0.0,0.08613280000000001
2019-06-24 13:00:00,0.06661409178758709,-0.0,-0.0,0.0,0.02975109178758709,0.028263537198207733,0.036863
2019-06-24 14:00:00,0.16217175751186022,0.004443575366603981,-0.0,0.0,0.1268858528784642,0.14880509743274872,0.03972948
2019-06-24 15:00:00,0.12935582540357793,0.004364225806486053,-0.0,0.0,0.09469619121006398,0.2387664790823095,0.03902386
2019-06-24 16:00:00,0.08509247511798784,0.004126177126132268,-0.0,0.0,0.054490402244120106,0.2905323612142236,0.03472825
2019-06-24 17:00:00,0.035486996349654125,0.003808778885660555,-0.0,0.01806733476468532,-0.0,0.27151411409350223,0.05736311
2019-06-24 18:00:00,0.0003815806059102594,0.003967478005896411,-0.0,0.04733843138819333,-0.0,0.22168418631645662,0.05168749
2019-06-24 19:00:00,-0.0,0.004681624046957765,-0.0,0.07185905595304223,-0.0,0.14604307478693848,0.07654068
2019-06-24 20:00:00,-0.0,0.004999022287429478,-0.0,0.02950230771257052,-0.0,0.11498801403686425,0.03450133
2019-06-24 21:00:00,-0.0,0.005713168328490832,-0.0,0.01740832167150917,-0.0,0.09666346490895986,0.02312149
2019-06-24 22:00:00,-0.0,0.00599089178890358,-0.0,0.01305122821109642,-0.0,0.08292532994991099,0.01904212
2019-06-24 23:00:00,-0.0,0.00579251788860876,-0.0,0.01010917211139124,-0.0,0.07228409614844652,0.01590169
2019-06-25 00:00:00,-0.0,0.005475119648137048,-0.0,0.002202188351862952,-0.0,0.06996600314648552,0.007677308
2019-06-25 01:00:00,-0.0,0.005078371847547406,-0.0,0.005277198152452593,-0.0,0.0644110577228512,0.01035557
2019-06-25 02:00:00,-0.0,0.004443575366603981,-0.0,0.0032769586333960187,-0.0,0.06096162758243435,0.007720533999999999
2019-06-25 03:00:00,-0.0,0.0034913806451888417,-0.0,0.0042849613548111565,-0.0,0.056451141945791025,0.007776341999999999
2019-06-25 04:00:00,-0.0,0.0033723563050119497,-0.0,0.0062326196949880515,-0.0,0.049890489635277285,0.009604976000000001
2019-06-25 05:00:00,-0.0,0.004007152785955375,-0.0,0.027939457214044623,-0.0,0.020480534673125054,0.03194661
2019-06-25 06:00:00,0.0011447418177307782,0.004681624046957765,-0.0,0.01785539413531146,-0.0,0.0016853829517445712,0.02368176
2019-06-25 07:00:00,0.029000126049179713,0.004483250146662945,-0.0,0.0016011138041573426,-0.0,-0.0,0.03508449
2019-06-25 08:00:00,0.04707674999999999,-0.0,-0.0,0.0,-0.0,-0.0,0.04707674999999999
2019-06-25 09:00:00,0.05045996654739193,-0.0,-0.0,0.0,0.004911566547391933,0.0046659882200223365,0.0455484
2019-06-25 10:00:00,0.10378992480759056,0.007934956011792822,-0.0,0.0,0.048280940819383375,0.050532881998436543,0.06344394
2019-06-25 11:00:00,0.11981631025582144,0.008728451612972105,-0.0,0.0,0.019046261868793546,0.0686268307737904,0.1094985
2019-06-25 12:00:00,0.13011898661539845,0.009006175073384854,-0.0,0.0,0.0717168616887833,0.13675784937813454,0.06740829999999999
2019-06-25 13:00:00,0.1285926641917574,0.008847475953148998,-0.0,0.0,0.06414158014490641,0.19769235051579562,0.07329856
2019-06-25 14:00:00,0.11409260116716755,0.00868877683291314,-0.0,0.0,0.06133960800008069,0.25596497811587227,0.06144177
2019-06-25 15:00:00,0.08242141087661603,0.007736582111498002,-0.0,0.0,0.034727242988114033,0.2889558589545806,0.05543075
2019-06-25 16:00:00,0.04769757573878242,0.00761755777132111,-0.0,0.0009726664898964676,-0.0,0.2879319994915317,0.0562878
2019-06-25 17:00:00,0.016407966054141153,0.00849040293261832,-0.0,0.025668311013240526,-0.0,0.2609127247407522,0.05056668
2019-06-25 18:00:00,-0.0,0.009799670674564135,-0.0,0.06855634932543586,-0.0,0.18874814650345131,0.07835602
2019-06-25 19:00:00,-0.0,0.011108938416509952,-0.0,0.020472141583490047,-0.0,0.1671985237839881,0.03158108
2019-06-25 20:00:00,-0.0,0.01206113313792509,-0.0,0.036696206862074914,-0.0,0.12857093761338295,0.04875734
2019-06-25 21:00:00,-0.0,0.013013327859340229,-0.0,0.01607933214065977,-0.0,0.1116453248337411,0.02909266
2019-06-25 22:00:00,-0.0,0.013251376539694014,-0.0,0.007702033460305985,-0.0,0.10353792119131375,0.02095341
2019-06-25 23:00:00,-0.0,0.013251376539694014,-0.0,0.0,0.0009133765396940139,0.10440562890402307,0.012338
2019-06-26 00:00:00,-0.0,0.013529100000106762,-0.0,0.0003400499998932379,-0.0,0.10404768153571439,0.01386915
2019-06-26 01:00:00,-0.0,0.013568774780165728,-0.0,0.0,0.0025184047801657273,0.10644016607687183,0.01105037
2019-06-26 02:00:00,-0.0,0.013608449560224691,-0.0,0.0,0.0008526495602246918,0.10725018315908529,0.0127558
2019-06-26 03:00:00,-0.0,0.013568774780165728,-0.0,0.0,0.0037275917801657277,0.11079139535024272,0.009841183
2019-06-26 04:00:00,-0.0,0.012695929618868515,-0.0,0.014441610381131486,-0.0,0.09558970021220958,0.02713754
2019-06-26 05:00:00,-0.0,0.012695929618868515,-0.0,0.034511810381131484,-0.0,0.059261478758386964,0.04720774
2019-06-26 06:00:00,0.0007631612118205187,0.012695929618868515,-0.0,0.03413423916931097,-0.0,0.02333070068542805,0.04759333
2019-06-26 07:00:00,0.027855384231448933,0.011704060117394412,-0.0,0.02216416565115665,-0.0,-0.0,0.06172361
2019-06-26 08:00:00,0.021917095542428697,0.011823084457571305,-0.0,0.0,-0.0,-0.0,0.03374018
2019-06-26 09:00:00,0.07958843,-0.0,-0.0,0.0,-0.0,-0.0,0.07958843
2019-06-26 10:00:00,0.053889977653819934,0.017615602346180065,-0.0,0.0,-0.0,-0.0,0.07150558
2019-06-26 11:00:00,0.08170820999999999,-0.0,-0.0,0.0,-0.0,-0.0,0.08170820999999999
2019-06-26 12:00:00,0.1766718205364501,0.0023747043665202083,-0.0,0.0,0.07197772490297032,0.0683788386578218,0.1070688
2019-06-26 13:00:00,0.1709481114477962,0.022455925513373685,-0.0,0.0,0.10238213696116988,0.16564186877093318,0.0910219
2019-06-26 14:00:00,0.14805327509318064,0.021106982991368907,-0.0,0.0,0.09860386808454955,0.25931554345125524,0.07055639
2019-06-26 15:00:00,0.11485576237898808,0.019519991789010344,-0.0,0.0,0.05077020416799842,0.3075472374108537,0.08360555
2019-06-26 16:00:00,0.0732634763347698,0.01745690322594421,-0.0,0.0,0.02060628956071401,0.32712321249353205,0.07011409
2019-06-26 17:00:00,0.029381706655089972,0.015155765982524291,-0.0,0.02324355736238574,-0.0,0.3026563100068102,0.06778103
2019-06-26 18:00:00,0.0003815806059102594,0.013846498240578474,-0.0,0.06575185115351126,-0.0,0.2334438351083773,0.07997992999999999
2019-06-26 19:00:00,-0.0,0.012100807917984053,-0.0,0.07929764208201594,-0.0,0.1499726329167816,0.09139844999999999
2019-06-26 20:00:00,-0.0,0.012100807917984053,-0.0,0.04345698208201595,-0.0,0.10422844125150163,0.05555779
2019-06-26 21:00:00,-0.0,0.011188287976627877,-0.0,0.017874612023372122,-0.0,0.08541306017426782,0.0290629
2019-06-26 22:00:00,-0.0,0.011108938416509952,-0.0,0.014880791583490047,-0.0,0.06974906903375198,0.02598973
2019-06-26 23:00:00,-0.0,0.011743734897453376,-0.0,0.011390215102546624,-0.0,0.057759368925808165,0.02313395
2019-06-27 00:00:00,-0.0,0.013529100000106762,-0.0,0.0,0.001309160000106762,0.05900307092590959,0.01221994
2019-06-27 01:00:00,-0.0,0.014203571261109152,-0.0,0.0,0.002544821261109151,0.061420651123963284,0.01165875
2019-06-27 02:00:00,-0.0,0.01408454692093226,-0.0,0.0,0.00241532692093226,0.06371521169884893,0.01166922
2019-06-27 03:00:00,-0.0,0.013608449560224691,-0.0,0.0,0.0007877995602246918,0.0644636212810624,0.01282065
2019-06-27 04:00:00,-0.0,0.013608449560224691,-0.0,0.01055992043977531,-0.0,0.053347915554983125,0.02416837
2019-06-27 05:00:00,-0.0,0.01408454692093226,-0.0,0.026323633079067744,-0.0,0.025638828103332865,0.04040818
2019-06-27 06:00:00,0.001907903029551297,0.014759018181934648,-0.0,0.022286258788514052,-0.0,0.002179608325949654,0.03895318
2019-06-27 07:00:00,0.029000126049179713,0.014243246041168115,-0.0,0.0020706279096521715,-0.0,-0.0,0.045314
2019-06-27 08:00:00,0.04674737307906774,0.01408454692093226,-0.0,0.0,-0.0,-0.0,0.06083192
2019-06-27 09:00:00,0.09272408723619303,0.0011314736218353758,-0.0,0.0,0.034249660858028406,0.03253717781512699,0.0596059
2019-06-27 10:00:00,0.11256627874352651,0.01523511554264222,-0.0,0.0,0.056656484286168735,0.08636083788698729,0.07114490999999999
2019-06-27 11:00:00,0.12363211631492405,0.01563186334323186,-0.0,0.0,0.055637379658155905,0.1392163485622354,0.0836266
2019-06-27 12:00:00,0.12935582540357793,0.014917717302170506,-0.0,0.0,0.08068554270574843,0.2158676141326964,0.063588
2019-06-27 13:00:00,0.1259215999503856,0.013489425220047799,-0.0,0.0,0.0686835351704334,0.2811169725446081,0.07072749
2019-06-27 14:00:00,0.10913205329033418,0.011346987096863735,-0.0,0.0,0.051267230387197917,0.3298208414124461,0.06921181
2019-06-27 15:00:00,0.07898718542342369,0.009283898533797602,-0.0,0.0,0.04648142395722129,0.37397819417180633,0.04178966
2019-06-27 16:00:00,0.03968438301466697,0.00868877683291314,-0.0,0.009074110152419886,-0.0,0.36442649927452225,0.05744727
2019-06-27 17:00:00,0.016026385448230894,0.009006175073384854,-0.0,0.033433179478384256,-0.0,0.3292336787709599,0.05846574
2019-06-27 18:00:00,-0.0,0.009045849853443817,-0.0,0.08319134014655619,-0.0,0.24166384703774285,0.09223719
2019-06-27 19:00:00,-0.0,0.009006175073384854,-0.0,0.07069408492661514,-0.0,0.1672490207992006,0.07970026
2019-06-27 20:00:00,-0.0,0.009839345454623099,-0.0,0.040632384545376904,-0.0,0.12447808969880385,0.05047173
2019-06-27 21:00:00,-0.0,0.01051381671562549,-0.0,0.01565230328437451,-0.0,0.10800198097840963,0.02616612
2019-06-27 22:00:00,-0.0,0.010632841055802382,-0.0,0.01612144894419762,-0.0,0.0910320347213595,0.02675429
2019-06-27 23:00:00,-0.0,0.010712190615920311,-0.0,0.0042284793840796885,-0.0,0.0865810037907493,0.01494067
2019-06-28 00:00:00,-0.0,0.010474141935566526,-0.0,0.0,0.0012458469355665271,0.0877645583795375,0.009228295
2019-06-28 01:00:00,-0.0,0.011466011437040628,-0.0,0.0004870085629593724,-0.0,0.0872519177869487,0.01195302
2019-06-28 02:00:00,-0.0,0.011545360997158556,-0.0,0.0,0.0016595289971585558,0.08882847033424933,0.009885832
2019-06-28 03:00:00,-0.0,0.011148613196568916,-0.0,0.0004986768034310838,-0.0,0.08830354738326925,0.01164729
2019-06-28 04:00:00,-0.0,0.011108938416509952,-0.0,0.008828231583490049,-0.0,0.07901067203222709,0.01993717
2019-06-28 05:00:00,-0.0,0.011862759237630268,-0.0,0.02360107076236973,-0.0,0.05416743965078527,0.03546383
2019-06-28 06:00:00,0.0003815806059102594,0.012418206158455767,-0.0,0.03422926323563398,-0.0,0.01813663624485477,0.04702905
2019-06-28 07:00:00,0.023276416960525823,0.011902434017689234,-0.0,0.015610349021784941,-0.0,0.0017046899061337814,0.0507892
2019-06-28 08:00:00,0.05494760725107735,0.01198178357780716,-0.0,0.0,0.004027820828884504,0.00553111969357406,0.06290157
2019-06-28 09:00:00,0.08471089451207758,0.012894303519163337,-0.0,0.0,0.06641874803124093,0.06862893032325294,0.03118645
2019-06-28 10:00:00,0.10875047268442392,0.013965522580755367,-0.0,0.0,0.0856497952651793,0.14999623582517327,0.0370662
2019-06-28 11:00:00,0.12172421328537275,0.014679668621816721,-0.0,0.0,0.04229709190718946,0.19017847313700326,0.09410679000000001
2019-06-28 12:00:00,0.12134263267946249,0.014917717302170506,-0.0,0.0,0.049850479981633,0.2375364291195546,0.08640987
2019-06-28 13:00:00,0.11485576237898808,0.014997066862288435,-0.0,0.0,0.04402652924127651,0.2793616318987673,0.08582630000000001
2019-06-28 14:00:00,0.09959253814257771,0.014203571261109152,-0.0,0.0,0.05380118940368686,0.3304727618322698,0.05999492
2019-06-28 15:00:00,0.07784244360569291,0.012695929618868515,-0.0,0.0,0.05379709322456142,0.3815800003956032,0.03674128
2019-06-28 16:00:00,0.05303970422152606,0.010950239296274096,-0.0,0.004303326482199846,-0.0,0.37705018304591914,0.06829327
2019-06-28 17:00:00,0.02289483635461556,0.009759995894505172,-0.0,0.038129197750879265,-0.0,0.33691418541341467,0.07078403
2019-06-28 18:00:00,-0.0,0.008887150733207961,-0.0,0.08039034926679205,-0.0,0.2522927651325809,0.08927750000000001
2019-06-28 19:00:00,-0.0,0.008609427272795213,-0.0,0.04885396272720479,-0.0,0.20086754120920747,0.05746339
2019-06-28 20:00:00,-0.0,0.008847475953148998,-0.0,0.031349414046851015,-0.0,0.16786815800199587,0.04019689000000001
2019-06-28 21:00:00,-0.0,0.009244223753738639,-0.0,0.009928516246261362,-0.0,0.15741708826908918,0.01917274
2019-06-28 22:00:00,-0.0,0.00956162199421035,-0.0,0.01690168800578965,-0.0,0.13962583773667903,0.02646331
2019-06-28 23:00:00,-0.0,0.009442597654033458,-0.0,0.0009753623459665423,-0.0,0.13859914053039846,0.01041796
2019-06-29 00:00:00,-0.0,0.010751865395979275,-0.0,0.0008420146040207261,-0.0,0.13771280936827138,0.01159388
2019-06-29 01:00:00,-0.0,0.009601296774269314,-0.0,0.001267873225730685,-0.0,0.1363782059727654,0.01086917
2019-06-29 02:00:00,-0.0,0.008768126393031069,-0.0,0.003297383606968931,-0.0,0.1329072758601665,0.01206551
2019-06-29 03:00:00,-0.0,0.008252354252264536,-0.0,0.005778895747735465,-0.0,0.12682422770465548,0.01403125
2019-06-29 04:00:00,-0.0,0.008133329912087643,-0.0,0.013969730087912358,-0.0,0.11211924866474773,0.02210306
2019-06-29 05:00:00,-0.0,0.00868877683291314,-0.0,0.025538083167086858,-0.0,0.08523705585728789,0.03422686
2019-06-29 06:00:00,0.0007631612118205187,0.00896650029332589,-0.0,0.021109678494853592,-0.0,0.06301634165217884,0.03083934
2019-06-29 07:00:00,0.0244211587782566,0.007934956011792822,-0.0,0.02120048520995058,-0.0,0.04070004143117824,0.0535566
2019-06-29 08:00:00,0.05761867149244917,0.0076572325513800735,-0.0,0.0,0.006738704043829244,0.04710181027281602,0.0585372
2019-06-29 09:00:00,0.0835661526943468,0.00956162199421035,-0.0,0.0,0.03303715468855716,0.07848710722694532,0.06009062
2019-06-29 10:00:00,0.09425040965983407,0.012180157478101982,-0.0,0.0,0.06563371713793605,0.14083913850798457,0.04079685
2019-06-29 11:00:00,0.11218469813761625,0.014203571261109152,-0.0,0.0,0.0402461393987254,0.1790729709367737,0.08614213
2019-06-29 12:00:00,0.11828998783218041,0.0160286111438215,-0.0,0.0,0.07560302897600191,0.2508958484639755,0.05871557
2019-06-29 13:00:00,0.11638208480262911,0.017218854545590426,-0.0,0.0,0.02901103934821954,0.2784563358447841,0.1045899
2019-06-29 14:00:00,0.09959253814257771,0.016544383284588033,-0.0,0.0,0.031958891427165736,0.3088172827005915,0.08417803
2019-06-29 15:00:00,0.07478979875841084,0.015076416422406362,-0.0,0.0,0.0290465051808172,0.3364114626223678,0.06081971
2019-06-29 16:00:00,0.04540809210332086,0.01321170175963505,-0.0,0.0,0.014146593862955914,0.34985072679217594,0.0444732
2019-06-29 17:00:00,0.01717112726596167,0.012576905278691623,-0.0,0.0387474474553467,-0.0,0.30906393999707416,0.06849548
2019-06-29 18:00:00,-0.0,0.012338856598337838,-0.0,0.09180264340166217,-0.0,0.21242957852164032,0.1041415
2019-06-29 19:00:00,-0.0,0.011108938416509952,-0.0,0.06168110158349005,-0.0,0.14750210317059817,0.07279004
2019-06-29 20:00:00,-0.0,0.010712190615920311,-0.0,0.02264499938407969,-0.0,0.12366526171367219,0.03335719
2019-06-29 21:00:00,-0.0,0.01253723049863266,-0.0,0.018414919501367342,-0.0,0.1042811359227592,0.03095215
2019-06-29 22:00:00,-0.0,0.013132352199517121,-0.0,0.012198517800482877,-0.0,0.09144059086961932,0.02533087
2019-06-29 23:00:00,-0.0,0.012973653079281266,-0.0,0.004871266920718735,-0.0,0.08631294147938907,0.01784492
2019-06-30 00:00:00,-0.0,0.011664385337335449,-0.0,0.0,0.0009529553373354496,0.08721824904985775,0.01071143
2019-06-30 01:00:00,-0.0,0.011664385337335449,-0.0,0.0002044446626645515,-0.0,0.0870030441417898,0.01186883
2019-06-30 02:00:00,-0.0,0.013013327859340229,-0.0,0.0,0.004362358859340229,0.09114728505816302,0.008650969
2019-06-30 03:00:00,-0.0,0.012378531378396803,-0.0,0.0,0.003555909378396803,0.09452539896763999,0.008822622
2019-06-30 04:00:00,-0.0,0.012259507038219911,-0.0,0.021180912961780103,-0.0,0.07222970111313462,0.03344042000000001
2019-06-30 05:00:00,-0.0,0.012299181818278875,-0.0,0.018830678181721124,-0.0,0.052407934606059754,0.03112986
2019-06-30 06:00:00,-0.0,0.011704060117394412,-0.0,0.03118094988260559,-0.0,0.019585882098053876,0.04288501
2019-06-30 07:00:00,0.017552707871871933,0.010077394134976884,-0.0,0.018606587993151184,-0.0,-0.0,0.04623669
2019-06-30 08:00:00,0.044705898387027904,0.008728451612972105,-0.0,0.0,-0.0,-0.0,0.05343435000000001
2019-06-30 09:00:00,0.05581021,-0.0,-0.0,0.0,-0.0,-0.0,0.05581021
2019-06-30 10:00:00,0.08211064,-0.0,-0.0,0.0,-0.0,-0.0,0.08211064
2019-06-30 11:00:00,0.09372900444334585,-0.0,-0.0,0.0,0.024669214443345838,0.023435753721178544,0.06905979000000001
2019-06-30 12:00:00,0.13355321206859078,0.011466011437040628,-0.0,0.0,0.042941923505631405,0.06423058105152837,0.1020773
2019-06-30 13:00:00,0.13317163146268052,0.011029588856392023,-0.0,0.0,0.08192657031907254,0.14206082285464727,0.06227465
2019-06-30 14:00:00,0.11790840722627015,0.010474141935566526,-0.0,0.0,0.053506479161836665,0.1928919780583921,0.07487607
2019-06-30 15:00:00,0.09272408723619303,0.00916487419362071,-0.0,0.0,0.04867012142981374,0.23912859341671514,0.05321884
2019-06-30 16:00:00,0.058381832704269686,0.008887150733207961,-0.0,0.0,0.005319453437477646,0.2441820741823189,0.06194953
2019-06-30 17:00:00,0.024802739384166862,0.009918695014741028,-0.0,0.029014615601092114,-0.0,0.21364037354959037,0.06373605
2019-06-30 18:00:00,-0.0,0.010751865395979275,-0.0,0.06572569460402072,-0.0,0.1444554318611475,0.07647756
2019-06-30 19:00:00,-0.0,0.011386661876922699,-0.0,0.0482654281230773,-0.0,0.09364971804738192,0.05965209
2019-06-30 20:00:00,-0.0,0.012140482698043019,-0.0,0.03442494730195698,-0.0,0.05741293141374301,0.04656543
2019-06-30 21:00:00,-0.0,0.012695929618868515,-0.0,0.022326360381131484,-0.0,0.03391149943360461,0.03502229
2019-06-30 22:00:00,-0.0,0.013013327859340229,-0.0,0.02168202214065977,-0.0,0.011088318232910113,0.03469535
2019-06-30 23:00:00,-0.0,0.013370400879870906,-0.0,0.0,0.002395190879870907,0.013363749568787475,0.01097521
2019-07-01 00:00:00,-0.0,0.013370400879870906,-0.0,0.0,0.005608653879870907,0.018691970754664836,0.007761746999999999
2019-07-01 01:00:00,-0.0,0.01273560439892748,-0.0,0.0,0.00676528839892748,0.02511899473364594,0.005970316000000001
2019-07-01 02:00:00,-0.0,0.012894303519163337,-0.0,0.0,0.007313207519163337,0.03206654187685111,0.005581096
2019-07-01 03:00:00,-0.0,0.01253723049863266,-0.0,0.0,0.003267385498632659,0.035170558100552134,0.009269845
2019-07-01 04:00:00,-0.0,0.012259507038219911,-0.0,0.004464802961780088,-0.0,0.030470765509204672,0.01672431
2019-07-01 05:00:00,-0.0,0.011862759237630268,-0.0,0.02072980076236973,-0.0,0.008649922601447063,0.03259256
2019-07-01 06:00:00,0.0007631612118205187,0.011307312316804772,-0.0,0.00821742647137471,-0.0,-0.0,0.0202879
2019-07-01 07:00:00,0.011375275425141045,0.009998044574858957,-0.0,0.0,-0.0,-0.0,0.02137332
2019-07-01 08:00:00,0.04119142999999999,-0.0,-0.0,0.0,-0.0,-0.0,0.04119142999999999
2019-07-01 09:00:00,0.038519388885553806,0.009720321114446207,-0.0,0.0,-0.0,-0.0,0.04823971000000001
2019-07-01 10:00:00,0.04513377,-0.0,-0.0,0.0,-0.0,-0.0,0.04513377
2019-07-01 11:00:00,0.10115794252189801,0.012180157478101982,-0.0,0.0,-0.0,-0.0,0.1133381
2019-07-01 12:00:00,0.04757014,-0.0,-0.0,0.0,-0.0,-0.0,0.04757014
2019-07-01 13:00:00,0.1324518883352075,0.013370400879870906,-0.0,0.0,0.08560192921507839,0.08132183275432447,0.06022036
2019-07-01 14:00:00,0.14042166297497546,0.013251376539694014,-0.0,0.0,0.10389884951466948,0.18002573979326048,0.04977419
2019-07-01 15:00:00,0.11065837571397522,0.011426336656981664,-0.0,0.0,0.08837771237095687,0.2639845665456695,0.033707
2019-07-01 16:00:00,0.07135557330521851,0.009085524633502783,-0.0,0.0,0.044499747938721294,0.30625932708745474,0.03594135
2019-07-01 17:00:00,0.027855384231448933,0.007776256891556966,-0.0,0.0,0.0008943711230058986,0.30710897965431033,0.03473727
2019-07-01 18:00:00,-0.0,0.007141460410613539,-0.0,0.05490401958938646,-0.0,0.24931527482337723,0.06204548
2019-07-01 19:00:00,-0.0,0.0069034117302597545,-0.0,0.08035915826974024,-0.0,0.1647266871710191,0.08726257
2019-07-01 20:00:00,-0.0,0.0065066639296701145,-0.0,0.042323806070329886,-0.0,0.12017531236014553,0.04883047
2019-07-01 21:00:00,-0.0,0.005594143988313939,-0.0,0.027697056011686066,-0.0,0.09102051655837073,0.03329120000000001
2019-07-01 22:00:00,-0.0,0.004800648387134657,-0.0,0.008297531612865342,-0.0,0.08228627275535458,0.01309818
2019-07-01 23:00:00,-0.0,0.003650079765424698,-0.0,0.009683180234575301,-0.0,0.07209345145580164,0.01333326
2019-07-02 00:00:00,-0.0,0.0034517058651298772,-0.0,0.005954524134870125,-0.0,0.06582553131383308,0.009406230000000002
2019-07-02 01:00:00,-0.0,0.004205526686250196,-0.0,0.004871452313749803,-0.0,0.06069768677304382,0.009076978999999999
2019-07-02 02:00:00,-0.0,0.0048403231671936215,-0.0,0.004025347832806379,-0.0,0.05646047852798447,0.008865671
2019-07-02 03:00:00,-0.0,0.005911542228785652,-0.0,0.003741729771214347,-0.0,0.05252181561091673,0.009653272
2019-07-02 04:00:00,-0.0,0.006308290029375294,-0.0,0.015274769970624706,-0.0,0.0364431103786802,0.02158306
2019-07-02 05:00:00,-0.0,0.006784387390082864,-0.0,0.026384072609917132,-0.0,0.008670402368241119,0.03316846
2019-07-02 06:00:00,0.0011447418177307782,0.007300159530849396,-0.0,0.008029888651419825,-0.0,0.00021788799832551356,0.01647479
2019-07-02 07:00:00,0.027855384231448933,0.0068240621701418265,-0.0,0.0002069935984092379,-0.0,-0.0,0.03488644
2019-07-02 08:00:00,0.03580341,-0.0,-0.0,0.0,-0.0,-0.0,0.03580341
2019-07-02 09:00:00,0.04188244076236973,0.011862759237630268,-0.0,0.0,-0.0,-0.0,0.0537452
2019-07-02 10:00:00,0.0269165,-0.0,-0.0,0.0,-0.0,-0.0,0.0269165
2019-07-02 11:00:00,0.040574471121734956,0.015671538123290824,-0.0,0.0,0.007335269245025787,0.006968505782774498,0.04891073999999999
2019-07-02 12:00:00,0.14080324358088572,0.015036741642347399,-0.0,0.0,0.0821708252232331,0.08503078974484594,0.07366916000000001
2019-07-02 13:00:00,0.13011898661539845,0.012100807917984053,-0.0,0.0,0.0734546245333825,0.15481268305155932,0.06876517
2019-07-02 14:00:00,0.09959253814257771,0.009006175073384854,-0.0,0.0,0.07108606321596256,0.22234444310672374,0.03751265
2019-07-02 15:00:00,0.07364505694068006,0.007101785630554576,-0.0,0.0,0.03952541257123463,0.25989358504939664,0.04122143
2019-07-02 16:00:00,0.04998705937424398,0.004999022287429478,-0.0,0.0,0.005022321661673462,0.2646647906279864,0.04996376
2019-07-02 17:00:00,0.01869744968960271,0.004046827566014339,-0.0,0.03967486274438295,-0.0,0.22290177721284649,0.06241914
2019-07-02 18:00:00,-0.0,0.004284876246368124,-0.0,0.05034325375363187,-0.0,0.16990887852481293,0.05462813
2019-07-02 19:00:00,-0.0,0.004959347507370514,-0.0,0.05614054249262948,-0.0,0.11081357063783454,0.06109989
2019-07-02 20:00:00,-0.0,0.005594143988313939,-0.0,0.021199386011686062,-0.0,0.08849842746763868,0.02679353
2019-07-02 21:00:00,-0.0,0.006030566568962545,-0.0,0.023366143431037455,-0.0,0.06390248701391504,0.02939671
2019-07-02 22:00:00,-0.0,0.006387639589493222,-0.0,0.008212310410506778,-0.0,0.05525794973969739,0.01459995
2019-07-02 23:00:00,-0.0,0.006625688269847007,-0.0,0.005015331730152993,-0.0,0.0499786531816416,0.01164102
2019-07-03 00:00:00,-0.0,0.007220809970731468,-0.0,0.0009494780292685313,-0.0,0.048979202624516834,0.008170288
2019-07-03 01:00:00,-0.0,0.00956162199421035,-0.0,0.0,0.00398353899421035,0.05276356466901667,0.005578083
2019-07-03 02:00:00,-0.0,0.010156743695094813,-0.0,0.0001546463049051875,-0.0,0.052600779084905944,0.01031139
2019-07-03 03:00:00,-0.0,0.010553491495684453,-0.0,0.0,0.003293406495684453,0.055729515255806175,0.007260085
2019-07-03 04:00:00,-0.0,0.01253723049863266,-0.0,0.01669360950136734,-0.0,0.03815729472805108,0.02923084
2019-07-03 05:00:00,-0.0,0.014560644281639829,-0.0,0.017868735718360174,-0.0,0.01934809923504037,0.03242938
2019-07-03 06:00:00,0.004197386665012853,0.014600319061698792,-0.0,0.018380694273288353,-0.0,-0.0,0.0371784
2019-07-03 07:00:00,0.029457953401662157,0.012338856598337838,-0.0,0.0,-0.0,-0.0,0.04179681
2019-07-03 08:00:00,0.05754692592366694,0.01098991407633306,-0.0,0.0,-0.0,-0.0,0.06853684
2019-07-03 09:00:00,0.0274231,-0.0,-0.0,0.0,-0.0,-0.0,0.0274231
2019-07-03 10:00:00,0.035969823254999214,0.016822106745000783,-0.0,0.0,-0.0,-0.0,0.05279193
2019-07-03 11:00:00,0.04994630999999999,-0.0,-0.0,0.0,-0.0,-0.0,0.04994630999999999
2019-07-03 12:00:00,0.06446061337228687,0.01864714662771313,-0.0,0.0,-0.0,-0.0,0.08310776
2019-07-03 13:00:00,0.13696482579117286,0.018210724047064527,-0.0,0.0,0.08694471983823739,0.08259748384632551,0.06823082999999999
2019-07-03 14:00:00,0.14729011388136012,0.016782431964941818,-0.0,0.0,0.08563157584630195,0.16394748090031236,0.07844097
2019-07-03 15:00:00,0.09844779632484692,0.0160286111438215,-0.0,0.0,0.08376625746866842,0.24352542549554737,0.03071015
2019-07-03 16:00:00,0.05036863998015424,0.013965522580755367,-0.0,0.0,0.020843732560909614,0.2633269714284115,0.04349043
2019-07-03 17:00:00,0.014881643630500116,0.011307312316804772,-0.0,0.03313120405269511,-0.0,0.22845201979399557,0.05932016
2019-07-03 18:00:00,-0.0,0.010553491495684453,-0.0,0.030436298504315545,-0.0,0.19641381084208448,0.04098979
2019-07-03 19:00:00,-0.0,0.01206113313792509,-0.0,0.023891466862074898,-0.0,0.17126489835568987,0.03595259999999999
2019-07-03 20:00:00,-0.0,0.01253723049863266,-0.0,0.030173539501367343,-0.0,0.13950327782793479,0.04271077
2019-07-03 21:00:00,-0.0,0.012378531378396803,-0.0,0.010886448621603198,-0.0,0.1280438582262472,0.02326498
2019-07-03 22:00:00,-0.0,0.011862759237630268,-0.0,0.0014300007623697323,-0.0,0.126538594265858,0.01329276
2019-07-03 23:00:00,-0.0,0.00964097155432828,-0.0,0.011881698445671721,-0.0,0.11403154327041408,0.02152267
2019-07-04 00:00:00,-0.0,0.008411053372500392,-0.0,0.0,0.0019343743725003916,0.11586919892428946,0.006476679
2019-07-04 01:00:00,-0.0,0.007895281231733858,-0.0,0.002353888768266142,-0.0,0.11339142127348299,0.01024917
2019-07-04 02:00:00,-0.0,0.007379509090967324,-0.0,0.0027796409090326763,-0.0,0.11046548347450123,0.01015915
2019-07-04 03:00:00,-0.0,0.007458858651085253,-0.0,0.0034393113489147474,-0.0,0.1068451557388015,0.01089817
2019-07-04 04:00:00,-0.0,0.00896650029332589,-0.0,0.00909380970667411,-0.0,0.09727272446861823,0.01806031
2019-07-04 05:00:00,-0.0,0.01253723049863266,-0.0,0.01631576950136734,-0.0,0.08009823025665261,0.028853
2019-07-04 06:00:00,0.0003815806059102594,0.01575088768340875,-0.0,0.01841291171068099,-0.0,0.06071621792961999,0.03454538
2019-07-04 07:00:00,0.022513255748705302,0.014917717302170506,-0.0,0.007294246949124193,-0.0,0.05303806324633136,0.04472522
2019-07-04 08:00:00,0.05532918785698761,0.012219832258160946,-0.0,0.011349909884851433,-0.0,0.041090789683329854,0.07889892999999999
2019-07-04 09:00:00,0.08967144238891095,0.011346987096863735,-0.0,0.0,0.029218639485774682,0.0688484971948158,0.07179979
2019-07-04 10:00:00,0.12668476116220612,0.013370400879870906,-0.0,0.0,0.09125503204207702,0.15554077763478896,0.04880013
2019-07-04 11:00:00,0.16179017690594996,0.01408454692093226,-0.0,0.0,0.1035220038268822,0.25388668127032704,0.07235272000000001
2019-07-04 12:00:00,0.183921852048745,0.014441619941462936,-0.0,0.0,0.11680085199020794,0.36484749066102456,0.08156262
2019-07-04 13:00:00,0.16331649932959103,0.013767148680460545,-0.0,0.0,0.11803480801005158,0.47698055827057356,0.05904884
2019-07-04 14:00:00,0.11180311753170599,0.01273560439892748,-0.0,0.0,0.055408401930633476,0.5296185401046754,0.06913032
2019-07-04 15:00:00,0.0694476702756672,0.011426336656981664,-0.0,0.0,0.0013299969326488609,0.5308820371906917,0.07954401
2019-07-04 16:00:00,0.04273702786194905,0.010474141935566526,-0.0,0.0,0.0022513697975155775,0.5330208384983315,0.0509598
2019-07-04 17:00:00,0.015263224236410376,0.009839345454623099,-0.0,0.022952530308966525,-0.0,0.5088602802783667,0.0480551
2019-07-04 18:00:00,-0.0,0.008093655132028678,-0.0,0.10932834486797133,-0.0,0.39377781199629164,0.117422
2019-07-04 19:00:00,-0.0,0.0065066639296701145,-0.0,0.06077857607032988,-0.0,0.32980036350120756,0.06728524
2019-07-04 20:00:00,-0.0,0.005435444868078084,0.009157311399850664,0.03147507373207125,-0.0,0.29666870694113257,0.04606783
2019-07-04 21:00:00,-0.0,0.005078371847547406,-0.0,0.04168070815245258,-0.0,0.25279427730697196,0.04675907999999999
2019-07-04 22:00:00,-0.0,0.004681624046957765,-0.0,0.024633385953042236,-0.0,0.2268643973564012,0.02931501
2019-07-04 23:00:00,-0.0,0.004324551026427088,-0.0,0.01358142897357291,-0.0,0.21256815633158763,0.01790598
2019-07-05 00:00:00,-0.0,0.004443575366603981,-0.0,0.004740990633396019,-0.0,0.2075776398753813,0.009184566
2019-07-05 01:00:00,-0.0,0.004879997947252586,-0.0,0.007861982052747414,-0.0,0.19930186929354193,0.01274198
2019-07-05 02:00:00,-0.0,0.005713168328490832,-0.0,0.007851771671509168,-0.0,0.19103684648142702,0.01356494
2019-07-05 03:00:00,-0.0,0.00646698914961115,-0.0,0.00194725385038885,-0.0,0.18898710558628087,0.008414243
2019-07-05 04:00:00,-0.0,0.0069034117302597545,-0.0,0.014156578269740247,-0.0,0.1740854442497122,0.02105999
2019-07-05 05:00:00,-0.0,0.007260484750790432,-0.0,0.024911675249209567,-0.0,0.14786262819791265,0.03217216
2019-07-05 06:00:00,-0.0,0.0069034117302597545,-0.0,0.033423108269740244,-0.0,0.11268040896660714,0.04032652
2019-07-05 07:00:00,0.017552707871871933,0.005911542228785652,0.014592673073353388,0.021759676825989026,-0.0,0.08977548599188186,0.0598166
2019-07-05 08:00:00,0.04350018907376957,0.005435444868078084,-0.0,0.0048556960581523576,-0.0,0.08466422698330042,0.05379133000000001
2019-07-05 09:00:00,0.07746086299978266,0.007141460410613539,-0.0,0.0,0.027224913410396206,0.11052789472317681,0.05737741
2019-07-05 10:00:00,0.10836889207851366,0.007855606451674895,-0.0,0.0,0.05561565853018856,0.16336277032685595,0.06060884
2019-07-05 11:00:00,0.13393479267450104,0.007934956011792822,-0.0,0.0,0.023464948686293854,0.1856544715788351,0.1184048
2019-07-05 12:00:00,0.14729011388136012,0.0075778829912621455,-0.0,0.0,0.05332409687262227,0.23631236360782626,0.1015439
2019-07-05 13:00:00,0.16102701569412944,0.005871867448726688,-0.0,0.0,0.08533648314285613,0.3173820225935396,0.0815624
2019-07-05 14:00:00,0.14538221085180883,0.003888128445778483,-0.0,0.0,0.08051852929758731,0.3938746254262475,0.06875181000000001
2019-07-05 15:00:00,0.11332943995534703,0.0023011372434199187,-0.0,0.0,0.06050149719876695,0.4513510477650761,0.05512908
2019-07-05 16:00:00,0.07173715391112877,0.0011902434017689234,-0.0,0.0,0.010082567312897688,0.4609294867123289,0.06284483
2019-07-05 17:00:00,0.03205277089646179,0.000714146041061354,-0.0,0.014084523062476845,-0.0,0.4461036729623533,0.04685143999999999
2019-07-05 18:00:00,0.0007631612118205187,0.0009918695014741027,-0.0,0.1314291692867054,-0.0,0.30775717897634763,0.1331842
2019-07-05 19:00:00,-0.0,0.0017060155425354566,0.014592673073353388,0.05974115138411116,-0.0,0.24487175646675696,0.07603984
2019-07-05 20:00:00,-0.0,0.0024598363636557747,-0.0,0.04221136363634423,-0.0,0.2004387421127104,0.0446712
2019-07-05 21:00:00,-0.0,0.0033326815249529857,0.014592673073353388,0.01683350540169363,-0.0,0.18271926274250658,0.03475886
2019-07-05 22:00:00,-0.0,0.004007152785955375,-0.0,0.021391697214044623,-0.0,0.16020168672772275,0.02539885
2019-07-05 23:00:00,-0.0,0.004681624046957765,-0.0,0.011309825953042236,-0.0,0.14829660677715198,0.01599145
2019-07-06 00:00:00,-0.0,0.0049196727273115495,-0.0,0.00903225727268845,-0.0,0.13878896754274309,0.01395193
2019-07-06 01:00:00,-0.0,0.004641949266898801,-0.0,0.0082424407331012,-0.0,0.13011271413947867,0.01288439
2019-07-06 02:00:00,-0.0,0.004046827566014339,-0.0,0.008021202433985661,-0.0,0.12166934315633586,0.01206803
2019-07-06 03:00:00,-0.0,0.0035310554252478057,-0.0,0.009466724574752195,-0.0,0.1117043699197546,0.01299778
2019-07-06 04:00:00,-0.0,0.0033723563050119497,-0.0,0.028796983694988048,-0.0,0.08139175550397772,0.03216934
2019-07-06 05:00:00,-0.0,0.0033326815249529857,-0.0,0.030728898475047017,-0.0,0.0490455465828756,0.03406158
2019-07-06 06:00:00,0.003052644847282075,0.0032533319648350573,-0.0,0.037821683187882864,-0.0,0.00923324849036732,0.04412766
2019-07-06 07:00:00,0.038158060591025944,0.002102763343125098,-0.0,0.008771586065848956,-0.0,-0.0,0.04903241
2019-07-06 08:00:00,0.06021916,-0.0,-0.0,0.0,-0.0,-0.0,0.06021916
2019-07-06 09:00:00,0.08601603205651458,-0.0,-0.0,0.0,0.0036732720565145704,0.0034896084536888416,0.08234276
2019-07-06 10:00:00,0.16789546660051413,0.0015076416422406362,-0.0,0.0,0.09122833824275478,0.09015652978430588,0.07817476999999999
2019-07-06 11:00:00,0.18811923871375788,0.001428292082122708,-0.0,0.0,0.10214844079588059,0.18719754854039244,0.08739909
2019-07-06 12:00:00,0.19575085083196306,0.0013489425220047798,-0.0,0.0,0.08868549335396783,0.2714487672266619,0.1084143
2019-07-06 13:00:00,0.1888823999255784,0.0011902434017689234,-0.0,0.0,0.10861804332734731,0.3746359083876418,0.0814546
2019-07-06 14:00:00,0.16407966054141154,0.0009918695014741027,-0.0,0.0,0.10313763004288565,0.47261665692838317,0.0619339
2019-07-06 15:00:00,0.1278295029799369,0.000714146041061354,-0.0,0.0,0.06358334902099824,0.5330208384983315,0.0649603
2019-07-06 16:00:00,0.08242141087661603,0.0004364225806486052,-0.0,0.005519786542735355,-0.0,0.5272105368743996,0.08837761999999999
2019-07-06 17:00:00,0.033579093320102824,0.0004364225806486052,-0.0,0.045036684099248575,-0.0,0.4798035009804537,0.0790522
2019-07-06 18:00:00,0.0007631612118205187,0.0008331703812382464,-0.0,0.10859496840694124,-0.0,0.36549300792051553,0.1101913
2019-07-06 19:00:00,-0.0,0.0017853651026533848,-0.0,0.07875695489734662,-0.0,0.2825909501338349,0.08054232
2019-07-06 20:00:00,-0.0,0.002737559824068524,-0.0,0.05688928017593148,-0.0,0.2227074973170649,0.05962684
2019-07-06 21:00:00,-0.0,0.003610404985365734,-0.0,0.030947685014634265,-0.0,0.19013098677534462,0.03455809
2019-07-06 22:00:00,-0.0,0.003888128445778483,-0.0,0.015382861554221519,-0.0,0.17393850092879565,0.01927099
2019-07-06 23:00:00,-0.0,0.004046827566014339,-0.0,0.014942412433985662,-0.0,0.15820964573512653,0.01898924
2019-07-07 00:00:00,-0.0,0.0037691041056015905,-0.0,0.0027702218943984093,-0.0,0.15529362268839136,0.006539326
2019-07-07 01:00:00,-0.0,0.0033723563050119497,-0.0,0.0074966536949880504,-0.0,0.14740240827261447,0.01086901
2019-07-07 02:00:00,-0.0,0.0033723563050119497,-0.0,0.00838801369498805,-0.0,0.13857292017262704,0.01176037
2019-07-07 03:00:00,-0.0,0.0035310554252478057,-0.0,0.007677754574752194,-0.0,0.13049107325183526,0.01120881
2019-07-07 04:00:00,-0.0,0.003134307624658165,-0.0,0.022033672375341835,-0.0,0.10729773390937017,0.02516798
2019-07-07 05:00:00,-0.0,0.002578860703832667,-0.0,0.028900819296167335,-0.0,0.07687581886077298,0.03147968
2019-07-07 06:00:00,0.0015263224236410375,0.0023408120234788823,-0.0,0.033165115552880084,-0.0,0.04196517091037289,0.03703225
2019-07-07 07:00:00,0.03167119029055153,0.0011902434017689234,-0.0,0.0,0.0010292236923204537,0.042942933418077325,0.03183221
2019-07-07 08:00:00,0.07211873451703903,0.0005951217008844617,-0.0,0.0,0.016176296217923485,0.058310414825104635,0.05653756
2019-07-07 09:00:00,0.11142153692579573,0.0003967478005896411,-0.0,0.0,0.06020167472638537,0.11550200581517073,0.05161661
2019-07-07 10:00:00,0.13965850176315492,0.0002777234604127488,-0.0,0.0,0.08399792522356767,0.19530003477756,0.0559383
2019-07-07 11:00:00,0.15263224236410378,0.00023804868035378468,-0.0,0.0,0.06159067104445756,0.25381117226979466,0.09127961999999999
2019-07-07 12:00:00,0.15606646781729608,0.00023804868035378468,-0.0,0.0,0.06381369649764985,0.314434183942562,0.09249082
2019-07-07 13:00:00,0.13050056722130873,0.0003173982404717129,-0.0,0.0,0.07907766546178044,0.38955796613125343,0.0517403
2019-07-07 14:00:00,0.0957767320834751,0.00047609736070756937,-0.0,0.0,0.05194049944418268,0.438901440603227,0.04431233
2019-07-07 15:00:00,0.0629607999751928,0.0005951217008844617,-0.0,0.0,0.010481571676077259,0.4488589336955004,0.05307435
2019-07-07 16:00:00,0.035105415743743866,0.0005951217008844617,0.011776739160938104,0.01563785339443358,-0.0,0.4323980353855703,0.06311513
2019-07-07 17:00:00,0.01297374060094882,0.0003967478005896411,-0.0,0.04430753159846154,-0.0,0.38575852843982134,0.05767802
2019-07-07 18:00:00,-0.0,0.0003173982404717129,-0.0,0.05488495175952828,-0.0,0.32798489500873895,0.05520235
2019-07-07 19:00:00,-0.0,0.0005157721407665335,-0.0,0.08563915785923346,-0.0,0.2378384130516511,0.08615492999999999
2019-07-07 20:00:00,-0.0,0.0008728451612972104,-0.0,0.05006880483870279,-0.0,0.18513440795827973,0.05094165
2019-07-07 21:00:00,-0.0,0.0015076416422406362,-0.0,0.03131277835775936,-0.0,0.1521735886343225,0.03282042
2019-07-07 22:00:00,-0.0,0.0022217876833019903,-0.0,0.02002925231669801,-0.0,0.13109016514306146,0.02225104
2019-07-07 23:00:00,-0.0,0.00289625894430438,-0.0,0.01172175105569562,-0.0,0.1187514798212766,0.01461801
2019-07-08 00:00:00,-0.0,0.0034913806451888417,0.0049666173548111574,0.0,-0.0,0.1187514798212766,0.008457998
2019-07-08 01:00:00,-0.0,0.0037691041056015905,-0.0,0.006834845894398409,-0.0,0.11155690519559407,0.01060395
2019-07-08 02:00:00,-0.0,0.003808778885660555,0.007363061114339446,0.0,-0.0,0.11155690519559407,0.01117184
2019-07-08 03:00:00,-0.0,0.0034913806451888417,-0.0,0.006684199354811158,-0.0,0.10452090587474022,0.01017558
2019-07-08 04:00:00,-0.0,0.003689754545483662,-0.0,0.017990195454516338,-0.0,0.08558385802788092,0.02167995
2019-07-08 05:00:00,-0.0,0.004086502346073303,0.014592673073353388,0.019901954580573325,-0.0,0.06463443215359321,0.03858113000000001
2019-07-08 06:00:00,0.0007631612118205187,0.004403900586545016,0.014592673073353388,0.019830575128281076,-0.0,0.0437601425448763,0.03959031
2019-07-08 07:00:00,0.023657997566436082,0.0037294293255426265,0.014592673073353388,0.0080143200346679,-0.0,0.0353240161925943,0.04999442
2019-07-08 08:00:00,0.056092349068808126,0.002856584164245416,0.0038327267669464593,0.0,-0.0,0.0353240161925943,0.06278166
2019-07-08 09:00:00,0.08509247511798784,0.0034517058651298772,-0.0,0.0,0.03073067098311772,0.06451815362655614,0.05781351
2019-07-08 10:00:00,0.10493466662532135,0.004086502346073303,-0.0,0.0,0.05403848897139465,0.11585471814938106,0.05498268
2019-07-08 11:00:00,0.12439527752674456,0.004522924926721909,-0.0,0.0,0.051697282453466456,0.1649671364801742,0.07722092000000001
2019-07-08 12:00:00,0.13851375994542414,0.004641949266898801,-0.0,0.0,0.05697359921232295,0.219092055731881,0.08618210999999999
2019-07-08 13:00:00,0.14080324358088572,0.004641949266898801,-0.0,0.0,0.07434068284778451,0.2897157044372763,0.07110451000000001
2019-07-08 14:00:00,0.12477685813265482,0.004126177126132268,-0.0,0.0,0.053732485258787085,0.340761565433124,0.07517055
2019-07-08 15:00:00,0.09615831268938536,0.0034517058651298772,-0.0,0.0,0.05759413855451523,0.3954759970599135,0.04201588000000001
2019-07-08 16:00:00,0.06219763876337228,0.003173982404717129,-0.0,0.0,0.013928511168089408,0.4087080826695984,0.05144311
2019-07-08 17:00:00,0.02403957817234634,0.003173982404717129,-0.0,0.05169801942293653,-0.0,0.354289114855981,0.07891158
2019-07-08 18:00:00,-0.0,0.0034517058651298772,-0.0,0.09896459413487012,-0.0,0.2501158578719072,0.1024163
2019-07-08 19:00:00,-0.0,0.0032136571847760933,-0.0,0.08185036281522391,-0.0,0.1639575812243031,0.08506402
2019-07-08 20:00:00,-0.0,0.0024598363636557747,-0.0,0.048043313636344225,-0.0,0.11338567213341444,0.05050315
2019-07-08 21:00:00,-0.0,0.001825039882712349,-0.0,0.02903335011728765,-0.0,0.08282425095732218,0.03085839
2019-07-08 22:00:00,-0.0,0.001071219061592031,-0.0,0.016671430938407967,-0.0,0.0652753762853138,0.01774265
2019-07-08 23:00:00,-0.0,0.000714146041061354,-0.0,0.013868063958938645,-0.0,0.05067741422327311,0.01458221
2019-07-09 00:00:00,-0.0,0.001071219061592031,0.01332208093840797,0.0,-0.0,0.05067741422327311,0.0143933
2019-07-09 01:00:00,-0.0,0.001467966862181672,0.007107891137818329,0.0,-0.0,0.05067741422327311,0.008575858
2019-07-09 02:00:00,-0.0,0.0017853651026533848,0.005148377897346615,0.0,-0.0,0.05067741422327311,0.006933743
2019-07-09 03:00:00,-0.0,0.0019837390029482055,-0.0,0.009810410997051794,-0.0,0.04035066580532386,0.01179415
2019-07-09 04:00:00,-0.0,0.0026582102639505956,-0.0,0.016819649736049404,-0.0,0.022645771346324485,0.01947786
2019-07-09 05:00:00,-0.0,0.004007152785955375,0.014592673073353388,0.016739554140691233,-0.0,0.005025188040333715,0.03533938
2019-07-09 06:00:00,0.0026710642413718157,0.004681624046957765,0.014592673073353388,0.00477392863831703,-0.0,-0.0,0.02671929
2019-07-09 07:00:00,0.034265684574752195,0.0035310554252478057,-0.0,0.0,-0.0,-0.0,0.03779674
2019-07-09 08:00:00,0.04913178,-0.0,-0.0,0.0,-0.0,-0.0,0.04913178
2019-07-09 09:00:00,0.05373505,-0.0,-0.0,0.0,-0.0,-0.0,0.05373505
2019-07-09 10:00:00,0.05403492,-0.0,-0.0,0.0,-0.0,-0.0,0.05403492
2019-07-09 11:00:00,0.09700122,-0.0,-0.0,0.0,-0.0,-0.0,0.09700122
2019-07-09 12:00:00,0.17336420631407753,-0.0,-0.0,0.0,0.09265181631407754,0.08801922549837365,0.08071239
2019-07-09 13:00:00,0.18926398053148866,0.0006974290930942262,-0.0,0.0,0.13325520962458287,0.21461167464172737,0.05670620000000001
2019-07-09 14:00:00,0.17018495023597568,0.0033723563050119497,-0.0,0.0,0.10528253654098764,0.31463008435566564,0.06827477
2019-07-09 15:00:00,0.13546111509814207,0.0028169093841864516,-0.0,0.0,0.0871919444823285,0.39746243161387773,0.05108608000000001
2019-07-09 16:00:00,0.08890828117709045,0.002539185923773703,-0.0,0.0,0.05168248710086415,0.4465607943596987,0.03976498
2019-07-09 17:00:00,0.0385396411969362,0.0023011372434199187,-0.0,0.025007011559643882,-0.0,0.4202376242969157,0.06584779
2019-07-09 18:00:00,0.0011447418177307782,0.0026582102639505956,-0.0,0.06400857791831864,-0.0,0.35286017385658025,0.06781153000000001
2019-07-09 19:00:00,-0.0,0.0030152832844812724,-0.0,0.05344740671551873,-0.0,0.2965997457349816,0.05646269
2019-07-09 20:00:00,-0.0,0.0026978850440095596,-0.0,0.044879994955990446,-0.0,0.24935764578130748,0.04757788
2019-07-09 21:00:00,-0.0,0.0026185354838916316,-0.0,0.03536131451610837,-0.0,0.21213520944856182,0.03797985
2019-07-09 22:00:00,-0.0,0.0021821129032430263,-0.0,0.026999977096756975,-0.0,0.18371418092565975,0.02918209
2019-07-09 23:00:00,-0.0,0.002063088563066134,-0.0,0.014092861436933866,-0.0,0.16887958993941357,0.01615595
2019-07-10 00:00:00,-0.0,0.0022614624633609543,-0.0,0.009491457536639046,-0.0,0.1588885820061093,0.01175292
2019-07-10 01:00:00,-0.0,0.0024598363636557747,-0.0,0.010682303636344224,-0.0,0.14764405186258908,0.01314214
2019-07-10 02:00:00,-0.0,0.002578860703832667,-0.0,0.008300839296167335,-0.0,0.1389063262876761,0.0108797
2019-07-10 03:00:00,-0.0,0.002777234604127488,-0.0,0.011455295395872513,-0.0,0.1268481206078103,0.01423253
2019-07-10 04:00:00,-0.0,0.002539185923773703,-0.0,0.012324654076226297,-0.0,0.1138748005275721,0.01486384
2019-07-10 05:00:00,-0.0,0.002063088563066134,-0.0,0.026326251436933866,-0.0,0.08616295690974697,0.02838934
2019-07-10 06:00:00,0.0026710642413718157,0.002102763343125098,-0.0,0.041992952415503076,-0.0,0.04195984910395426,0.04676677999999999
2019-07-10 07:00:00,0.029000126049179713,0.001388617302063744,-0.0,0.03986185664875655,-0.0,-0.0,0.07025060000000001
2019-07-10 08:00:00,0.05209150000000001,-0.0,-0.0,0.0,-0.0,-0.0,0.05209150000000001
2019-07-10 09:00:00,0.05204621,-0.0,-0.0,0.0,-0.0,-0.0,0.05204621
2019-07-10 10:00:00,0.05640409,-0.0,-0.0,0.0,-0.0,-0.0,0.05640409
2019-07-10 11:00:00,0.10954377457493375,-0.0,-0.0,0.0,0.022767094574933762,0.021628739846187073,0.08677668
2019-07-10 12:00:00,0.1759086593246296,0.00023804868035378468,-0.0,0.0,0.11669304800498338,0.13248713545092128,0.05945366
2019-07-10 13:00:00,0.1690402084182449,-0.0,-0.0,0.0,0.10166513841824491,0.22906901694825393,0.06737507
2019-07-10 14:00:00,0.14881643630500116,0.00023804868035378468,-0.0,0.0,0.09041877498535494,0.31496685318434114,0.05863571
2019-07-10 15:00:00,0.12515843873856508,0.000357073020530677,-0.0,0.0,0.07790893175909575,0.38898033835548207,0.04760658
2019-07-10 16:00:00,0.08280299148252629,0.000357073020530677,-0.0,0.0,0.020904254503056975,0.40883938013338617,0.06225580999999999
2019-07-10 17:00:00,0.035486996349654125,0.00047609736070756937,-0.0,0.010665146289638307,-0.0,0.39761291035481955,0.04662824
2019-07-10 18:00:00,0.0007631612118205187,0.0008728451612972104,-0.0,0.08590330362688227,-0.0,0.30718838022125927,0.08753931
2019-07-10 19:00:00,-0.0,0.0011505686217099594,-0.0,0.08097057137829003,-0.0,0.22195619982305922,0.08212114
2019-07-10 20:00:00,-0.0,0.0009521947214151387,-0.0,0.027882735278584862,-0.0,0.19260595216139095,0.02883493
2019-07-10 21:00:00,-0.0,0.0006744712610023899,-0.0,0.03813902873899761,-0.0,0.15245960612034085,0.0388135
2019-07-10 22:00:00,-0.0,0.0004364225806486052,-0.0,0.009653637419351395,-0.0,0.1422978825210236,0.01009006
2019-07-10 23:00:00,-0.0,0.000357073020530677,-0.0,0.012320146979469322,-0.0,0.12932930675316115,0.01267722
2019-07-11 00:00:00,-0.0,0.000357073020530677,-0.0,0.013156076979469323,-0.0,0.11548080466950923,0.01351315
2019-07-11 01:00:00,-0.0,0.0003967478005896411,-0.0,0.007392234199410359,-0.0,0.10769950551223517,0.007788982
2019-07-11 02:00:00,-0.0,0.000357073020530677,-0.0,0.005350058979469322,-0.0,0.10206786448121483,0.005707131999999999
2019-07-11 03:00:00,-0.0,0.000357073020530677,-0.0,0.009259551979469323,-0.0,0.0923209676607208,0.009616625
2019-07-11 04:00:00,-0.0,0.0003173982404717129,-0.0,0.023321921759528286,-0.0,0.06777157633490155,0.02363932
2019-07-11 05:00:00,-0.0,0.00019837390029482055,-0.0,0.03094694609970518,-0.0,0.03519584359836978,0.03114532
2019-07-11 06:00:00,0.0026710642413718157,0.00011902434017689234,-0.0,0.033436051418451296,-0.0,-0.0,0.03622614
2019-07-11 07:00:00,0.03533004,-0.0,-0.0,0.0,-0.0,-0.0,0.03533004
2019-07-11 08:00:00,0.0370642,-0.0,-0.0,0.0,-0.0,-0.0,0.0370642
2019-07-11 09:00:00,0.05692342,-0.0,-0.0,0.0,-0.0,-0.0,0.05692342
2019-07-11 10:00:00,0.0679717653964255,-0.0,-0.0,0.0,0.02098777539642549,0.019938386626604215,0.04698399
2019-07-11 11:00:00,0.17629023993053985,-0.0,-0.0,0.0,0.12019593993053986,0.13412452956061707,0.0560943
2019-07-11 12:00:00,0.18010604598964242,7.934956011792822e-05,-0.0,0.0,0.10639025554976034,0.2351952723328894,0.07379514000000001
2019-07-11 13:00:00,0.1709481114477962,0.00011902434017689234,-0.0,0.0,0.0916212357879731,0.32223544633146384,0.0794459
2019-07-11 14:00:00,0.1503427587286422,0.00023804868035378468,-0.0,0.0,0.08706300740899597,0.40494530337001,0.0635178
2019-07-11 15:00:00,0.12096105207355223,0.000357073020530677,-0.0,0.0,0.07745745509408292,0.47852988570938876,0.04386067
2019-07-11 16:00:00,0.07631612118205189,0.0004364225806486052,-0.0,0.0,0.003669743762700489,0.48201614228395423,0.0730828
2019-07-11 17:00:00,0.03014486786691049,0.0005157721407665335,-0.0,0.03518588999232297,-0.0,0.4449783633446669,0.06584653
2019-07-11 18:00:00,-0.0,0.0007538208211203181,-0.0,0.10914257917887969,-0.0,0.3300914378932146,0.1098964
2019-07-11 19:00:00,-0.0,0.0009125199413561745,-0.0,0.08546045005864382,-0.0,0.24013306941043167,0.08637297
2019-07-11 20:00:00,-0.0,0.0005157721407665335,-0.0,0.042570607859233466,-0.0,0.1953219032428175,0.04308638
2019-07-11 21:00:00,-0.0,0.00015869912023585645,-0.0,0.017832990879764143,-0.0,0.17655033389569735,0.01799169
2019-07-11 22:00:00,-0.0,0.00011902434017689234,-0.0,0.015386685659823108,-0.0,0.16035382267483092,0.01550571
2019-07-11 23:00:00,-0.0,0.0003173982404717129,-0.0,0.011637661759528286,-0.0,0.14810365240164325,0.01195506
2019-07-12 00:00:00,-0.0,0.000714146041061354,-0.0,0.008726701958938645,-0.0,0.13891765033960257,0.009440848
2019-07-12 01:00:00,-0.0,0.0011902434017689234,-0.0,0.009297036598231077,-0.0,0.12913129602567514,0.01048728
2019-07-12 02:00:00,-0.0,0.0017060155425354566,-0.0,0.013832344457464542,-0.0,0.11457093343887036,0.01553836
2019-07-12 03:00:00,-0.0,0.0020234137830071695,-0.0,0.010000756216992831,-0.0,0.10404382163150948,0.01202417
2019-07-12 04:00:00,-0.0,0.0016663407624764928,-0.0,0.019055379237523505,-0.0,0.08398552769727421,0.02072172
2019-07-12 05:00:00,-0.0,0.0012299181818278874,-0.0,0.0326429218181721,-0.0,0.04962455736235622,0.03387283999999999
2019-07-12 06:00:00,0.0011447418177307782,0.0005951217008844617,-0.0,0.03827038648138476,-0.0,0.009339940013530161,0.04001025
2019-07-12 07:00:00,0.03014486786691049,0.00015869912023585645,-0.0,0.008872943012853653,-0.0,-0.0,0.03917651
2019-07-12 08:00:00,0.07127682,-0.0,-0.0,0.0,-0.0,-0.0,0.07127682
2019-07-12 09:00:00,0.09732678335455933,-0.0,-0.0,0.0,0.03426705335455931,0.03255370068683135,0.06305973000000001
2019-07-12 10:00:00,0.13813217933951388,-0.0,-0.0,0.0,0.08339670933951387,0.11178057455936953,0.05473547
2019-07-12 11:00:00,0.15377698418183455,-0.0,-0.0,0.0,0.06744348418183455,0.17585188453211234,0.08633350000000001
2019-07-12 12:00:00,0.15911911266457815,-0.0,-0.0,0.0,0.06433311266457815,0.23696834156346158,0.094786
2019-07-12 13:00:00,0.15072433933455245,0.00015869912023585645,-0.0,0.0,0.08290967845478832,0.3157325360955105,0.06797336
2019-07-12 14:00:00,0.12668476116220612,0.00023804868035378468,-0.0,0.0,0.0861081098425599,0.3975352404459424,0.0408147
2019-07-12 15:00:00,0.09692147390120588,0.0003173982404717129,-0.0,0.0,0.040274032141677595,0.4357955709805361,0.05696484
2019-07-12 16:00:00,0.06257921936928254,0.000357073020530677,-0.0,0.0,0.02162159238981321,0.45633608375085866,0.0413147
2019-07-12 17:00:00,0.0263290618078079,0.0004364225806486052,-0.0,0.0319220556115435,-0.0,0.4227339199492339,0.05868754
2019-07-12 18:00:00,-0.0,0.0007538208211203181,-0.0,0.10013507917887969,-0.0,0.31732857344515003,0.1008889
2019-07-12 19:00:00,-0.0,0.0011902434017689234,-0.0,0.0671413465982311,-0.0,0.2466534717628015,0.06833159000000001
2019-07-12 20:00:00,-0.0,0.0015869912023585644,-0.0,0.025125688797641436,-0.0,0.2202053782916,0.02671268
2019-07-12 21:00:00,-0.0,0.0020234137830071695,-0.0,0.02882299621699283,-0.0,0.1898653822737128,0.03084641
2019-07-12 22:00:00,-0.0,0.0020234137830071695,-0.0,0.019569546216992834,-0.0,0.16926585994003612,0.02159296
2019-07-12 23:00:00,-0.0,0.0017853651026533848,-0.0,0.014970754897346615,-0.0,0.1535071705744081,0.01675612
2019-07-13 00:00:00,-0.0,0.001825039882712349,-0.0,0.009424510117287652,-0.0,0.14358663360884216,0.01124955
2019-07-13 01:00:00,-0.0,0.002102763343125098,-0.0,0.005522883656874903,-0.0,0.1377730718647633,0.007625647
2019-07-13 02:00:00,-0.0,0.0023408120234788823,-0.0,0.008645857976521117,-0.0,0.1286721687315832,0.01098667
2019-07-13 03:00:00,-0.0,0.002102763343125098,-0.0,0.008696126656874902,-0.0,0.11951835119803067,0.01079889
2019-07-13 04:00:00,-0.0,0.0015076416422406362,-0.0,0.03066889835775936,-0.0,0.08723530029512609,0.03217654
2019-07-13 05:00:00,-0.0,0.0011505686217099594,-0.0,0.03550290137829004,-0.0,0.04986382516008395,0.03665347
2019-07-13 06:00:00,0.0015263224236410375,0.001071219061592031,-0.0,0.02782929851476693,-0.0,0.02056982672348718,0.03042684
2019-07-13 07:00:00,0.027855384231448933,0.0008331703812382464,-0.0,0.01954133538731282,-0.0,-0.0,0.04822989
2019-07-13 08:00:00,0.05908675,-0.0,-0.0,0.0,-0.0,-0.0,0.05908675
2019-07-13 09:00:00,0.04093372,-0.0,-0.0,0.0,-0.0,-0.0,0.04093372
2019-07-13 10:00:00,0.06115834000000001,-0.0,-0.0,0.0,-0.0,-0.0,0.06115834000000001
2019-07-13 11:00:00,0.14635913930393402,-0.0,-0.0,0.0,0.10966636930393402,0.10418305083873731,0.03669277
2019-07-13 12:00:00,0.1614085963000397,-0.0,-0.0,0.0,0.0881020963000397,0.18788004232377503,0.0733065
2019-07-13 13:00:00,0.15721120963502686,0.0019837390029482055,-0.0,0.0,0.09209923863797506,0.2753743190298513,0.06709571
2019-07-13 14:00:00,0.1388953405513344,0.0024201615835968107,-0.0,0.0,0.06788145213493121,0.339861698558036,0.07343405
2019-07-13 15:00:00,0.10493466662532135,0.002499511143714739,-0.0,0.0,0.0769759077690361,0.4129888109386203,0.03045827
2019-07-13 16:00:00,0.0648687030047441,0.0026978850440095596,-0.0,0.0,0.022794188048753654,0.43464328958493625,0.0447724
2019-07-13 17:00:00,0.0244211587782566,0.003134307624658165,-0.0,0.04876300359708524,-0.0,0.3833138121143202,0.07631847
2019-07-13 18:00:00,-0.0,0.003689754545483662,-0.0,0.08346792545451634,-0.0,0.29545283795167143,0.08715768
2019-07-13 19:00:00,-0.0,0.00424520146630916,-0.0,0.07908538853369083,-0.0,0.21220506054778632,0.08333059
2019-07-13 20:00:00,-0.0,0.004403900586545016,-0.0,0.035351029413454985,-0.0,0.17499345063888633,0.03975493
2019-07-13 21:00:00,-0.0,0.004641949266898801,-0.0,0.0389525207331012,-0.0,0.1339907972356219,0.04359447
2019-07-13 22:00:00,-0.0,0.004800648387134657,-0.0,0.01840630161286534,-0.0,0.11461574290628998,0.02320695
2019-07-13 23:00:00,-0.0,0.0048403231671936215,-0.0,0.0077918168328063786,-0.0,0.10641383045070432,0.01263214
2019-07-14 00:00:00,-0.0,0.004879997947252586,-0.0,0.008434782052747414,-0.0,0.09753511250044389,0.01331478
2019-07-14 01:00:00,-0.0,0.004641949266898801,-0.0,0.0080370907331012,-0.0,0.0890750169919163,0.01267904
2019-07-14 02:00:00,-0.0,0.0046022744868398375,-0.0,0.006763185513160163,-0.0,0.08195587434648456,0.01136546
2019-07-14 03:00:00,-0.0,0.004879997947252586,-0.0,0.008509762052747415,-0.0,0.07299823008043466,0.01338976
2019-07-14 04:00:00,-0.0,0.005276745747842227,-0.0,0.02353242425215777,-0.0,0.04822725718342647,0.02880917
2019-07-14 05:00:00,-0.0,0.005475119648137048,-0.0,0.022624900351862952,-0.0,0.0244115726025181,0.02810002
2019-07-14 06:00:00,0.001907903029551297,0.005594143988313939,-0.0,0.021349732982134762,-0.0,0.0019381694634288797,0.02885178
2019-07-14 07:00:00,0.03243435150237205,0.004959347507370514,-0.0,0.001841260990257436,-0.0,-0.0,0.03923496
2019-07-14 08:00:00,0.04367837,-0.0,-0.0,0.0,-0.0,-0.0,0.04367837
2019-07-14 09:00:00,0.05075461,-0.0,-0.0,0.0,-0.0,-0.0,0.05075461
2019-07-14 10:00:00,0.05793026,-0.0,-0.0,0.0,-0.0,-0.0,0.05793026
2019-07-14 11:00:00,0.05879576,-0.0,-0.0,0.0,-0.0,-0.0,0.05879576
2019-07-14 12:00:00,0.1632718868775355,0.007696907331439038,-0.0,0.0,0.07252839420897453,0.0689019744985258,0.0984404
2019-07-14 13:00:00,0.17819814296009115,0.007974630791851787,-0.0,0.0,0.11582447375194295,0.1789352245628716,0.07034829999999999
2019-07-14 14:00:00,0.1568296290291166,0.007974630791851787,-0.0,0.0,0.08576716982096838,0.26041403589279155,0.07903709
2019-07-14 15:00:00,0.11981631025582144,0.007696907331439038,-0.0,0.0,0.08016151758726048,0.336567477600689,0.0473517
2019-07-14 16:00:00,0.0770792823938724,0.0069034117302597545,-0.0,0.0,0.04194418412413216,0.37641445251861455,0.04203851
2019-07-14 17:00:00,0.03090802907873101,0.006149590909139437,-0.0,0.015562360012129545,-0.0,0.36003302092689926,0.05261998
2019-07-14 18:00:00,0.0003815806059102594,0.006149590909139437,-0.0,0.0824050384849503,-0.0,0.2732908751532674,0.08893621
2019-07-14 19:00:00,-0.0,0.00646698914961115,-0.0,0.08532818085038885,-0.0,0.18347173741601597,0.09179517
2019-07-14 20:00:00,-0.0,0.006625688269847007,-0.0,0.038000661730153,-0.0,0.1434710408579602,0.04462635
2019-07-14 21:00:00,-0.0,0.006546338709729079,-0.0,0.02033639129027092,-0.0,0.1220643131839908,0.02688273
2019-07-14 22:00:00,-0.0,0.005871867448726688,-0.0,0.009931702551273312,-0.0,0.11160988944580837,0.01580357
2019-07-14 23:00:00,-0.0,0.0048403231671936215,-0.0,0.00809315683280638,-0.0,0.1030907769902227,0.01293348
2019-07-15 00:00:00,-0.0,0.004165851906191231,-0.0,0.00991671809380877,-0.0,0.09265212636516085,0.01408257
2019-07-15 01:00:00,-0.0,0.003967478005896411,-0.0,0.006820381994103589,-0.0,0.08547277689768339,0.01078786
2019-07-15 02:00:00,-0.0,0.004165851906191231,-0.0,0.005501441093808769,-0.0,0.07968178627262153,0.009667293
2019-07-15 03:00:00,-0.0,0.004364225806486053,-0.0,0.003976100193513946,-0.0,0.07549641764787,0.008340325999999999
2019-07-15 04:00:00,-0.0,0.005276745747842227,-0.0,0.020401504252157775,-0.0,0.05402115001401972,0.02567825
2019-07-15 05:00:00,-0.0,0.006228940469257365,-0.0,0.029039269530742637,-0.0,0.02345349787639589,0.03526821
2019-07-15 06:00:00,0.003052644847282075,0.0068240621701418265,-0.0,0.022280822982576096,-0.0,-0.0,0.03215753
2019-07-15 07:00:00,0.016413853431037455,0.006030566568962545,-0.0,0.0,-0.0,-0.0,0.02244442
2019-07-15 08:00:00,0.02590493,-0.0,-0.0,0.0,-0.0,-0.0,0.02590493
2019-07-15 09:00:00,0.04107203064508208,0.01003771935491792,-0.0,0.0,-0.0,-0.0,0.05110975
2019-07-15 10:00:00,0.045007372463254196,0.011267637536745806,-0.0,0.0,-0.0,-0.0,0.05627501
2019-07-15 11:00:00,0.15090603964334473,0.011346987096863735,-0.0,0.0,0.07798187674020848,0.07408278290319806,0.08427115
2019-07-15 12:00:00,0.16102701569412944,0.010870889736156167,-0.0,0.0,0.08470200543028562,0.1545496880619694,0.08719589999999999
2019-07-15 13:00:00,0.13965850176315492,0.010275768035271705,-0.0,0.0,0.07595137979842663,0.2267034988704747,0.07398289
2019-07-15 14:00:00,0.11294785934943677,0.009244223753738639,-0.0,0.0,0.06382122310317541,0.2873336608184913,0.05837086
2019-07-15 15:00:00,0.08051350784706472,0.008371378592441428,-0.0,0.0,0.06000643643950615,0.3443397754360222,0.02887845
2019-07-15 16:00:00,0.04464493089150035,0.007379509090967324,-0.0,0.0,0.015084169982467678,0.3586697369193665,0.03694027
2019-07-15 17:00:00,0.015644804842320635,0.006982761290377683,-0.0,0.016498743867301678,-0.0,0.3413026381116805,0.03912631
2019-07-15 18:00:00,-0.0,0.007062110850495611,-0.0,0.061242309149504376,-0.0,0.27683704953325483,0.06830441999999999
2019-07-15 19:00:00,-0.0,0.006625688269847007,-0.0,0.07198532173015298,-0.0,0.20106302665940956,0.07861101
2019-07-15 20:00:00,-0.0,0.006387639589493222,-0.0,0.04328662041050678,-0.0,0.15549816306940242,0.04967426
2019-07-15 21:00:00,-0.0,0.00626861524931633,-0.0,0.02308143475068367,-0.0,0.13120191596341962,0.02935005
2019-07-15 22:00:00,-0.0,0.006347964809434258,-0.0,0.012523385190565742,-0.0,0.1180194052365083,0.01887135
2019-07-15 23:00:00,-0.0,0.006705037829964935,-0.0,0.008392752170035066,-0.0,0.10918492926805035,0.01509779
2019-07-16 00:00:00,-0.0,0.007062110850495611,-0.0,0.0014293021495043884,-0.0,0.10768040068962467,0.008491413
2019-07-16 01:00:00,-0.0,0.007181135190672504,-0.0,0.003231084809327496,-0.0,0.10427925878506941,0.01041222
2019-07-16 02:00:00,-0.0,0.007141460410613539,-0.0,0.0018418285893864591,-0.0,0.10234049184887314,0.008983288999999998
2019-07-16 03:00:00,-0.0,0.006625688269847007,-0.0,0.002189456730152993,-0.0,0.10003580055397526,0.008815145
2019-07-16 04:00:00,-0.0,0.00646698914961115,-0.0,0.016376750850388852,-0.0,0.08279711544830279,0.02284374
2019-07-16 05:00:00,-0.0,0.007022436070436647,-0.0,0.022282843929563353,-0.0,0.059341490259288726,0.02930528
2019-07-16 06:00:00,-0.0,0.007696907331439038,-0.0,0.04351777266856096,-0.0,0.01353330850290877,0.05121468
2019-07-16 07:00:00,0.021368513930974525,0.0075778829912621455,-0.0,0.012856643077763331,-0.0,-0.0,0.04180304
2019-07-16 08:00:00,0.053357926128973714,0.007419183871026289,-0.0,0.0,-0.0,-0.0,0.06077711
2019-07-16 09:00:00,0.061052099884906175,-0.0,-0.0,0.0,0.01193189988490617,0.011335304890660862,0.0491202
2019-07-16 10:00:00,0.10264518298985978,0.010196418475153776,-0.0,0.0,0.046863661465013556,0.055855783282423736,0.06597794
2019-07-16 11:00:00,0.10684256965487264,0.011426336656981664,-0.0,0.0,0.034369786311854306,0.08850708027868533,0.08389912
2019-07-16 12:00:00,0.10875047268442392,0.012497555718573696,-0.0,0.0,0.05325156840299762,0.13909607026153306,0.06799646
2019-07-16 13:00:00,0.09272408723619303,0.012180157478101982,-0.0,0.0,0.05028708471429502,0.18686880074011333,0.05461716
2019-07-16 14:00:00,0.07898718542342369,0.011227962756686843,-0.0,0.0,0.06247122818011053,0.24621646751121834,0.02774392
2019-07-16 15:00:00,0.06525028361065437,0.010870889736156167,-0.0,0.0,0.02988697334681053,0.27460909219068835,0.0462342
2019-07-16 16:00:00,0.04350018907376957,0.010275768035271705,-0.0,0.0,0.0065153871090412735,0.2807987099442776,0.04726057
2019-07-16 17:00:00,0.01717112726596167,0.009204548973679675,-0.0,0.044167663760358654,-0.0,0.23430643230179476,0.07054334
2019-07-16 18:00:00,-0.0,0.008728451612972105,-0.0,0.0475426583870279,-0.0,0.18426152873650226,0.05627111
2019-07-16 19:00:00,-0.0,0.008926825513266925,-0.0,0.04729600448673307,-0.0,0.1344762608557306,0.05622283
2019-07-16 20:00:00,-0.0,0.008847475953148998,-0.0,0.030348034046851005,-0.0,0.10253096185904534,0.03919551
2019-07-16 21:00:00,-0.0,0.008649102052854176,-0.0,0.016642347947145822,-0.0,0.08501270086204973,0.02529145
2019-07-16 22:00:00,-0.0,0.00896650029332589,-0.0,0.01097176970667411,-0.0,0.07346346959186646,0.01993827
2019-07-16 23:00:00,-0.0,0.009958369794799991,-0.0,0.01150408020520001,-0.0,0.06135391148112961,0.02146245
2019-07-17 00:00:00,-0.0,0.010870889736156167,-0.0,0.004303180263843832,-0.0,0.056824248045504525,0.01517407
2019-07-17 01:00:00,-0.0,0.011783409677512341,-0.0,0.0,0.0037926056775123406,0.060427223439141246,0.007990804
2019-07-17 02:00:00,-0.0,0.01253723049863266,-0.0,0.0,0.00317828049863266,0.06344658991284227,0.00935895
2019-07-17 03:00:00,-0.0,0.012814953959045408,-0.0,0.0,0.004068726959045409,0.06731188052393541,0.008746226999999999
2019-07-17 04:00:00,-0.0,0.012894303519163337,-0.0,0.0,0.000564413519163337,0.06784807336714058,0.01232989
2019-07-17 05:00:00,-0.0,0.013053002639399193,-0.0,0.025398547360600793,-0.0,0.041112760355981846,0.03845154999999999
2019-07-17 06:00:00,0.0011447418177307782,0.012259507038219911,-0.0,0.030401351144049314,-0.0,0.009111338099087834,0.0438056
2019-07-17 07:00:00,0.029000126049179713,0.011227962756686843,-0.0,0.008655771194133442,-0.0,-0.0,0.04888386
2019-07-17 08:00:00,0.06376604592366694,0.01098991407633306,-0.0,0.0,-0.0,-0.0,0.07475596
2019-07-17 09:00:00,0.09286045847490851,-0.0,-0.0,0.0,0.044280258474908504,0.042066245551163076,0.0485802
2019-07-17 10:00:00,0.11218469813761625,0.01245788093851473,-0.0,0.0,0.07595556907613098,0.1142240361734875,0.04868701
2019-07-17 11:00:00,0.12554001934447534,0.012894303519163337,-0.0,0.0,0.042880342863638676,0.15496036189394424,0.09555398
2019-07-17 12:00:00,0.13240847025086,0.014124221700991223,-0.0,0.0,0.07073381195185122,0.2221574832482029,0.07579888
2019-07-17 13:00:00,0.13240847025086,0.014600319061698792,-0.0,0.0,0.0672697093125588,0.28606370709513373,0.07973908
2019-07-17 14:00:00,0.11752682662035989,0.014243246041168115,-0.0,0.0,0.057151832661528,0.34035794812358533,0.07461824
2019-07-17 15:00:00,0.07746086299978266,0.01206113313792509,-0.0,0.0,0.023339016137707752,0.3625300134544077,0.06618298
2019-07-17 16:00:00,0.041592286044218274,0.009402922873974495,-0.0,0.00922193108180723,-0.0,0.35282271757882117,0.06021714
2019-07-17 17:00:00,0.01259215999503856,0.008807801173090032,-0.0,0.03329009883187142,-0.0,0.3177805082821144,0.05469006000000001
2019-07-17 18:00:00,-0.0,0.008053980351969714,-0.0,0.10968981964803028,-0.0,0.2023175402315562,0.1177438
2019-07-17 19:00:00,-0.0,0.007458858651085253,-0.0,0.03366200134891475,-0.0,0.16688385460111962,0.04112086
2019-07-17 20:00:00,-0.0,0.006982761290377683,-0.0,0.03939780870962232,-0.0,0.1254124770120435,0.04638057
2019-07-17 21:00:00,-0.0,0.006109916129080473,-0.0,0.02628434387091953,-0.0,0.0977447466216019,0.03239426
2019-07-17 22:00:00,-0.0,0.004999022287429478,-0.0,0.020723077712570523,-0.0,0.07593098060836978,0.0257221
2019-07-17 23:00:00,-0.0,0.004999022287429478,-0.0,0.01156704771257052,-0.0,0.06375514091092713,0.01656607
2019-07-18 00:00:00,-0.0,0.005713168328490832,-0.0,0.0061684916715091685,-0.0,0.05726199178302274,0.01188166
2019-07-18 01:00:00,-0.0,0.00646698914961115,-0.0,0.00152585285038885,-0.0,0.05565583088787658,0.007992842
2019-07-18 02:00:00,-0.0,0.00821267947220557,-0.0,0.0006658235277944291,-0.0,0.05495496401651402,0.008878503
2019-07-18 03:00:00,-0.0,0.011386661876922699,-0.0,0.0,0.0007240018769226995,0.055642765799590585,0.01066266
2019-07-18 04:00:00,-0.0,0.013965522580755367,-0.0,0.015115877419244634,-0.0,0.03973131588459623,0.0290814
2019-07-18 05:00:00,-0.0,0.014639993841757756,-0.0,0.02120356615824224,-0.0,0.017411772560130722,0.03584356
2019-07-18 06:00:00,0.0011447418177307782,0.013449750439988835,-0.0,0.015838727742280387,-0.0,0.000739427568256629,0.03043322
2019-07-18 07:00:00,0.030526448472820752,0.011664385337335449,-0.0,0.0007024561898437975,-0.0,-0.0,0.04289329
2019-07-18 08:00:00,0.04621464852638427,-0.0,-0.0,0.0,0.015906858526384265,0.015111515600065052,0.03030779
2019-07-18 09:00:00,0.09997411874848797,0.009879020234682064,-0.0,0.0,0.04893306898317003,0.06159793113407658,0.06092007
2019-07-18 10:00:00,0.12325053570901379,0.00936324809391553,-0.0,0.0,0.06337335380292931,0.12180261724685942,0.06924043
2019-07-18 11:00:00,0.13775059873360362,0.007974630791851787,-0.0,0.0,0.04254872952545541,0.16222391029604205,0.1031765
2019-07-18 12:00:00,0.13469795388632155,0.0065860134897880425,-0.0,0.0,0.0871779773761096,0.24504298880334618,0.05410599
2019-07-18 13:00:00,0.11485576237898808,0.005554469208254976,-0.0,0.0,0.06940762158724306,0.3109802293112271,0.05100261
2019-07-18 14:00:00,0.08089508845297498,0.0047609736070756935,-0.0,0.0,0.006305632060050678,0.31697057976827525,0.07935043
2019-07-18 15:00:00,0.05418444603925683,0.004284876246368124,-0.0,0.002089457714375048,-0.0,0.3147711505952489,0.06055878
2019-07-18 16:00:00,0.03205277089646179,0.005832192668667724,-0.0,0.016018206434870487,-0.0,0.2979098806638063,0.05390317
2019-07-18 17:00:00,0.01144741817730778,0.00916487419362071,-0.0,0.04772767762907151,-0.0,0.24767022000162575,0.06833997
2019-07-18 18:00:00,-0.0,0.011307312316804772,-0.0,0.05149610768319523,-0.0,0.19346379086142024,0.06280342
2019-07-18 19:00:00,-0.0,0.011862759237630268,-0.0,0.07313424076236974,-0.0,0.11648037953261,0.084997
2019-07-18 20:00:00,-0.0,0.011743734897453376,-0.0,0.03251818510254663,-0.0,0.08225071100361356,0.04426192
2019-07-18 21:00:00,-0.0,0.01198178357780716,-0.0,0.01990202642219284,-0.0,0.06130120950656847,0.03188381
2019-07-18 22:00:00,-0.0,0.011783409677512341,-0.0,0.00739598032248766,-0.0,0.05351596706184462,0.01917939
2019-07-18 23:00:00,-0.0,0.010712190615920311,-0.0,0.0041754393840796895,-0.0,0.049120767710181784,0.01488763
2019-07-19 00:00:00,-0.0,0.009244223753738639,-0.0,0.0,0.002080650753738638,0.05109738592623349,0.007163573
2019-07-19 01:00:00,-0.0,0.008411053372500392,-0.0,0.0011024036274996096,-0.0,0.049936961055181264,0.009513457000000001
2019-07-19 02:00:00,-0.0,0.009045849853443817,-0.0,0.0011137001465561826,-0.0,0.04876464511143792,0.01015955
2019-07-19 03:00:00,-0.0,0.010553491495684453,-0.0,0.0,0.0029285904956844527,0.051546806082338144,0.007624901000000001
2019-07-19 04:00:00,-0.0,0.01098991407633306,-0.0,0.00909682592366694,-0.0,0.04197119984689926,0.02008674
2019-07-19 05:00:00,-0.0,0.01091056451621513,-0.0,0.01531768548378487,-0.0,0.025847320390283604,0.02622825
2019-07-19 06:00:00,0.0034342254531923343,0.010791540176038238,-0.0,0.024554954370769426,-0.0,-0.0,0.03878072
2019-07-19 07:00:00,0.029884361407558575,0.008371378592441428,-0.0,0.0,-0.0,-0.0,0.03825574
2019-07-19 08:00:00,0.0401085,-0.0,-0.0,0.0,-0.0,-0.0,0.0401085
2019-07-19 09:00:00,0.05289141,-0.0,-0.0,0.0,-0.0,-0.0,0.05289141
2019-07-19 10:00:00,0.04207509140755857,0.008371378592441428,-0.0,0.0,-0.0,-0.0,0.05044647
2019-07-19 11:00:00,0.1035414,-0.0,-0.0,0.0,-0.0,-0.0,0.1035414
2019-07-19 12:00:00,0.1511059199404627,0.0059758027797816304,-0.0,0.0,0.08675782272024435,0.08241993158423212,0.0703239
2019-07-19 13:00:00,0.1438558884281678,0.013846498240578474,-0.0,0.0,0.12264815666874626,0.19893568041954107,0.03505423
2019-07-19 14:00:00,0.12515843873856508,0.014203571261109152,-0.0,0.0,0.07955668999967423,0.2745145359192316,0.05980532
2019-07-19 15:00:00,0.09272408723619303,0.013330726099811943,-0.0,0.0,0.05462476333600498,0.3264080610884363,0.05143005
2019-07-19 16:00:00,0.0629607999751928,0.011902434017689234,-0.0,0.0,0.021100583992882033,0.3464536158816742,0.05376265
2019-07-19 17:00:00,0.02671064241371816,0.010593166275743419,-0.0,0.02399207131053842,-0.0,0.3211988039758443,0.06129588
2019-07-19 18:00:00,-0.0,0.010474141935566526,-0.0,0.08124915806443347,-0.0,0.23567337443433542,0.0917233
2019-07-19 19:00:00,-0.0,0.010275768035271705,-0.0,0.04145663196472829,-0.0,0.19203481447146353,0.0517324
2019-07-19 20:00:00,-0.0,0.010355117595389634,-0.0,0.028415592404610366,-0.0,0.16212366457187366,0.03877071
2019-07-19 21:00:00,-0.0,0.01051381671562549,-0.0,0.00648959328437451,-0.0,0.15529251374621628,0.01700341
2019-07-19 22:00:00,-0.0,0.010831214956097204,-0.0,0.004429195043902797,-0.0,0.15063020317368703,0.01526041
2019-07-19 23:00:00,-0.0,0.010712190615920311,-0.0,0.0006722993840796894,-0.0,0.14992251961149788,0.01138449
2019-07-20 00:00:00,-0.0,0.010077394134976884,-0.0,0.002081425865023117,-0.0,0.14773154501673672,0.01215882
2019-07-20 01:00:00,-0.0,0.009879020234682064,-0.0,0.000555499765317935,-0.0,0.1471468084216652,0.01043452
2019-07-20 02:00:00,-0.0,0.00936324809391553,-0.0,0.0,0.0033164760939155295,0.15029746071088496,0.006046772
2019-07-20 03:00:00,-0.0,0.00916487419362071,-0.0,0.00040776880637928906,-0.0,0.14986823038838043,0.009572642999999999
2019-07-20 04:00:00,-0.0,0.009244223753738639,-0.0,0.01246433624626136,-0.0,0.13674787644494743,0.02170856
2019-07-20 05:00:00,-0.0,0.00964097155432828,-0.0,0.029660198445671724,-0.0,0.10552661492318771,0.03930117
2019-07-20 06:00:00,-0.0,0.009244223753738639,-0.0,0.04029067624626136,-0.0,0.06311537676922838,0.0495349
2019-07-20 07:00:00,0.01869744968960271,0.007379509090967324,-0.0,0.028060991219429964,-0.0,0.033577491275091575,0.05413795
2019-07-20 08:00:00,0.04617125331514139,0.007022436070436647,-0.0,0.02039654061442197,-0.0,0.012107448523068453,0.07359023
2019-07-20 09:00:00,0.0751713793643211,0.006625688269847007,-0.0,0.0,0.02472949763416811,0.03560047127552816,0.05706757
2019-07-20 10:00:00,0.09653989329529562,0.007419183871026289,-0.0,0.0,0.05174698716632191,0.08476010908353397,0.05221209
2019-07-20 11:00:00,0.11142153692579573,0.009045849853443817,-0.0,0.0,0.03243291677923954,0.11557138002381154,0.08803447
2019-07-20 12:00:00,0.12172421328537275,0.010275768035271705,-0.0,0.0,0.04243768132064446,0.15588717727842377,0.0895623
2019-07-20 13:00:00,0.12210579389128301,0.010831214956097204,-0.0,0.0,0.048249938847380214,0.20172461918343496,0.08468707
2019-07-20 14:00:00,0.10569782783714186,0.011108938416509952,-0.0,0.0,0.07319604625365181,0.2712608631244042,0.04361072
2019-07-20 15:00:00,0.08203983027070577,0.01098991407633306,-0.0,0.0,0.03182765434703883,0.30149713475409107,0.06120209
2019-07-20 16:00:00,0.0507502205860645,0.009402922873974495,-0.0,0.0035743765399609967,-0.0,0.2977346331330795,0.06372752
2019-07-20 17:00:00,0.017934288477782192,0.00849040293261832,-0.0,0.027478498589599488,-0.0,0.2688098977756064,0.05390319
2019-07-20 18:00:00,-0.0,0.008609427272795213,-0.0,0.07493492272720478,-0.0,0.1899310317469698,0.08354434999999999
2019-07-20 19:00:00,-0.0,0.009323573313856566,-0.0,0.06954540668614342,-0.0,0.11672534049839778,0.07886897999999999
2019-07-20 20:00:00,-0.0,0.009720321114446207,-0.0,0.03097767888555379,-0.0,0.08411725746097273,0.040698
2019-07-20 21:00:00,-0.0,0.009958369794799991,-0.0,0.017425780205200008,-0.0,0.06577433092918325,0.02738415
2019-07-20 22:00:00,-0.0,0.011227962756686843,-0.0,0.013726997243313159,-0.0,0.05132486014674835,0.02495496
2019-07-20 23:00:00,-0.0,0.013013327859340229,-0.0,0.0016830521406597711,-0.0,0.0495532263144749,0.01469638
2019-07-21 00:00:00,-0.0,0.013806823460519509,-0.0,0.0,0.0032519834605195096,0.05264261060196844,0.01055484
2019-07-21 01:00:00,-0.0,0.015592188563172897,-0.0,0.0,0.005935403563172898,0.05828124398698269,0.009656785
2019-07-21 02:00:00,-0.0,0.016544383284588033,-0.0,0.0,0.0046838732845880336,0.06273092360734132,0.01186051
2019-07-21 03:00:00,-0.0,0.01717917976553146,-0.0,0.0,0.006100279765531461,0.06852618938459622,0.0110789
2019-07-21 04:00:00,-0.0,0.01571121290334979,-0.0,0.01266609709665021,-0.0,0.055193455598648626,0.02837731
2019-07-21 05:00:00,-0.0,0.014600319061698792,-0.0,0.026581870938301208,-0.0,0.02721253882148946,0.04118219
2019-07-21 06:00:00,0.0011447418177307782,0.013568774780165728,-0.0,0.01678178340210349,-0.0,0.009547503661380527,0.0314953
2019-07-21 07:00:00,0.03014486786691049,0.010831214956097204,-0.0,0.0,0.0012165428230076908,0.010703219343237834,0.03975954
2019-07-21 08:00:00,0.07021083148748773,0.010275768035271705,-0.0,0.0,0.03502905952275944,0.0439808258898593,0.04545754
2019-07-21 09:00:00,0.10455308601941107,0.009442597654033458,-0.0,0.0,0.028689683673444544,0.07123602537963161,0.08530599999999999
2019-07-21 10:00:00,0.13317163146268052,0.010791540176038238,-0.0,0.0,0.08511533163871876,0.15209559043641444,0.05884784
2019-07-21 11:00:00,0.15301382297001404,0.011545360997158556,-0.0,0.0,0.05137838396717259,0.2009050552052284,0.1131808
2019-07-21 12:00:00,0.16369807993550128,0.011902434017689234,-0.0,0.0,0.10752940395319052,0.30305798896075936,0.06807111
2019-07-21 13:00:00,0.15759279024093711,0.011624710557276484,-0.0,0.0,0.0939716707982136,0.39233107621906227,0.07524583
2019-07-21 14:00:00,0.1343163732804113,0.010275768035271705,-0.0,0.0,0.084915711315683,0.4730010019689611,0.05967643
2019-07-21 15:00:00,0.09959253814257771,0.008847475953148998,-0.0,0.0,0.04718439409572671,0.5178261763599015,0.06125562
2019-07-21 16:00:00,0.05990815512791072,0.007022436070436647,-0.0,0.0,0.01599438119834737,0.5330208384983315,0.05093621
2019-07-21 17:00:00,0.021368513930974525,0.00626861524931633,-0.0,0.03147309081970914,-0.0,0.4998912692144271,0.05911022
2019-07-21 18:00:00,-0.0,0.00646698914961115,-0.0,0.07978776085038886,-0.0,0.4159041525298073,0.08625475
2019-07-21 19:00:00,-0.0,0.007339834310908361,0.014592673073353388,0.03419543261573826,-0.0,0.37990896030271437,0.05612794
2019-07-21 20:00:00,-0.0,0.0076572325513800735,0.014592673073353388,0.030197444375266537,-0.0,0.3481221767498022,0.05244735
2019-07-21 21:00:00,-0.0,0.008411053372500392,-0.0,0.008812246627499609,-0.0,0.3388461276682237,0.0172233
2019-07-21 22:00:00,-0.0,0.008926825513266925,0.009669834486733076,0.0,-0.0,0.3388461276682237,0.01859666
2019-07-21 23:00:00,-0.0,0.009402922873974495,-0.0,0.006189117126025505,-0.0,0.33233126753556524,0.01559204
2019-07-22 00:00:00,-0.0,0.00964097155432828,0.00030469044567172157,0.0,-0.0,0.33233126753556524,0.009945662000000001
2019-07-22 01:00:00,-0.0,0.009244223753738639,-0.0,0.0008170062462613623,-0.0,0.3314712609605533,0.01006123
2019-07-22 02:00:00,-0.0,0.008649102052854176,0.0008622179471458238,0.0,-0.0,0.3314712609605533,0.00951132
2019-07-22 03:00:00,-0.0,0.008331703812382463,-0.0,0.0030335961876175373,-0.0,0.3282780018156927,0.0113653
2019-07-22 04:00:00,-0.0,0.007379509090967324,-0.0,0.024903030909032675,-0.0,0.3020642850693425,0.03228254
2019-07-22 05:00:00,-0.0,0.0065860134897880425,-0.0,0.02904559651021196,-0.0,0.27148997295332994,0.03563161
2019-07-22 06:00:00,-0.0,0.006228940469257365,-0.0,0.025953999530742636,-0.0,0.24416997344728505,0.03218294
2019-07-22 07:00:00,0.022131675142795047,0.005038697067488442,-0.0,0.009944507789716516,-0.0,0.23370207051074135,0.03711488
2019-07-22 08:00:00,0.05532918785698761,0.005157721407665334,-0.0,0.0,0.009516149264652947,0.24274241231216165,0.05097076
2019-07-22 09:00:00,0.08700037814753914,0.004721298827016729,-0.0,0.0,0.040888846974555866,0.2815868169379897,0.05083283
2019-07-22 10:00:00,0.11485576237898808,0.005554469208254976,-0.0,0.0,0.06217283158724305,0.3406510069458706,0.0582374
2019-07-22 11:00:00,0.12363211631492405,0.00626861524931633,-0.0,0.0,0.03268635156424038,0.37170304093189893,0.09721438
2019-07-22 12:00:00,0.12706634176811638,0.006387639589493222,-0.0,0.0,0.05172997135760958,0.420846513721628,0.08172401000000001
2019-07-22 13:00:00,0.11752682662035989,0.005673493548431868,-0.0,0.0,0.038717670168791754,0.45762830038198016,0.08448265
2019-07-22 14:00:00,0.09806621571893666,0.004483250146662945,-0.0,0.0,0.030302975865599602,0.4864161274542998,0.07224649
2019-07-22 15:00:00,0.0732634763347698,0.003094632844599201,-0.0,0.0,0.03010053917936901,0.5150116396747003,0.04625757
2019-07-22 16:00:00,0.04350018907376957,0.002063088563066134,0.008006272363164299,0.0,-0.0,0.5150116396747003,0.05356955
2019-07-22 17:00:00,0.014500063024589857,0.0017060155425354566,-0.0,0.01768765143287468,-0.0,0.49639305921904275,0.03389373
2019-07-22 18:00:00,-0.0,0.0021821129032430263,0.014592673073353388,0.058234274023403594,-0.0,0.4350938234049337,0.07500906
2019-07-22 19:00:00,-0.0,0.002777234604127488,0.014592673073353388,0.046018042322519125,-0.0,0.3866537788549136,0.06338795
2019-07-22 20:00:00,-0.0,0.0030549580645402364,0.014592673073353388,0.03320171886210638,-0.0,0.3517046011053279,0.05084935
2019-07-22 21:00:00,-0.0,0.0033326815249529857,-0.0,0.022777408475047015,-0.0,0.32772838165791,0.02611009
2019-07-22 22:00:00,-0.0,0.003808778885660555,-0.0,0.017323871114339445,-0.0,0.3094927278533422,0.02113265
2019-07-22 23:00:00,-0.0,0.004562599706780873,0.014592673073353388,0.002472657219865738,-0.0,0.3068899307797993,0.02162793
2019-07-23 00:00:00,-0.0,0.005157721407665334,-0.0,0.007785358592334665,-0.0,0.29869481647207863,0.01294308
2019-07-23 01:00:00,-0.0,0.005356095307960156,-0.0,0.005964334692039844,-0.0,0.2924165694278262,0.01132043
2019-07-23 02:00:00,-0.0,0.005157721407665334,0.0034924045923346667,0.0,-0.0,0.2924165694278262,0.008650126000000001
2019-07-23 03:00:00,-0.0,0.0047609736070756935,-0.0,0.0019605293929243067,-0.0,0.29035285427737956,0.006721503
2019-07-23 04:00:00,-0.0,0.0048403231671936215,-0.0,0.01777002683280638,-0.0,0.2716475628744255,0.02261035
2019-07-23 05:00:00,-0.0,0.0048403231671936215,-0.0,0.03500757683280639,-0.0,0.2347974819977872,0.03984790000000001
2019-07-23 06:00:00,-0.0,0.004721298827016729,0.014592673073353388,0.01947930809962988,-0.0,0.21429294715607153,0.03879328
2019-07-23 07:00:00,0.022513255748705302,0.003927803225837447,0.014592673073353388,0.022007687952103866,-0.0,0.19112695983806746,0.06304142
2019-07-23 08:00:00,0.0526581236156158,0.0034120310850709133,-0.0,0.0,0.004788984700686713,0.19567649530371983,0.05128117
2019-07-23 09:00:00,0.08127666905888525,0.0032930067448940213,-0.0,0.0,0.04181199580377928,0.23539789131731015,0.04275768
2019-07-23 10:00:00,0.10455308601941107,0.0029756085044223084,-0.0,0.0,0.047395064523833394,0.28042320261495185,0.06013362999999999
2019-07-23 11:00:00,0.1201978908617317,0.002737559824068524,-0.0,0.0,0.03852124068580022,0.31701838126646203,0.08441421
2019-07-23 12:00:00,0.12744792237402663,0.0023408120234788823,-0.0,0.0,0.030367274397505528,0.34586729194409227,0.09942145999999999
2019-07-23 13:00:00,0.12325053570901379,0.0017456903225944208,-0.0,0.0,0.043873006031608194,0.38754664767412006,0.08112322000000001
2019-07-23 14:00:00,0.10417150541350081,0.0012695929618868516,-0.0,0.0,0.033066628375387666,0.4189599446307383,0.07237447
2019-07-23 15:00:00,0.07898718542342369,0.0008331703812382464,-0.0,0.0,0.01973237580466193,0.43770570164516714,0.06008798
2019-07-23 16:00:00,0.05036863998015424,0.0006744712610023899,0.014592673073353388,0.01653013568548998,-0.0,0.4203055588183356,0.08216592
2019-07-23 17:00:00,0.020223772113243745,0.0007538208211203181,0.014592673073353388,0.01153565399228255,-0.0,0.4081627651422487,0.04710592
2019-07-23 18:00:00,-0.0,0.001388617302063744,0.014592673073353388,0.13325520962458287,-0.0,0.26789412343216146,0.1492365
2019-07-23 19:00:00,-0.0,0.0022217876833019903,0.014592673073353388,0.06994905924334462,-0.0,0.1942635347549566,0.08676352
2019-07-23 20:00:00,-0.0,0.002737559824068524,0.014592673073353388,0.03518961710257809,-0.0,0.1572218325417165,0.05251985
2019-07-23 21:00:00,-0.0,0.0032930067448940213,-0.0,0.032927303255105976,-0.0,0.12256151332581548,0.03622031
2019-07-23 22:00:00,-0.0,0.0033723563050119497,-0.0,0.01955383369498805,-0.0,0.10197853048898596,0.02292619
2019-07-23 23:00:00,-0.0,0.0033723563050119497,0.01214320369498805,0.0,-0.0,0.10197853048898596,0.01551556
2019-07-24 00:00:00,-0.0,0.0035310554252478057,0.009906744574752194,0.0,-0.0,0.10197853048898596,0.0134378
2019-07-24 01:00:00,-0.0,0.0034517058651298772,0.007380704134870124,0.0,-0.0,0.10197853048898596,0.01083241
2019-07-24 02:00:00,-0.0,0.0032533319648350573,0.005510971035164942,0.0,-0.0,0.10197853048898596,0.008764303
2019-07-24 03:00:00,-0.0,0.002935933724363344,0.007978616275636657,0.0,-0.0,0.10197853048898596,0.01091455
2019-07-24 04:00:00,-0.0,0.003134307624658165,0.014592673073353388,0.008149039301988447,-0.0,0.0934005943816297,0.02587602
2019-07-24 05:00:00,-0.0,0.0034913806451888417,0.014592673073353388,0.011070516281457771,-0.0,0.08174741934851626,0.02915457
2019-07-24 06:00:00,0.0015263224236410375,0.0037691041056015905,-0.0,0.04942264347075737,-0.0,0.02972358411614008,0.05471807
2019-07-24 07:00:00,0.03243435150237205,0.003094632844599201,0.014592673073353388,0.006160332579675359,-0.0,0.023239023505955494,0.05628199
2019-07-24 08:00:00,0.07631612118205189,0.0026978850440095596,-0.0,0.016640743773938566,-0.0,0.005722451112335953,0.09565475000000001
2019-07-24 09:00:00,0.11600050419671885,0.00289625894430438,-0.0,0.0,0.05029897314102323,0.053506475596308015,0.06859779
2019-07-24 10:00:00,0.15148750054637297,0.002856584164245416,-0.0,0.0,0.0916720847106184,0.1405949560713955,0.06267199999999999
2019-07-24 11:00:00,0.1728560144773475,0.002856584164245416,-0.0,0.0,0.07935734864159291,0.21598443728090877,0.09635525
2019-07-24 12:00:00,0.17629023993053985,0.003094632844599201,-0.0,0.0,0.09959765277513905,0.31060220741729083,0.07978722
2019-07-24 13:00:00,0.1587375320586679,0.0033326815249529857,-0.0,0.0,0.07080059358362087,0.37786277132173063,0.09126962000000001
2019-07-24 14:00:00,0.12897424479766767,0.003134307624658165,-0.0,0.0,0.05680431242232584,0.4318268681229402,0.07530424
2019-07-24 15:00:00,0.09081618420664173,0.00289625894430438,-0.0,0.0,0.0310171431509461,0.461293154116339,0.06269530000000001
2019-07-24 16:00:00,0.05571076846289787,0.0026185354838916316,-0.0,0.0,0.0014438239467894978,0.462664786865789,0.05688548
2019-07-24 17:00:00,0.022513255748705302,0.0024201615835968107,0.014592673073353388,0.05203668959434451,-0.0,0.40788932413490003,0.09156278000000001
2019-07-24 18:00:00,-0.0,0.0029756085044223084,0.014592673073353388,0.1279702184222243,-0.0,0.27318383105887445,0.1455385
2019-07-24 19:00:00,-0.0,0.003927803225837447,0.014592673073353388,0.039139613700809164,-0.0,0.23198423768960164,0.05766009
2019-07-24 20:00:00,-0.0,0.004483250146662945,0.014592673073353388,0.02228064677998367,-0.0,0.20853092528961883,0.04135657
2019-07-24 21:00:00,-0.0,0.0049196727273115495,-0.0,0.02693714727268845,-0.0,0.180176033423631,0.03185682
2019-07-24 22:00:00,-0.0,0.005237070967783263,0.014592673073353388,0.00514811595886335,-0.0,0.17475696399324853,0.02497786
2019-07-24 23:00:00,-0.0,0.005316420527901191,-0.0,0.014450989472098809,-0.0,0.15954539612788135,0.01976741
2019-07-25 00:00:00,-0.0,0.005237070967783263,0.005805699032216737,0.0,-0.0,0.15954539612788135,0.01104277
2019-07-25 01:00:00,-0.0,0.005237070967783263,-0.0,0.004167988032216737,-0.0,0.15515804030449531,0.009405059
2019-07-25 02:00:00,-0.0,0.005237070967783263,0.005571989032216737,0.0,-0.0,0.15515804030449531,0.01080906
2019-07-25 03:00:00,-0.0,0.004681624046957765,0.006288965953042236,0.0,-0.0,0.15515804030449531,0.01097059
2019-07-25 04:00:00,-0.0,0.004284876246368124,0.014592673073353388,0.005831320680278489,-0.0,0.14901980800946532,0.02470887
2019-07-25 05:00:00,-0.0,0.003848453665719519,0.014592673073353388,0.018941213260927098,-0.0,0.1290816887874368,0.03738234
2019-07-25 06:00:00,-0.0,0.003610404985365734,0.014592673073353388,0.005777651941280876,-0.0,0.12299994990187799,0.02398073
2019-07-25 07:00:00,0.020223772113243745,0.0034517058651298772,0.014592673073353388,0.014954948948272992,-0.0,0.1072578983773801,0.0532231
2019-07-25 08:00:00,0.05189496240379528,0.003967478005896411,-0.0,0.011205779590308315,-0.0,0.09546234091389767,0.06706822
2019-07-25 09:00:00,0.08700037814753914,0.004007152785955375,-0.0,0.0,0.023409520933494507,0.11770138580071746,0.06759801
2019-07-25 10:00:00,0.11638208480262911,0.004284876246368124,-0.0,0.0,0.05394725104899724,0.16895127429726484,0.06671971
2019-07-25 11:00:00,0.13393479267450104,0.003927803225837447,-0.0,0.0,0.06342542590033849,0.22920542890258638,0.07443717
2019-07-25 12:00:00,0.1350795344922318,0.0034517058651298772,-0.0,0.0,0.0439271903573617,0.27093625974208,0.09460405
2019-07-25 13:00:00,0.1259215999503856,0.00289625894430438,-0.0,0.0,0.035164318894689975,0.3043423626920355,0.09365354000000001
2019-07-25 14:00:00,0.10760573086669313,0.002499511143714739,-0.0,0.0,0.01236411201040788,0.316088269101923,0.09774113
2019-07-25 15:00:00,0.08661879754162888,0.001825039882712349,-0.0,0.0,0.02851412742434123,0.34317669015504715,0.05992971
2019-07-25 16:00:00,0.059144993916090204,0.0007538208211203181,-0.0,0.0,0.0021377147372105207,0.34520751915539716,0.0577611
2019-07-25 17:00:00,0.02518431999007712,0.00019837390029482055,0.014592673073353388,0.02834073303627467,-0.0,0.3153751685908975,0.0683161
2019-07-25 18:00:00,-0.0,3.967478005896411e-05,0.014592673073353388,0.06620541214658765,-0.0,0.24568526106817365,0.08083776000000001
2019-07-25 19:00:00,-0.0,-0.0,0.014592673073353388,0.0730274969266466,-0.0,0.16881421167170355,0.08762017
2019-07-25 20:00:00,-0.0,-0.0,0.014592673073353388,0.036333676926646616,-0.0,0.13056823595944395,0.05092635
2019-07-25 21:00:00,-0.0,3.967478005896411e-05,0.014592673073353388,0.022567442146587652,-0.0,0.10681303369987799,0.03719979
2019-07-25 22:00:00,-0.0,0.00019837390029482055,-0.0,0.02076253609970518,-0.0,0.08495773254229359,0.02096091
2019-07-25 23:00:00,-0.0,0.0005554469208254976,-0.0,0.024032563079174504,-0.0,0.05966029772210991,0.02458801
2019-07-26 00:00:00,-0.0,0.0012299181818278874,0.007931489818172112,0.0,-0.0,0.05966029772210991,0.009161408
2019-07-26 01:00:00,-0.0,0.001825039882712349,0.007523335117287652,0.0,-0.0,0.05966029772210991,0.009348375
2019-07-26 02:00:00,-0.0,0.002063088563066134,0.007723062436933866,0.0,-0.0,0.05966029772210991,0.009786151
2019-07-26 03:00:00,-0.0,0.002142438123184062,0.007861021876815939,0.0,-0.0,0.05966029772210991,0.01000346
2019-07-26 04:00:00,-0.0,0.002737559824068524,0.014592673073353388,0.010051547102578091,-0.0,0.049079721824659285,0.02738178
2019-07-26 05:00:00,-0.0,0.0035310554252478057,0.001327049346555557,0.02838299522819664,-0.0,0.019202884742347034,0.0332411
2019-07-26 06:00:00,0.0022894836354615563,0.004007152785955375,0.014592673073353388,0.018242740505229685,-0.0,-0.0,0.03913205
2019-07-26 07:00:00,0.038921221802846455,0.0034120310850709133,0.013680297112082636,0.0,-0.0,-0.0,0.05601355
2019-07-26 08:00:00,0.06009952,-0.0,-0.0,0.0,-0.0,-0.0,0.06009952
2019-07-26 09:00:00,0.04787226,-0.0,-0.0,0.0,-0.0,-0.0,0.04787226
2019-07-26 10:00:00,0.04883921,-0.0,-0.0,0.0,-0.0,-0.0,0.04883921
2019-07-26 11:00:00,0.15233443531116497,-0.0,-0.0,0.0,0.08525710531116495,0.0809942500456067,0.06707733
2019-07-26 12:00:00,0.18926398053148866,0.0016266659824175286,-0.0,0.0,0.08257864651390617,0.15944396423381757,0.108312
2019-07-26 13:00:00,0.1820139490191937,0.0012695929618868516,-0.0,0.0,0.12746644198108056,0.2805370841158441,0.0558171
2019-07-26 14:00:00,0.15911911266457815,0.0011108938416509952,-0.0,0.0,0.09917162650622914,0.37475012929676177,0.06105838
2019-07-26 15:00:00,0.11828998783218041,0.0009125199413561745,-0.0,0.0,0.07221992777353659,0.4433590606816215,0.04698258
2019-07-26 16:00:00,0.07440821815250058,0.0009125199413561745,-0.0,0.0,0.016662388093856756,0.4591883293707854,0.05865835
2019-07-26 17:00:00,0.030526448472820752,0.001467966862181672,-0.0,0.0,0.00017358533500242204,0.4593532354390377,0.03182083
2019-07-26 18:00:00,-0.0,0.0023011372434199187,-0.0,0.08473251275658007,-0.0,0.3701611167479008,0.08703364999999999
2019-07-26 19:00:00,-0.0,0.0032533319648350573,-0.0,0.06578506803516494,-0.0,0.3009136767108851,0.0690384
2019-07-26 20:00:00,-0.0,0.0037691041056015905,-0.0,0.05910154589439841,-0.0,0.23870152313783416,0.06287065
2019-07-26 21:00:00,-0.0,0.004364225806486053,-0.0,0.025356894193513946,-0.0,0.21201005556571423,0.02972112
2019-07-26 22:00:00,-0.0,0.004086502346073303,-0.0,0.016435707653926695,-0.0,0.19470931066684402,0.02052221
2019-07-26 23:00:00,-0.0,0.004086502346073303,-0.0,0.011949357653926695,-0.0,0.18213103945218434,0.01603586
2019-07-27 00:00:00,-0.0,0.004562599706780873,-0.0,0.010323350293219128,-0.0,0.17126435493300632,0.01488595
2019-07-27 01:00:00,-0.0,0.004681624046957765,-0.0,0.009322585953042235,-0.0,0.16145110656138292,0.01400421
2019-07-27 02:00:00,-0.0,0.004681624046957765,-0.0,0.008650535953042235,-0.0,0.1523452792423911,0.01333216
2019-07-27 03:00:00,-0.0,0.004522924926721909,-0.0,0.0074072850732780915,-0.0,0.14454813705999311,0.01193021
2019-07-27 04:00:00,-0.0,0.004800648387134657,-0.0,0.023573151612865342,-0.0,0.11973429325697696,0.0283738
2019-07-27 05:00:00,-0.0,0.004959347507370514,-0.0,0.018767482492629488,-0.0,0.09997904852789329,0.02372683
2019-07-27 06:00:00,0.0007631612118205187,0.005157721407665334,-0.0,0.026480067380514144,-0.0,0.07210529339050997,0.03240095
2019-07-27 07:00:00,0.028236964837359192,0.004126177126132268,-0.0,0.01449482803650854,-0.0,0.05684757966786941,0.04685797
2019-07-27 08:00:00,0.06830292845793642,0.003689754545483662,-0.0,0.0,0.013415383003420087,0.06959219352111849,0.0585773
2019-07-27 09:00:00,0.1034083442016803,0.0035310554252478057,-0.0,0.0,0.027238399626928103,0.09546867316670019,0.079701
2019-07-27 10:00:00,0.13279005085677026,0.003927803225837447,-0.0,0.0,0.06695853408260771,0.1590792805451775,0.06975932
2019-07-27 11:00:00,0.15454014539365507,0.004126177126132268,-0.0,0.0,0.07363874251978733,0.22903608593897545,0.08502758
2019-07-27 12:00:00,0.16484282175323206,0.004086502346073303,-0.0,0.0,0.05435762409930536,0.28067582883331554,0.1145717
2019-07-27 13:00:00,0.16598756357096284,0.004046827566014339,-0.0,0.0,0.10365718113697717,0.37915015091344384,0.06637721
2019-07-27 14:00:00,0.1522506617581935,0.004007152785955375,-0.0,0.0,0.07212484454414886,0.44766875323038524,0.08413297
2019-07-27 15:00:00,0.12210579389128301,0.0035707302053067697,-0.0,0.0,0.06801509409658979,0.5122830926221456,0.05766143
2019-07-27 16:00:00,0.08013192724115446,0.00289625894430438,-0.0,0.0,0.021829206185458847,0.5330208384983315,0.06119898
2019-07-27 17:00:00,0.03243435150237205,0.0024201615835968107,-0.0,0.05036574691403113,-0.0,0.4800042627993514,0.08522025999999999
2019-07-27 18:00:00,-0.0,0.0024598363636557747,-0.0,0.08888500363634423,-0.0,0.3864411010768838,0.09134484000000001
2019-07-27 19:00:00,-0.0,0.002539185923773703,-0.0,0.09220376407622628,-0.0,0.2893845073124351,0.09474294999999999
2019-07-27 20:00:00,-0.0,0.0023408120234788823,-0.0,0.041511447976521114,-0.0,0.24568824628451813,0.04385226
2019-07-27 21:00:00,-0.0,0.0021821129032430263,-0.0,0.050287597096756974,-0.0,0.19275393355108975,0.05246971
2019-07-27 22:00:00,-0.0,0.0019440642228892415,-0.0,0.03061287577711076,-0.0,0.16052985378571,0.03255694
2019-07-27 23:00:00,-0.0,0.0021821129032430263,-0.0,0.018341367096756975,-0.0,0.14122315157859738,0.02052348
2019-07-28 00:00:00,-0.0,0.00289625894430438,-0.0,0.006037244055695621,-0.0,0.1348681578357599,0.008933503
2019-07-28 01:00:00,-0.0,0.0035707302053067697,-0.0,0.010353059794693231,-0.0,0.12397020015713545,0.01392379
2019-07-28 02:00:00,-0.0,0.004403900586545016,-0.0,0.0075075194134549845,-0.0,0.11606754814297231,0.01191142
2019-07-28 03:00:00,-0.0,0.005276745747842227,0.007486134252157774,0.0,-0.0,0.11606754814297231,0.01276288
2019-07-28 04:00:00,-0.0,0.005475119648137048,-0.0,0.02185071035186295,-0.0,0.0930668004041692,0.02732583
2019-07-28 05:00:00,-0.0,0.005237070967783263,-0.0,0.035392479032216734,-0.0,0.05581155931762528,0.04062955
2019-07-28 06:00:00,0.001907903029551297,0.005197396187724299,-0.0,0.03777999078272439,-0.0,0.01604314796738908,0.04488528999999999
2019-07-28 07:00:00,0.035486996349654125,0.003967478005896411,-0.0,0.0024161856444494603,-0.0,0.013499794657442278,0.04187066
2019-07-28 08:00:00,0.07478979875841084,0.0034120310850709133,-0.0,0.0,0.03157772984348175,0.04349863800874994,0.0466241
2019-07-28 09:00:00,0.10035569935439823,0.003173982404717129,-0.0,0.0,0.06759352175911534,0.10771248367990952,0.03593616
2019-07-28 10:00:00,0.12363211631492405,0.002102763343125098,-0.0,0.0,0.06719617965804914,0.17154885435505618,0.0585387
2019-07-28 11:00:00,0.13736901812769337,0.0009918695014741027,-0.0,0.0,0.04572220762916748,0.2149849516027653,0.09263867999999999
2019-07-28 12:00:00,0.1400400823690652,0.0006744712610023899,-0.0,0.0,0.0610083236300676,0.27294285905132953,0.07970623
2019-07-28 13:00:00,0.13355321206859078,0.0009125199413561745,-0.0,0.0,0.08828145200994694,0.35681023846077914,0.04618428
2019-07-28 14:00:00,0.11981631025582144,0.0013092677419458158,-0.0,0.0,0.05036639799776725,0.404658316558658,0.07075918
2019-07-28 15:00:00,0.09234250663028278,0.0016663407624764928,-0.0,0.0,0.04634339739275927,0.4486845440817793,0.04766545
2019-07-28 16:00:00,0.05800025209835943,0.0022614624633609543,-0.0,0.0,0.020930434561720376,0.46856845691541366,0.03933128
2019-07-28 17:00:00,0.021750094536884784,0.0035310554252478057,0.014592673073353388,0.01716500696451402,-0.0,0.45050002853171467,0.05703883
2019-07-28 18:00:00,-0.0,0.004959347507370514,-0.0,0.10469115249262949,-0.0,0.34029881538157836,0.1096505
2019-07-28 19:00:00,-0.0,0.0057528431085497956,-0.0,0.07512533689145019,-0.0,0.26121951339057814,0.08087818
2019-07-28 20:00:00,-0.0,0.006070241349021509,-0.0,0.04276854865097849,-0.0,0.2161999884948113,0.04883879
2019-07-28 21:00:00,-0.0,0.006347964809434258,-0.0,0.024509655190565742,-0.0,0.19040035145211054,0.03085762
2019-07-28 22:00:00,-0.0,0.006030566568962545,0.010674483431037454,0.0,-0.0,0.19040035145211054,0.01670505
2019-07-28 23:00:00,-0.0,0.005911542228785652,0.008044607771214348,0.0,-0.0,0.19040035145211054,0.01395615
2019-07-29 00:00:00,-0.0,0.006308290029375294,-0.0,0.007937099970624705,-0.0,0.18204550937776875,0.01424539
2019-07-29 01:00:00,-0.0,0.006784387390082864,0.007046822609917136,0.0,-0.0,0.18204550937776875,0.01383121
2019-07-29 02:00:00,-0.0,0.007022436070436647,0.0037241039295633537,0.0,-0.0,0.18204550937776875,0.01074654
2019-07-29 03:00:00,-0.0,0.007458858651085253,-0.0,0.001559779348914746,-0.0,0.18040363637891113,0.009018637999999999
2019-07-29 04:00:00,-0.0,0.007696907331439038,0.014592673073353388,0.0001387195952075749,-0.0,0.18025761575237684,0.0224283
2019-07-29 05:00:00,-0.0,0.008093655132028678,0.014592673073353388,0.0062773917946179324,-0.0,0.1736498349159369,0.02896372
2019-07-29 06:00:00,-0.0,0.008371378592441428,-0.0,0.03298949140755857,-0.0,0.1389240544869279,0.04136087
2019-07-29 07:00:00,0.022131675142795047,0.007736582111498002,-0.0,0.01262456274570695,-0.0,0.12563504107039428,0.04249282
2019-07-29 08:00:00,0.05303970422152606,0.006625688269847007,-0.0,0.0,0.005801962491373068,0.1311469054371987,0.05386343
2019-07-29 09:00:00,0.08394773330025707,0.006149590909139437,-0.0,0.0,0.0359563942093965,0.16530547993612538,0.05414093
2019-07-29 10:00:00,0.10607940844305212,0.006149590909139437,-0.0,0.0,0.06192949935219157,0.22413850432070737,0.0502995
2019-07-29 11:00:00,0.12172421328537275,0.006149590909139437,-0.0,0.0,0.051507704194512186,0.2730708233054939,0.0763661
2019-07-29 12:00:00,0.12706634176811638,0.006308290029375294,-0.0,0.0,0.06052564179749166,0.33057018301311103,0.07284899
2019-07-29 13:00:00,0.12210579389128301,0.0064273143695521865,-0.0,0.0,0.05500153826083519,0.38282164436090443,0.07353157
2019-07-29 14:00:00,0.10417150541350081,0.005951217008844617,-0.0,0.0,0.05539295242234543,0.4354449491621326,0.05472977
2019-07-29 15:00:00,0.07669770178796215,0.004959347507370514,-0.0,0.0,0.027177879295332663,0.46126393449269865,0.05447917
2019-07-29 16:00:00,0.04846073695060294,0.004284876246368124,0.0005470668030289408,0.0,-0.0,0.46126393449269865,0.05329268
2019-07-29 17:00:00,0.01869744968960271,0.003808778885660555,-0.0,0.05009224142473674,-0.0,0.4085352593087652,0.07259847000000001
2019-07-29 18:00:00,-0.0,0.004007152785955375,0.012632502434105514,0.0793835647799391,-0.0,0.3249736121719872,0.09602321999999999
2019-07-29 19:00:00,-0.0,0.004205526686250196,-0.0,0.07738774331374981,-0.0,0.2435128297364611,0.08159327000000001
2019-07-29 20:00:00,-0.0,0.004284876246368124,-0.0,0.04842127375363188,-0.0,0.1925430678905328,0.05270615
2019-07-29 21:00:00,-0.0,0.004324551026427088,-0.0,0.03726194897357291,-0.0,0.15331996370782447,0.0415865
2019-07-29 22:00:00,-0.0,0.003808778885660555,-0.0,0.016063901114339446,-0.0,0.13641059411378295,0.01987268
2019-07-29 23:00:00,-0.0,0.0030152832844812724,-0.0,0.012512366715518728,-0.0,0.12323968178165798,0.01552765
2019-07-30 00:00:00,-0.0,0.0021821129032430263,-0.0,0.007766595096756974,-0.0,0.11506431852191379,0.009948708
2019-07-30 01:00:00,-0.0,0.0015076416422406362,-0.0,0.011776798357759364,-0.0,0.10266768867164078,0.01328444
2019-07-30 02:00:00,-0.0,0.0008728451612972104,0.00958127483870279,0.0,-0.0,0.10266768867164078,0.01045412
2019-07-30 03:00:00,-0.0,0.0003173982404717129,-0.0,0.010413131759528287,-0.0,0.09170649734582154,0.01073053
2019-07-30 04:00:00,-0.0,0.00015869912023585645,-0.0,0.020823690879764142,-0.0,0.06978682273554349,0.02098239
2019-07-30 05:00:00,-0.0,0.0003173982404717129,0.014592673073353388,0.0266913186861749,-0.0,0.0416906978027278,0.04160139
2019-07-30 06:00:00,-0.0,0.0012695929618868516,0.014592673073353388,0.022796063964759757,-0.0,0.01769484099771753,0.03865833
2019-07-30 07:00:00,0.019079030295512972,0.0022217876833019903,0.014592673073353388,0.016810098947831656,-0.0,-0.0,0.05270359
2019-07-30 08:00:00,0.0506213,-0.0,-0.0,0.0,-0.0,-0.0,0.0506213
2019-07-30 09:00:00,0.0549185,-0.0,-0.0,0.0,-0.0,-0.0,0.0549185
2019-07-30 10:00:00,0.05801105813071228,-0.0,-0.0,0.0,0.012136698130712279,0.011529863224176665,0.04587436
2019-07-30 11:00:00,0.1350795344922318,0.006546338709729079,-0.0,0.0,0.08369267320196089,0.0910379027660395,0.0579332
2019-07-30 12:00:00,0.13851375994542414,0.007974630791851787,-0.0,0.0,0.04573579073727593,0.13448690396645163,0.1007526
2019-07-30 13:00:00,0.1343163732804113,0.00916487419362071,-0.0,0.0,0.098332847474032,0.22790310906678202,0.04514840000000001
2019-07-30 14:00:00,0.130882147827219,0.010275768035271705,-0.0,0.0,0.08853742586249069,0.3120136636361482,0.05262049
2019-07-30 15:00:00,0.11371102056125729,0.011029588856392023,-0.0,0.0,0.07002567941764931,0.37853805908291505,0.05471493
2019-07-30 16:00:00,0.07746086299978266,0.010434467155507561,-0.0,0.0,0.01688454015529022,0.39457837223044073,0.07101079
2019-07-30 17:00:00,0.03090802907873101,0.010275768035271705,-0.0,0.028843442885997286,-0.0,0.3642168534030752,0.07002724
2019-07-30 18:00:00,-0.0,0.010355117595389634,-0.0,0.10546428240461037,-0.0,0.25320181929295904,0.1158194
2019-07-30 19:00:00,-0.0,0.009720321114446207,-0.0,0.06259672888555379,-0.0,0.18731052572921825,0.07231705
2019-07-30 20:00:00,-0.0,0.008411053372500392,-0.0,0.021886916627499607,-0.0,0.16427166612132393,0.03029797
2019-07-30 21:00:00,-0.0,0.00761755777132111,-0.0,0.02766800222867888,-0.0,0.13514745324903038,0.03528555999999999
2019-07-30 22:00:00,-0.0,0.006665363049905971,-0.0,0.017448296950094026,-0.0,0.11678082488051035,0.02411366
2019-07-30 23:00:00,-0.0,0.005514794428196012,-0.0,0.008308035571803988,-0.0,0.10803552427861142,0.01382283
2019-07-31 00:00:00,-0.0,0.004681624046957765,-0.0,0.007239595953042235,-0.0,0.1004148969596196,0.01192122
2019-07-31 01:00:00,-0.0,0.004364225806486053,-0.0,0.005659524193513947,-0.0,0.09445750307171018,0.01002375
2019-07-31 02:00:00,-0.0,0.003967478005896411,-0.0,0.00797256199410359,-0.0,0.08606533255160113,0.01194004
2019-07-31 03:00:00,-0.0,0.003689754545483662,-0.0,0.011197445454516338,-0.0,0.07427854786263657,0.0148872
2019-07-31 04:00:00,-0.0,0.003967478005896411,-0.0,0.020113501994103587,-0.0,0.05310644050042228,0.02408098
2019-07-31 05:00:00,-0.0,0.004562599706780873,-0.0,0.009578910293219126,-0.0,0.043023377033875834,0.01414151
2019-07-31 06:00:00,0.0003815806059102594,0.005395770088019119,-0.0,0.02539170930607062,-0.0,0.016295261974854133,0.03116906
2019-07-31 07:00:00,0.02556590059598738,0.005316420527901191,-0.0,0.015480498876111429,-0.0,-0.0,0.04636282
2019-07-31 08:00:00,0.03972522343103745,0.006030566568962545,-0.0,0.0,-0.0,-0.0,0.04575579
2019-07-31 09:00:00,0.0674323014662024,0.009283898533797602,-0.0,0.0,-0.0,-0.0,0.0767162
2019-07-31 10:00:00,0.06818982,-0.0,-0.0,0.0,-0.0,-0.0,0.06818982
2019-07-31 11:00:00,0.09738353113473619,-0.0,-0.0,0.0,0.04223917113473618,0.040127212577999366,0.05514436
2019-07-31 12:00:00,0.15454014539365507,0.013370400879870906,-0.0,0.0,0.07322651627352597,0.10969240303784904,0.09468403
2019-07-31 13:00:00,0.15644804842320634,0.013013327859340229,-0.0,0.0,0.08516571628254657,0.19059983350626827,0.08429566
2019-07-31 14:00:00,0.13775059873360362,0.011466011437040628,-0.0,0.0,0.10514189017064425,0.2904846291683803,0.04407472
2019-07-31 15:00:00,0.10493466662532135,0.009720321114446207,-0.0,0.0,0.06819930773976755,0.35527397152115947,0.04645568
2019-07-31 16:00:00,0.06257921936928254,0.009006175073384854,-0.0,0.0,0.030112134442667395,0.3838804992416935,0.04147326
2019-07-31 17:00:00,0.022131675142795047,0.008847475953148998,-0.0,0.012450138904055958,-0.0,0.370775089869003,0.04342929
2019-07-31 18:00:00,-0.0,0.008411053372500392,-0.0,0.08728012662749961,-0.0,0.27890127236637186,0.09569118
2019-07-31 19:00:00,-0.0,0.007538208211203181,-0.0,0.05816668178879682,-0.0,0.21767318627290155,0.06570489
2019-07-31 20:00:00,-0.0,0.007141460410613539,-0.0,0.04439300958938646,-0.0,0.1709437024946,0.05153447
2019-07-31 21:00:00,-0.0,0.007141460410613539,-0.0,0.03057039958938646,-0.0,0.13876433450577214,0.03771186
2019-07-31 22:00:00,-0.0,0.006347964809434258,-0.0,0.014961115190565744,-0.0,0.12301579219991346,0.02130908
2019-07-31 23:00:00,-0.0,0.005554469208254976,-0.0,0.015742900791745024,-0.0,0.10644431768228711,0.02129737
2019-08-01 00:00:00,-0.0,0.005078371847547406,-0.0,0.010981978152452596,-0.0,0.09488434067970543,0.01606035
2019-08-01 01:00:00,-0.0,0.005197396187724299,-0.0,0.004466859812275701,-0.0,0.09018238298257311,0.009664256
2019-08-01 02:00:00,-0.0,0.006347964809434258,-0.0,0.0029723071905657416,-0.0,0.08705363857145128,0.009320272
2019-08-01 03:00:00,-0.0,0.00801430557191075,-0.0,0.00439370442808925,-0.0,0.08242868654188365,0.01240801
2019-08-01 04:00:00,-0.0,0.00916487419362071,-0.0,0.009137635806379291,-0.0,0.07281012253516861,0.01830251
2019-08-01 05:00:00,-0.0,0.009998044574858957,-0.0,0.022487295425141045,-0.0,0.04913928524554646,0.03248534
2019-08-01 06:00:00,0.0011447418177307782,0.010950239296274096,-0.0,0.02104762888599513,-0.0,0.026983886418183174,0.03314261
2019-08-01 07:00:00,0.029000126049179713,0.010870889736156167,-0.0,0.00903540421466412,-0.0,0.017472934613273577,0.04890642
2019-08-01 08:00:00,0.05952657452200046,0.010355117595389634,-0.0,0.0165992878826099,-0.0,-0.0,0.08648098
2019-08-01 09:00:00,0.03804891592366694,0.01098991407633306,-0.0,0.0,-0.0,-0.0,0.04903883
2019-08-01 10:00:00,0.07384291531320762,0.012576905278691623,-0.0,0.0,0.045664070591899246,0.04338086706230428,0.04075575
2019-08-01 11:00:00,0.11256627874352651,0.014600319061698792,-0.0,0.0,0.0466641278052253,0.08771178847726832,0.08050247
2019-08-01 12:00:00,0.11600050419671885,0.016266659824175286,-0.0,0.0,0.033764294020894134,0.11978786779711775,0.09850287
2019-08-01 13:00:00,0.11294785934943677,0.016187310264057356,-0.0,0.0,0.046972749613494125,0.16441197992993717,0.08216242
2019-08-01 14:00:00,0.09463199026574433,0.015671538123290824,-0.0,0.0,0.03234301838903515,0.19513784739952056,0.07796051
2019-08-01 15:00:00,0.07097399269930825,0.015274790322701183,-0.0,0.0,0.04861437302200943,0.24132150177042952,0.03763441
2019-08-01 16:00:00,0.043881769679679834,0.014997066862288435,-0.0,0.0,0.006177096541968276,0.24718974348529937,0.05270174
2019-08-01 17:00:00,0.014881643630500116,0.014362270381345008,-0.0,0.05148787598815487,-0.0,0.1929919792872416,0.08073179
2019-08-01 18:00:00,-0.0,0.014798692961993614,-0.0,0.06525721703800638,-0.0,0.12430017187881383,0.08005591
2019-08-01 19:00:00,-0.0,0.014679668621816721,-0.0,0.04591320137818328,-0.0,0.07597048621756827,0.06059287
2019-08-01 20:00:00,-0.0,0.015155765982524291,-0.0,0.014807004017475709,-0.0,0.06038416619917279,0.02996277
2019-08-01 21:00:00,-0.0,0.014838367742052577,-0.0,0.006035962257947423,-0.0,0.05403052171712287,0.02087433
2019-08-01 22:00:00,-0.0,0.014878042522111543,-0.0,0.001377037477888459,-0.0,0.05258100858250344,0.01625508
2019-08-01 23:00:00,-0.0,0.014639993841757756,-0.0,0.0052744161582422445,-0.0,0.047028991573827394,0.01991441
2019-08-02 00:00:00,-0.0,0.015512839003054968,-0.0,0.0,0.0002587790030549684,0.047274831626729616,0.01525406
2019-08-02 01:00:00,-0.0,0.013608449560224691,-0.0,0.0,0.0030792495602246905,0.05020011870894307,0.0105292
2019-08-02 02:00:00,-0.0,0.011227962756686843,-0.0,0.0,0.0004986327566868422,0.05067381982779557,0.01072933
2019-08-02 03:00:00,-0.0,0.010156743695094813,-0.0,0.0015233863049051877,-0.0,0.04907025529631642,0.01168013
2019-08-02 04:00:00,-0.0,0.010593166275743419,-0.0,0.01277050372425658,-0.0,0.03562761979709897,0.02336367
2019-08-02 05:00:00,-0.0,0.012378531378396803,-0.0,0.010961418621603198,-0.0,0.02408928440593771,0.02333995
2019-08-02 06:00:00,-0.0,0.014124221700991223,-0.0,0.011034838299008778,-0.0,0.012473665143823207,0.02515906
2019-08-02 07:00:00,0.02518431999007712,0.015671538123290824,-0.0,0.011849981886632048,-0.0,-0.0,0.05270584
2019-08-02 08:00:00,0.06614821000000001,-0.0,-0.0,0.0,-0.0,-0.0,0.06614821000000001
2019-08-02 09:00:00,0.06876728,-0.0,-0.0,0.0,-0.0,-0.0,0.06876728
2019-08-02 10:00:00,0.08383588,-0.0,-0.0,0.0,-0.0,-0.0,0.08383588
2019-08-02 11:00:00,0.1201070333863857,-0.0,-0.0,0.0,0.0696276533863857,0.06614627071706641,0.05047938
2019-08-02 12:00:00,0.08894095953063588,0.01975804046936413,-0.0,0.0,-0.0,0.06614627071706641,0.108699
2019-08-02 13:00:00,0.16879361903793108,0.01793300058665178,-0.0,0.0,0.13325520962458287,0.19273871986042013,0.05347141
2019-08-02 14:00:00,0.14881643630500116,0.014679668621816721,-0.0,0.0,0.09967708492681787,0.2874319505408971,0.06381902
2019-08-02 15:00:00,0.11180311753170599,0.011704060117394412,-0.0,0.0,0.06560642764910041,0.34975805680754246,0.05790075
2019-08-02 16:00:00,0.0629607999751928,0.010394792375448597,-0.0,0.003507237649358605,-0.0,0.3460662277029545,0.07686283000000001
2019-08-02 17:00:00,0.021750094536884784,0.009958369794799991,-0.0,0.014178085668315223,-0.0,0.33114192699946476,0.04588655
2019-08-02 18:00:00,-0.0,0.010870889736156167,-0.0,0.09656521026384383,-0.0,0.2294943372480502,0.1074361
2019-08-02 19:00:00,-0.0,0.012338856598337838,-0.0,0.09738264340166217,-0.0,0.12698629156209004,0.1097215
2019-08-02 20:00:00,-0.0,0.01408454692093226,-0.0,0.026870303079067744,-0.0,0.09870176200517662,0.04095485
2019-08-02 21:00:00,-0.0,0.015314465102760147,-0.0,0.020678024897239855,-0.0,0.07693542000808204,0.03599249
2019-08-02 22:00:00,-0.0,0.013846498240578474,-0.0,0.008476061759421527,-0.0,0.06801324973500675,0.02232256
2019-08-02 23:00:00,-0.0,0.014639993841757756,-0.0,0.005116496158242246,-0.0,0.06262746430527807,0.01975649
2019-08-03 00:00:00,-0.0,0.015314465102760147,-0.0,0.0,0.0024690351027601472,0.06497304765290021,0.01284543
2019-08-03 01:00:00,-0.0,0.015988936363762536,-0.0,0.0,0.006027198363762535,0.07069888609847462,0.009961738000000001
2019-08-03 02:00:00,-0.0,0.01638568416435218,-0.0,0.0,0.0037798741643521785,0.07428976655460919,0.01260581
2019-08-03 03:00:00,-0.0,0.01650470850452907,-0.0,0.0,0.006495618504529071,0.0804606041339118,0.01000909
2019-08-03 04:00:00,-0.0,0.01642535894441114,-0.0,0.0003060810555888596,-0.0,0.08013841354908142,0.01673144
2019-08-03 05:00:00,-0.0,0.015869912023585644,-0.0,0.012859997976414357,-0.0,0.06660157357390842,0.02872991
2019-08-03 06:00:00,-0.0,0.01575088768340875,-0.0,0.030427982316591246,-0.0,0.03457211850381238,0.04617887
2019-08-03 07:00:00,0.019842191507333486,0.0144812947215219,-0.0,0.023939103771144613,-0.0,0.009373061902607525,0.05826259
2019-08-03 08:00:00,0.04998705937424398,0.012299181818278875,-0.0,0.00890440880747715,-0.0,-0.0,0.07119065000000001
2019-08-03 09:00:00,0.06697897216147526,0.012695929618868515,-0.0,0.0,0.014005261780343774,0.013304998691326585,0.06566964
2019-08-03 10:00:00,0.10951363389624444,0.013727473900401582,-0.0,0.0,0.04640724779664601,0.05739188409814029,0.07683386
2019-08-03 11:00:00,0.10875047268442392,0.015274790322701183,-0.0,0.0,0.07193629300712509,0.12573136245490912,0.05208897000000001
2019-08-03 12:00:00,0.10798731147260339,0.01614763548399839,-0.0,0.0,0.024164186956601788,0.1486873400636808,0.09997075999999999
2019-08-03 13:00:00,0.09653989329529562,0.01686178152505975,-0.0,0.0,0.05080378482035537,0.1969509356430184,0.06259789
2019-08-03 14:00:00,0.08203983027070577,0.017139504985472495,-0.0,0.0,0.041274475256178264,0.23616168713638774,0.05790486
2019-08-03 15:00:00,0.06372396118701332,0.016584058064647,-0.0,0.0,0.04288689925166031,0.27690424142546505,0.03742112
2019-08-03 16:00:00,0.0385396411969362,0.016306334604234248,-0.0,0.0,0.0022093558011704456,0.27900312943657696,0.05263662
2019-08-03 17:00:00,0.014881643630500116,0.015869912023585644,-0.0,0.03361379434591424,-0.0,0.24362018801982513,0.06436535
2019-08-03 18:00:00,-0.0,0.015155765982524291,-0.0,0.051166914017475716,-0.0,0.18976027852774544,0.06632268000000001
2019-08-03 19:00:00,-0.0,0.014124221700991223,-0.0,0.06122347829900878,-0.0,0.12531451189720988,0.0753477
2019-08-03 20:00:00,-0.0,0.014322595601286044,-0.0,0.017730274398713955,-0.0,0.1066510651617215,0.03205287
2019-08-03 21:00:00,-0.0,0.014401945161403971,-0.0,0.01822277483859603,-0.0,0.08746919691056779,0.03262472
2019-08-03 22:00:00,-0.0,0.013965522580755367,-0.0,0.005181097419244633,-0.0,0.08201541015346818,0.01914662
2019-08-03 23:00:00,-0.0,0.015314465102760147,-0.0,0.0013811348972398545,-0.0,0.08056158394584728,0.0166956
2019-08-04 00:00:00,-0.0,0.016346009384293213,-0.0,0.0,0.002743679384293214,0.08316807936092584,0.01360233
2019-08-04 01:00:00,-0.0,0.017060155425354568,-0.0,0.0,0.006479495425354568,0.08932360001501267,0.01058066
2019-08-04 02:00:00,-0.0,0.01686178152505975,-0.0,0.0,0.004484461525059748,0.09358383846381943,0.01237732
2019-08-04 03:00:00,-0.0,0.015512839003054968,-0.0,0.0,0.0016966090030549677,0.09519561701672165,0.01381623
2019-08-04 04:00:00,-0.0,0.015274790322701183,-0.0,0.009096579677298816,-0.0,0.08562026998798605,0.02437137
2019-08-04 05:00:00,-0.0,0.014759018181934648,-0.0,0.02799782181806535,-0.0,0.056148878600548846,0.04275684
2019-08-04 06:00:00,-0.0,0.013687799120342617,-0.0,0.03689688087965738,-0.0,0.017310056621962132,0.05058468
2019-08-04 07:00:00,0.01259215999503856,0.01408454692093226,-0.0,0.014742443084029184,-0.0,0.0017916954808787793,0.04141915
2019-08-04 08:00:00,0.032815932108282306,0.016742757184882856,-0.0,0.0017021107068348404,-0.0,-0.0,0.0512608
2019-08-04 09:00:00,0.04665331155411475,0.017417228445885245,-0.0,0.0,-0.0,-0.0,0.06407054
2019-08-04 10:00:00,0.0547253193547044,0.017020480645295603,-0.0,0.0,-0.0,-0.0,0.0717458
2019-08-04 11:00:00,0.06869438269782949,0.014917717302170506,-0.0,0.0,-0.0,-0.0,0.0836121
2019-08-04 12:00:00,0.08991222680876168,0.015036741642347399,-0.0,0.0,0.004459468451109093,0.0042364950285536385,0.1004895
2019-08-04 13:00:00,0.14805327509318064,0.01638568416435218,-0.0,0.0,0.05923175925753282,0.06050666632320982,0.1052072
2019-08-04 14:00:00,0.14232956600452676,0.017496578006003172,-0.0,0.0,0.07713505401052992,0.13378496763321324,0.08269109000000001
2019-08-04 15:00:00,0.12134263267946249,0.017496578006003172,-0.0,0.0,0.08143265068546567,0.2111459857844056,0.05740656
2019-08-04 16:00:00,0.08814511996526993,0.01575088768340875,-0.0,0.0,0.05062944764867868,0.25924396105065034,0.05326656
2019-08-04 17:00:00,0.03968438301466697,0.014401945161403971,-0.0,0.011640921823929055,-0.0,0.246990359130725,0.06572725
2019-08-04 18:00:00,0.0007631612118205187,0.014679668621816721,-0.0,0.10392587016636276,-0.0,0.13759470632402737,0.1193687
2019-08-04 19:00:00,-0.0,0.0160286111438215,-0.0,0.0322274888561785,-0.0,0.1036710338438395,0.0482561
2019-08-04 20:00:00,-0.0,0.016544383284588033,-0.0,0.03303974671541196,-0.0,0.06889235309077427,0.04958413
2019-08-04 21:00:00,-0.0,0.01543348944293704,-0.0,0.020182060557062963,-0.0,0.047648078820181676,0.03561555
2019-08-04 22:00:00,-0.0,0.014639993841757756,-0.0,0.012243146158242244,-0.0,0.03476055654834773,0.02688314
2019-08-04 23:00:00,-0.0,0.014838367742052577,-0.0,0.0028397222579474232,-0.0,0.03177137522419255,0.01767809
2019-08-05 00:00:00,-0.0,0.013648124340283653,-0.0,0.0,0.007112193340283653,0.03852795889746202,0.006535931
2019-08-05 01:00:00,-0.0,0.013013327859340229,-0.0,0.0,0.0062217648593402295,0.04443863551383524,0.006791563
2019-08-05 02:00:00,-0.0,0.012338856598337838,-0.0,0.0,0.004542841598337838,0.04875433503225619,0.007796015
2019-08-05 03:00:00,-0.0,0.010156743695094813,-0.0,0.0,0.0027766386950948112,0.051392141792596255,0.007380105000000001
2019-08-05 04:00:00,-0.0,0.009720321114446207,-0.0,0.005092808885553794,-0.0,0.046031290334118576,0.01481313
2019-08-05 05:00:00,-0.0,0.011862759237630268,-0.0,0.024493140762369726,-0.0,0.020249036900045182,0.0363559
2019-08-05 06:00:00,0.0003815806059102594,0.014243246041168115,-0.0,0.018138543352921626,-0.0,0.0011558333706539995,0.03276337
2019-08-05 07:00:00,0.028236964837359192,0.013806823460519509,-0.0,0.0010980417021212996,-0.0,-0.0,0.04314183
2019-08-05 08:00:00,0.010095768856178498,0.0160286111438215,-0.0,0.0,-0.0,-0.0,0.02612438
2019-08-05 09:00:00,0.04901268,-0.0,-0.0,0.0,-0.0,-0.0,0.04901268
2019-08-05 10:00:00,0.05358495,-0.0,-0.0,0.0,-0.0,-0.0,0.05358495
2019-08-05 11:00:00,0.045903317125918754,0.022932022874081255,-0.0,0.0,-0.0,-0.0,0.06883534000000001
2019-08-05 12:00:00,0.09790127,-0.0,-0.0,0.0,-0.0,-0.0,0.09790127
2019-08-05 13:00:00,0.08683244999999999,-0.0,-0.0,0.0,-0.0,-0.0,0.08683244999999999
2019-08-05 14:00:00,0.1400400823690652,0.020789584750897195,-0.0,0.0,0.1091360471199624,0.10367924476396427,0.05169362
2019-08-05 15:00:00,0.03694933295862432,0.022138527272901977,-0.0,0.0,0.006828950231526296,0.11016674748391425,0.05225891
2019-08-05 16:00:00,0.06410554179292358,0.02412226627585018,-0.0,0.0,0.05305211806877375,0.1605662596492493,0.03517569
2019-08-05 17:00:00,0.0244211587782566,0.026225029618975278,-0.0,0.0,0.0009832683972318783,0.1615003646266196,0.04966292
2019-08-05 18:00:00,-0.0,0.029121288563279658,-0.0,0.05103643143672035,-0.0,0.10777780521954555,0.08015772
2019-08-05 19:00:00,-0.0,0.030232182404930655,-0.0,0.011403667595069347,-0.0,0.09577394459315676,0.04163585
2019-08-05 20:00:00,-0.0,0.03019250762487169,-0.0,0.00443479237512831,-0.0,0.09110574209302169,0.0346273
2019-08-05 21:00:00,-0.0,0.031025678006109936,-0.0,0.0,0.002525888006109936,0.09350533569882613,0.02849979
2019-08-05 22:00:00,-0.0,0.03158112492693543,-0.0,0.0,0.009201804926935432,0.1022470503794148,0.02237932
2019-08-05 23:00:00,-0.0,0.03126372668646372,-0.0,0.0,0.01876781668646372,0.12007647623155533,0.01249591
2019-08-06 00:00:00,-0.0,0.030033808504635832,-0.0,0.0,0.02079585650463583,0.13983253991095937,0.009237952
2019-08-06 01:00:00,-0.0,0.02816909384186452,-0.0,0.0,0.013638753841864519,0.15278935606073066,0.01453034
2019-08-06 02:00:00,-0.0,0.026661452199623886,-0.0,0.0,0.017545842199623886,0.16945790615037334,0.00911561
2019-08-06 03:00:00,-0.0,0.025748932258267708,-0.0,0.0,0.014792062258267707,0.18351036529572767,0.01095687
2019-08-06 04:00:00,-0.0,0.02344779501484779,-0.0,0.0,0.0066682250148477895,0.18984517905983309,0.01677957
2019-08-06 05:00:00,-0.0,0.019916739589599983,-0.0,0.006577170410400016,-0.0,0.18292184178572782,0.02649391
2019-08-06 06:00:00,-0.0,0.015076416422406362,-0.0,0.02314599357759365,-0.0,0.15855763801983977,0.03822241000000001
2019-08-06 07:00:00,0.019842191507333486,0.010474141935566526,-0.0,0.004793786557099989,-0.0,0.15351154690710295,0.03511012
2019-08-06 08:00:00,0.0488423175565132,0.008768126393031069,-0.0,0.001531176050455746,-0.0,0.15189978264346532,0.05914162000000001
2019-08-06 09:00:00,0.07860560481751343,0.008768126393031069,-0.0,0.0,0.036537891210544494,0.1866107792934826,0.05083584
2019-08-06 10:00:00,0.10684256965487264,0.010870889736156167,-0.0,0.0,0.0632089493910288,0.24665928121495995,0.05450451000000001
2019-08-06 11:00:00,0.12630318055629586,0.013092677419458158,-0.0,0.0,0.07806689797575402,0.32082283429192626,0.06132896
2019-08-06 12:00:00,0.12630318055629586,0.015155765982524291,-0.0,0.0,0.06318070653882014,0.3808445055038054,0.07827824
2019-08-06 13:00:00,0.11065837571397522,0.01614763548399839,-0.0,0.0,0.0708096611979736,0.4481136836418803,0.05599635
2019-08-06 14:00:00,0.08661879754162888,0.016941131085177676,-0.0,0.0,0.04581013862680655,0.49163331533734655,0.05774979
2019-08-06 15:00:00,0.05990815512791072,0.017972675366710742,-0.0,0.0,0.03639198049462146,0.526205696807237,0.04148885
2019-08-06 16:00:00,0.03434225453192334,0.018250398827123492,-0.0,0.0,0.007173833359046835,0.5330208384983315,0.04541882
2019-08-06 17:00:00,0.01144741817730778,0.018012350146769707,-0.0,0.02975459167592251,-0.0,0.501700215681571,0.05921436
2019-08-06 18:00:00,-0.0,0.017258529325649388,-0.0,0.062255530674350607,-0.0,0.436168078129623,0.07951406
2019-08-06 19:00:00,-0.0,0.013886173020637438,-0.0,0.05739882697936256,-0.0,0.3757482602566098,0.071285
2019-08-06 20:00:00,-0.0,0.00761755777132111,-0.0,0.03651477222867889,-0.0,0.337311657910632,0.04413233
2019-08-06 21:00:00,-0.0,0.003808778885660555,-0.0,0.009934321114339444,-0.0,0.3268544777902747,0.0137431
2019-08-06 22:00:00,-0.0,0.0024201615835968107,-0.0,0.013439298416403189,-0.0,0.31270784787827133,0.01585946
2019-08-06 23:00:00,-0.0,0.0024201615835968107,-0.0,0.00871001841640319,-0.0,0.30353940743995217,0.01113018
2019-08-07 00:00:00,-0.0,0.0026978850440095596,-0.0,0.01185192495599044,-0.0,0.29106369695996226,0.01454981
2019-08-07 01:00:00,-0.0,0.0032533319648350573,-0.0,0.002869702035164942,-0.0,0.2880429579755781,0.006123033999999999
2019-08-07 02:00:00,-0.0,0.0037294293255426265,-0.0,0.005324172674457372,-0.0,0.28243856568667564,0.009053602
2019-08-07 03:00:00,-0.0,0.004007152785955375,0.005883163214044624,0.0,-0.0,0.28243856568667564,0.009890316
2019-08-07 04:00:00,-0.0,0.00424520146630916,-0.0,0.019640308533690837,-0.0,0.2617645567038432,0.02388551
2019-08-07 05:00:00,-0.0,0.004721298827016729,-0.0,0.023482251172983273,-0.0,0.2370463975743871,0.02820355
2019-08-07 06:00:00,-0.0,0.005395770088019119,-0.0,0.049520709911980876,-0.0,0.18491933450914408,0.05491648
2019-08-07 07:00:00,0.014118482418679596,0.005157721407665334,-0.0,0.021786936173655066,-0.0,0.161985717484244,0.04106314
2019-08-07 08:00:00,0.04235544725603879,0.004443575366603981,-0.0,0.04105912737735723,-0.0,0.11876558340281534,0.08785815
2019-08-07 09:00:00,0.07440821815250058,0.00424520146630916,-0.0,0.0,0.007174119618809746,0.1255809970406846,0.0714793
2019-08-07 10:00:00,0.09921095753666745,0.005078371847547406,-0.0,0.0,0.029256349384214855,0.1533745289556887,0.07503298
2019-08-07 11:00:00,0.12096105207355223,0.00579251788860876,-0.0,0.0,0.066852089962161,0.21688401441974164,0.05990148
2019-08-07 12:00:00,0.1297374060094882,0.0065066639296701145,-0.0,0.0,0.042774729939158304,0.257520007861942,0.09346934
2019-08-07 13:00:00,0.1285926641917574,0.007101785630554576,-0.0,0.0,0.06371222982231199,0.3180466261931384,0.07198222
2019-08-07 14:00:00,0.11676366540853937,0.0074985334311442175,-0.0,0.0,0.06142104883968359,0.3763966225908378,0.06284115
2019-08-07 15:00:00,0.09234250663028278,0.006982761290377683,-0.0,0.0,0.034301937920660455,0.4089834636154652,0.06502333
2019-08-07 16:00:00,0.05761867149244917,0.005356095307960156,-0.0,0.0,0.01043153680040932,0.4188934235758541,0.05254323
2019-08-07 17:00:00,0.020986933325064266,0.004007152785955375,-0.0,0.05565558388898037,-0.0,0.360308598429559,0.08064967
2019-08-07 18:00:00,-0.0,0.003689754545483662,0.014592673073353388,0.08658957238116295,-0.0,0.269161680133598,0.104872
2019-08-07 19:00:00,-0.0,0.004007152785955375,-0.0,0.06575982721404464,-0.0,0.19994080938197206,0.06976698
2019-08-07 20:00:00,-0.0,0.004007152785955375,0.014592673073353388,0.02695426414069125,-0.0,0.1715678997601918,0.04555409000000001
2019-08-07 21:00:00,-0.0,0.0034517058651298772,-0.0,0.020604434134870123,-0.0,0.1498790217234864,0.02405614
2019-08-07 22:00:00,-0.0,0.0026978850440095596,0.014592673073353388,0.0010236718826370523,-0.0,0.14880147237334215,0.01831423
2019-08-07 23:00:00,-0.0,0.002539185923773703,-0.0,0.011273274076226298,-0.0,0.13693486808257763,0.01381246
2019-08-08 00:00:00,-0.0,0.002499511143714739,0.009519208856285261,0.0,-0.0,0.13693486808257763,0.01201872
2019-08-08 01:00:00,-0.0,0.002777234604127488,0.006025497395872513,0.0,-0.0,0.13693486808257763,0.008802732
2019-08-08 02:00:00,-0.0,0.003094632844599201,-0.0,0.009704927155400798,-0.0,0.1267191552874189,0.01279956
2019-08-08 03:00:00,-0.0,0.0035310554252478057,-0.0,0.007935994574752194,-0.0,0.11836547678767974,0.01146705
2019-08-08 04:00:00,-0.0,0.004443575366603981,-0.0,0.023161244633396017,-0.0,0.09398521927884182,0.02760482
2019-08-08 05:00:00,-0.0,0.005276745747842227,0.014592673073353388,0.01608446117880439,-0.0,0.07705420751167931,0.03595388
2019-08-08 06:00:00,-0.0,0.006308290029375294,-0.0,0.04662388997062471,-0.0,0.02797642859523225,0.05293218
2019-08-08 07:00:00,0.017552707871871933,0.006982761290377683,0.014592673073353388,0.008914857764396997,-0.0,0.01859236779060383,0.048043
2019-08-08 08:00:00,0.045026511497410604,0.007141460410613539,-0.0,0.0,0.009574861908024139,0.027688486603226762,0.04259311
2019-08-08 09:00:00,0.06982925088157746,0.00801430557191075,-0.0,0.0,0.02517383645348821,0.05160363123404056,0.05266972
2019-08-08 10:00:00,0.09425040965983407,0.008371378592441428,-0.0,0.0,0.02341068825227549,0.07384378507370228,0.0792111
2019-08-08 11:00:00,0.11523734298489834,0.007895281231733858,-0.0,0.0,0.0424394842166322,0.11416129507950286,0.08069314
2019-08-08 12:00:00,0.12172421328537275,0.008411053372500392,-0.0,0.0,0.05428432665787315,0.16573140540448233,0.07585093999999999
2019-08-08 13:00:00,0.10913205329033418,0.010434467155507561,-0.0,0.0,0.02056084044584175,0.185264203828032,0.09900568
2019-08-08 14:00:00,0.08890828117709045,0.012219832258160946,-0.0,0.0,0.023575973435251404,0.20766137859152084,0.07755213999999999
2019-08-08 15:00:00,0.06563186421656461,0.011743734897453376,-0.0,0.0,0.019510879114017984,0.22619671374983794,0.05786472
2019-08-08 16:00:00,0.043881769679679834,0.012814953959045408,-0.0,0.002381456361274757,-0.0,0.22368991758007503,0.05907818
2019-08-08 17:00:00,0.019842191507333486,0.014917717302170506,0.014592673073353388,0.030747098117142622,-0.0,0.19132455114097754,0.08009968
2019-08-08 18:00:00,-0.0,0.01650470850452907,-0.0,0.060159511495470934,-0.0,0.12799874956679763,0.07666422
2019-08-08 19:00:00,-0.0,0.018210724047064527,0.014592673073353388,0.030813582879582087,-0.0,0.09556339916723755,0.06361698
2019-08-08 20:00:00,-0.0,0.018528122287536242,0.004688258085504372,0.033763049626959384,-0.0,0.06002334692833294,0.05697943
2019-08-08 21:00:00,-0.0,0.022773323753845397,0.014592673073353388,0.012665533172801212,-0.0,0.046691206746436925,0.05003153
2019-08-08 22:00:00,-0.0,0.02439998973626293,-0.0,0.0,0.00776254973626293,0.05406562899588671,0.01663744
2019-08-08 23:00:00,-0.0,0.0264234035192701,-0.0,0.0,0.0118120635192701,0.0652870893391933,0.01461134
2019-08-09 00:00:00,-0.0,0.02634405395915217,-0.0,0.0,0.01403839395915217,0.07862356360038787,0.01230566
2019-08-09 01:00:00,-0.0,0.024320640176145,-0.0,0.0,0.010206670176144999,0.08831990026772563,0.01411397
2019-08-09 02:00:00,-0.0,0.02241625073331472,-0.0,0.0,0.006626420733314719,0.09461499996437461,0.01578983
2019-08-09 03:00:00,-0.0,0.020987958651192015,-0.0,0.0,0.012717379651192014,0.10669651063300703,0.008270579
2019-08-09 04:00:00,-0.0,0.020948283871133053,-0.0,0.005931246128866946,-0.0,0.10045309365525235,0.02687953
2019-08-09 05:00:00,-0.0,0.021583080352076477,0.007786739647923525,0.0,-0.0,0.10045309365525235,0.02936982
2019-08-09 06:00:00,-0.0,0.021464056011899584,0.014592673073353388,0.019303000914747036,-0.0,0.08013414532393967,0.05535973
2019-08-09 07:00:00,0.016407966054141153,0.020987958651192015,0.0006601552946668317,0.0,-0.0,0.08013414532393967,0.03805608
2019-08-09 08:00:00,0.03777647998511568,0.02197982815266612,0.012423791862218196,0.0,-0.0,0.08013414532393967,0.0721801
2019-08-09 09:00:00,0.05761867149244917,0.022932022874081255,-0.0,0.0,0.025595754366530422,0.10445011197214357,0.05495494
2019-08-09 10:00:00,0.07631612118205189,0.024003241935673287,-0.0,0.0,0.054386143117725175,0.15611694793398248,0.04593322
2019-08-09 11:00:00,0.09234250663028278,0.025312509677619104,-0.0,0.0,0.012276416307901869,0.16777954342648926,0.1053786
2019-08-09 12:00:00,0.09844779632484692,0.026264704399034243,-0.0,0.0,0.07685608072388117,0.24079282011417638,0.04785642
2019-08-09 13:00:00,0.0976846351130264,0.026502753079388028,-0.0,0.0,0.017803588192414427,0.2577062288969701,0.1063838
2019-08-09 14:00:00,0.0873819587534494,0.02566958269814978,-0.0,0.0,0.06234234145159917,0.3169314532759893,0.0507092
2019-08-09 15:00:00,0.06525028361065437,0.024519014076439822,-0.0,0.0,0.036620557687094185,0.3517209830787288,0.05314874
2019-08-09 16:00:00,0.04006596362057723,0.023249421114552967,0.0047522252648697985,0.0,-0.0,0.3517209830787288,0.06806761
2019-08-09 17:00:00,0.01335532120685908,0.022059177712784046,0.014592673073353388,0.015321078007003474,-0.0,0.33559353254504093,0.06532824999999999
2019-08-09 18:00:00,-0.0,0.02074990997083823,-0.0,0.08202239002916177,-0.0,0.24925417461960747,0.1027723
2019-08-09 19:00:00,-0.0,0.019956414369658948,-0.0,0.05823940563034105,-0.0,0.18794953711398532,0.07819582
2019-08-09 20:00:00,-0.0,0.018885195308066916,-0.0,0.015360534691933086,-0.0,0.17178055322773997,0.03424573
2019-08-09 21:00:00,-0.0,0.01884552052800795,-0.0,0.016902779471992046,-0.0,0.1539881537835378,0.0357483
2019-08-09 22:00:00,-0.0,0.020511861290484445,0.003787938709515555,0.0,-0.0,0.1539881537835378,0.0242998
2019-08-09 23:00:00,-0.0,0.02396356715561432,-0.0,0.0,0.005463787155614321,0.1591787515813714,0.01849978
2019-08-10 00:00:00,-0.0,0.027018525220154563,-0.0,0.0,0.010044565220154563,0.16872108854051823,0.01697396
2019-08-10 01:00:00,-0.0,0.029279987683515512,-0.0,0.0,0.018153327683515512,0.18596674983985798,0.01112666
2019-08-10 02:00:00,-0.0,0.030271857184989617,-0.0,0.0,0.018722477184989615,0.2037531031655981,0.01154938
2019-08-10 03:00:00,-0.0,0.030113158064753762,-0.0,0.0,0.014738438064753763,0.21775461932711418,0.01537472
2019-08-10 04:00:00,-0.0,0.028645191202572088,-0.0,0.0,0.0013594012025720872,0.21904605046955766,0.02728579
2019-08-10 05:00:00,-0.0,0.0258679565984446,0.006951293401555387,0.0,-0.0,0.21904605046955766,0.03281924999999999
2019-08-10 06:00:00,-0.0,0.023011372434199182,-0.0,0.029199947565800816,-0.0,0.1883092635581884,0.05221132
2019-08-10 07:00:00,0.01335532120685908,0.020234137830071698,-0.0,0.024173060963069218,-0.0,0.16286393622864184,0.05776252
2019-08-10 08:00:00,0.035486996349654125,0.018369423167300385,0.014034750483045491,0.0,-0.0,0.16286393622864184,0.06789117
2019-08-10 09:00:00,0.05685551028062864,0.017694951906297995,-0.0,0.0,0.009082052186926634,0.17149188580622216,0.06546841
2019-08-10 10:00:00,0.07593454057614162,0.018488447507477277,-0.0,0.0,0.010754488083618896,0.1817086494856601,0.08366849999999999
2019-08-10 11:00:00,0.08700037814753914,0.01975804046936413,-0.0,0.0,0.012241438616903272,0.1933380161717182,0.09451698
2019-08-10 12:00:00,0.0854740557238981,0.021900478592548192,0.014592673073353388,0.007842992610200305,-0.0,0.1850822344767705,0.1298102
2019-08-10 13:00:00,0.07784244360569291,0.02507446099726532,-0.0,0.0,0.02533034460295823,0.20914606184958082,0.07758656
2019-08-10 14:00:00,0.07059241209339799,0.02848649208233623,-0.0,0.0,0.04052630417573422,0.24764605081652832,0.0585526
2019-08-10 15:00:00,0.06028973573382098,0.030073483284694797,-0.0,0.0,0.027633599018515774,0.2738979698841183,0.06272962
2019-08-10 16:00:00,0.038921221802846455,0.029002264223102765,-0.0,0.0,0.0026905960259492184,0.27645403610877006,0.06523289
2019-08-10 17:00:00,0.013736901812769337,0.026740801759741813,-0.0,0.05352073642748885,-0.0,0.2201164188166765,0.09399844
2019-08-10 18:00:00,-0.0,0.024360314956203964,-0.0,0.11457708504379602,-0.0,0.0995089608758386,0.1389374
2019-08-10 19:00:00,-0.0,0.022455925513373685,0.014592673073353388,0.06198140141327293,-0.0,0.03426538044081447,0.09903
2019-08-10 20:00:00,-0.0,0.02170210469225337,0.014592673073353388,0.016934752234393245,-0.0,0.016439325457242637,0.05322953
2019-08-10 21:00:00,-0.0,0.020948283871133053,0.014592673073353388,0.008600123055513558,-0.0,0.007386564346175734,0.04414108
2019-08-10 22:00:00,-0.0,0.020948283871133053,-0.0,0.007017236128866948,-0.0,-0.0,0.02796552
2019-08-10 23:00:00,-0.0,0.02130535689166373,0.005289673108336269,0.0,-0.0,-0.0,0.02659503
2019-08-11 00:00:00,-0.0,0.020868934311015122,-0.0,0.0,0.011338258311015122,0.010771345395464366,0.009530676
2019-08-11 01:00:00,-0.0,0.020194463050012733,-0.0,0.0,0.005882003050012732,0.016359248292976462,0.01431246
2019-08-11 02:00:00,-0.0,0.01959934134912827,-0.0,0.0,0.01001576034912827,0.02587422062464832,0.009583581
2019-08-11 03:00:00,-0.0,0.01959934134912827,-0.0,0.0,0.0068877713491282706,0.032417603406320175,0.01271157
2019-08-11 04:00:00,-0.0,0.019837390029482056,-0.0,0.011822809970517944,-0.0,0.019972540279459182,0.0316602
2019-08-11 05:00:00,-0.0,0.019916739589599983,0.004768670410400019,0.0,-0.0,0.019972540279459182,0.02468541
2019-08-11 06:00:00,-0.0,0.01932161788871552,0.014592673073353388,0.013484839037931089,-0.0,0.005777972871110667,0.04739913
2019-08-11 07:00:00,0.01831586908369245,0.017536252786062138,0.013532708130245406,0.0,-0.0,0.005777972871110667,0.04938483
2019-08-11 08:00:00,0.0488423175565132,0.016266659824175286,-0.0,0.0,0.016030717380688488,0.02100715438276473,0.04907826
2019-08-11 09:00:00,0.07288189572885954,0.016465033724470106,-0.0,0.0,0.018979989453329647,0.039038144363427896,0.07036694
2019-08-11 10:00:00,0.09043460360073147,0.017734626686356957,-0.0,0.0,0.05083048028708842,0.08732710063616189,0.05733875
2019-08-11 11:00:00,0.11103995631988547,0.01948031700895138,-0.0,0.0,0.05525773332883685,0.1398219472985569,0.07526254
2019-08-11 12:00:00,0.11600050419671885,0.022138527272901977,-0.0,0.0,0.009238231469620814,0.14859826719469668,0.1289008
2019-08-11 13:00:00,0.11256627874352651,0.024677713196675676,-0.0,0.0,0.04174652194020219,0.18825746303788876,0.09549747
2019-08-11 14:00:00,0.09043460360073147,0.02392389237555536,-0.0,0.0,0.032901255976286826,0.21951365621536123,0.08145724
2019-08-11 15:00:00,0.06448712239883383,0.02182112903243026,-0.0,0.0,0.026379011431264095,0.24457371707506212,0.05992924
2019-08-11 16:00:00,0.035486996349654125,0.019242268328597593,-0.0,0.0,0.0005751446782517183,0.24512010451940125,0.05415412
2019-08-11 17:00:00,0.011065837571397523,0.01872649618783106,0.014592673073353388,0.03360909316741803,-0.0,0.2097421117115928,0.0779941
2019-08-11 18:00:00,-0.0,0.01928194310865656,0.014592673073353388,0.06334751381799004,-0.0,0.1430605182189717,0.09722213
2019-08-11 19:00:00,-0.0,0.019202593548538628,0.014592673073353388,0.05054154337810798,-0.0,0.08985889361043699,0.08433681
2019-08-11 20:00:00,-0.0,0.018885195308066916,-0.0,0.029926134691933084,-0.0,0.05835769919787585,0.04881133
2019-08-11 21:00:00,-0.0,0.019043894428302774,0.013531748299562628,0.002157547272134594,-0.0,0.05608659680615522,0.03473319
2019-08-11 22:00:00,-0.0,0.018488447507477277,0.013763922492522725,0.0,-0.0,0.05608659680615522,0.03225237
2019-08-11 23:00:00,-0.0,0.017417228445885245,-0.0,0.0,0.002073688445885246,0.0580566008297462,0.01534354
2019-08-12 00:00:00,-0.0,0.016663407624764925,-0.0,0.0,0.0060546276247649255,0.06380849707327288,0.01060878
2019-08-12 01:00:00,-0.0,0.015988936363762536,-0.0,0.0,0.002983646363762537,0.0666429611188473,0.01300529
2019-08-12 02:00:00,-0.0,0.015314465102760147,-0.0,0.0,0.003559625102760146,0.07002460496646944,0.01175484
2019-08-12 03:00:00,-0.0,0.014124221700991223,-0.0,0.0,0.004709785700991223,0.0744989013824111,0.009414436
2019-08-12 04:00:00,-0.0,0.012894303519163337,0.009236616480836662,0.0,-0.0,0.0744989013824111,0.02213092
2019-08-12 05:00:00,-0.0,0.012378531378396803,-0.0,0.0175991386216032,-0.0,0.05597349230703931,0.02997767
2019-08-12 06:00:00,-0.0,0.011426336656981664,-0.0,0.029549663343018333,-0.0,0.02486858352491475,0.040976
2019-08-12 07:00:00,0.021750094536884784,0.009720321114446207,-0.0,0.023625154348669013,-0.0,-0.0,0.05509557
2019-08-12 08:00:00,0.056092349068808126,0.005787930931191877,-0.0,0.0,-0.0,-0.0,0.06188028
2019-08-12 09:00:00,0.05441577,-0.0,-0.0,0.0,-0.0,-0.0,0.05441577
2019-08-12 10:00:00,0.11343766935204366,-0.0,-0.0,0.0,0.06191528935204366,0.058819524884441476,0.05152238
2019-08-12 11:00:00,0.14500063024589857,0.015790562463467717,-0.0,0.0,0.08262131270936628,0.13730977195833943,0.07816988000000001
2019-08-12 12:00:00,0.15911911266457815,0.01717917976553146,-0.0,0.0,0.06735149243010961,0.20129368976694356,0.1089468
2019-08-12 13:00:00,0.16789546660051413,0.017774301466415923,-0.0,0.0,0.11766163806693006,0.3130722459305271,0.06800813
2019-08-12 14:00:00,0.15454014539365507,0.017099830205413533,-0.0,0.0,0.1145061455990686,0.4218530842496423,0.05713383
2019-08-12 15:00:00,0.1201978908617317,0.014362270381345008,-0.0,0.0,0.09554251124307671,0.5126184699305651,0.03901765
2019-08-12 16:00:00,0.07250031512294929,0.011307312316804772,-0.0,0.0,0.02147617743975406,0.5330208384983315,0.06233145
2019-08-12 17:00:00,0.02671064241371816,0.00916487419362071,-0.0,0.03023797339266113,-0.0,0.5011913928218461,0.06611349
2019-08-12 18:00:00,-0.0,0.008133329912087643,-0.0,0.10962087008791235,-0.0,0.3858010032556226,0.1177542
2019-08-12 19:00:00,-0.0,0.00801430557191075,-0.0,0.07120703442808925,-0.0,0.3108462301734234,0.07922134
2019-08-12 20:00:00,-0.0,0.008450728152559355,-0.0,0.023038451847440643,-0.0,0.28659522822874905,0.03148918
2019-08-12 21:00:00,-0.0,0.009958369794799991,-0.0,0.019442560205200007,-0.0,0.2661293753811701,0.02940093
2019-08-12 22:00:00,-0.0,0.011545360997158556,-0.0,0.004244909002841442,-0.0,0.2616610501150212,0.01579027
2019-08-12 23:00:00,-0.0,0.012814953959045408,-0.0,0.004911906040954593,-0.0,0.25649062270349005,0.01772686
2019-08-13 00:00:00,-0.0,0.012656254838809552,-0.0,0.0,0.001652694838809551,0.2580606828003591,0.01100356
2019-08-13 01:00:00,-0.0,0.011704060117394412,-0.0,0.0,0.0027753981173944137,0.2606973110118838,0.008928661999999999
2019-08-13 02:00:00,-0.0,0.010553491495684453,-0.0,0.0,0.004948730495684454,0.26539860498278406,0.005604761
2019-08-13 03:00:00,-0.0,0.009244223753738639,-0.0,0.0,0.001332257753738639,0.26666424984883574,0.007911966
2019-08-13 04:00:00,-0.0,0.008847475953148998,0.005782372774187878,0.008096681272663126,-0.0,0.25814142745655877,0.02272653
2019-08-13 05:00:00,-0.0,0.00896650029332589,-0.0,0.015232709706674109,-0.0,0.24210699618637552,0.02419921
2019-08-13 06:00:00,-0.0,0.008847475953148998,-0.0,0.025404454046851002,-0.0,0.21536546561074288,0.03425193
2019-08-13 07:00:00,0.022513255748705302,0.00761755777132111,-0.0,0.008054916479973591,-0.0,0.2068866061581391,0.03818573
2019-08-13 08:00:00,0.05342128482743632,0.007141460410613539,-0.0,0.0,0.01745905523804986,0.22347270863428648,0.04310369
2019-08-13 09:00:00,0.07898718542342369,0.0069034117302597545,-0.0,0.0,0.023776307153683438,0.24606020043028573,0.06211429
2019-08-13 10:00:00,0.09539515147756485,0.007300159530849396,-0.0,0.0,0.037537541008414235,0.28172086438827926,0.06515777
2019-08-13 11:00:00,0.10875047268442392,0.008887150733207961,-0.0,0.0,0.060169533417631885,0.3388819211350295,0.05746809
2019-08-13 12:00:00,0.11409260116716755,0.01003771935491792,-0.0,0.0,0.006131820522085454,0.3447071506310107,0.1179985
2019-08-13 13:00:00,0.1072241502607829,0.010434467155507561,-0.0,0.0,0.06702072741629046,0.40837684167648663,0.05063789
2019-08-13 14:00:00,0.09386882905392381,0.010394792375448597,-0.0,0.0,0.0719876114293724,0.47676507253439043,0.03227601
2019-08-13 15:00:00,0.0732634763347698,0.009879020234682064,-0.0,0.0,0.017052046569451862,0.4929645167753697,0.06609045000000001
2019-08-13 16:00:00,0.04540809210332086,0.008768126393031069,-0.0,0.009645901503648066,-0.0,0.4828109362452138,0.06382212
2019-08-13 17:00:00,0.016407966054141153,0.0075778829912621455,-0.0,0.010273640954596697,-0.0,0.4719965773456383,0.03425949
2019-08-13 18:00:00,-0.0,0.006784387390082864,0.014592673073353388,0.06557747953656375,-0.0,0.4029676515176765,0.08695454
2019-08-13 19:00:00,-0.0,0.006347964809434258,-0.0,0.07556763519056574,-0.0,0.32342277236971256,0.08191559999999999
2019-08-13 20:00:00,-0.0,0.0064273143695521865,-0.0,0.026618995630447815,-0.0,0.29540277696924117,0.03304631
2019-08-13 21:00:00,-0.0,0.006863736950200791,0.014592673073353388,0.008242119976445821,-0.0,0.28672686120456137,0.02969853
2019-08-13 22:00:00,-0.0,0.0076572325513800735,0.010559637448619926,0.0,-0.0,0.28672686120456137,0.01821687
2019-08-13 23:00:00,-0.0,0.008728451612972105,-0.0,0.009784628387027896,-0.0,0.27642725237611093,0.01851308
2019-08-14 00:00:00,-0.0,0.009283898533797602,-0.0,0.0021906814662023977,-0.0,0.27412127188537155,0.01147458
2019-08-14 01:00:00,-0.0,0.009244223753738639,-0.0,0.0,0.0002579267537386378,0.2743663023014233,0.008986297
2019-08-14 02:00:00,-0.0,0.008847475953148998,-0.0,0.004340934046851002,-0.0,0.26979689804158014,0.01318841
2019-08-14 03:00:00,-0.0,0.009125199413561746,-0.0,0.0012966505864382537,-0.0,0.2684320026874346,0.01042185
2019-08-14 04:00:00,-0.0,0.008847475953148998,-0.0,0.016161884046851004,-0.0,0.25141949316443357,0.02500936
2019-08-14 05:00:00,-0.0,0.008371378592441428,0.014592673073353388,0.017310198334205183,-0.0,0.23319823176000704,0.04027425
2019-08-14 06:00:00,-0.0,0.009244223753738639,-0.0,0.033415856246261366,-0.0,0.19802364623762664,0.04266008
2019-08-14 07:00:00,0.016789546660051412,0.009879020234682064,-0.0,0.014803633105266521,-0.0,0.18244087454787242,0.0414722
2019-08-14 08:00:00,0.04426335028559009,0.01003771935491792,-0.0,0.012299940359491987,-0.0,0.1694935689063019,0.06660101
2019-08-14 09:00:00,0.07250031512294929,0.010751865395979275,-0.0,0.0,0.023936350518928562,0.19223310189928405,0.05931583
2019-08-14 10:00:00,0.09425040965983407,0.010751865395979275,-0.0,0.0,0.05141439505581335,0.24107677720230672,0.05358788
2019-08-14 11:00:00,0.10455308601941107,0.010593166275743419,-0.0,0.0,0.008846752295154484,0.24948119188270348,0.1062995
2019-08-14 12:00:00,0.10493466662532135,0.010117068915035849,-0.0,0.0,0.028035365540357196,0.2761147891460428,0.08701637
2019-08-14 13:00:00,0.09806621571893666,0.010156743695094813,-0.0,0.0,0.034099749414031474,0.3085095510893727,0.07412321
2019-08-14 14:00:00,0.0854740557238981,0.010870889736156167,-0.0,0.0,0.021804895460054277,0.3292242017764243,0.07454005
2019-08-14 15:00:00,0.06334238058110306,0.011704060117394412,-0.0,0.0,0.023849590698497472,0.3518813129399969,0.05119685
2019-08-14 16:00:00,0.039302802408756714,0.012100807917984053,-0.0,0.03414125967325924,-0.0,0.31594314486288194,0.08554487000000001
2019-08-14 17:00:00,0.014500063024589857,0.011743734897453376,-0.0,0.04364306207795676,-0.0,0.2700030795176643,0.06988686
2019-08-14 18:00:00,-0.0,0.010712190615920311,-0.0,0.11039970938407968,-0.0,0.1537928591133699,0.1211119
2019-08-14 19:00:00,-0.0,0.009323573313856566,0.014592673073353388,0.05506336361279004,-0.0,0.09583142373148565,0.07897960999999999
2019-08-14 20:00:00,-0.0,0.007696907331439038,0.014592673073353388,0.024234809595207574,-0.0,0.07032109784179347,0.04652439
2019-08-14 21:00:00,-0.0,0.007379509090967324,0.014592673073353388,0.011608607835679288,-0.0,0.058101510646341586,0.03358079
2019-08-14 22:00:00,-0.0,0.007022436070436647,-0.0,0.015519593929563355,-0.0,0.04176509598364332,0.02254203
2019-08-14 23:00:00,-0.0,0.0076572325513800735,-0.0,0.008746317448619926,-0.0,0.03255844603772761,0.01640355
2019-08-15 00:00:00,-0.0,0.008609427272795213,-0.0,0.004092042727204787,-0.0,0.028251032640669943,0.01270147
2019-08-15 01:00:00,-0.0,0.008530077712677284,0.0017824122873227165,0.0,-0.0,0.028251032640669943,0.01031249
2019-08-15 02:00:00,-0.0,0.007974630791851787,-0.0,0.0,0.0016023967918517871,0.02977330959292914,0.006372234
2019-08-15 03:00:00,-0.0,0.008133329912087643,-0.0,0.0028560900879123566,-0.0,0.02676689897407403,0.01098942
2019-08-15 04:00:00,-0.0,0.008926825513266925,0.014592673073353388,0.0054129514133796856,-0.0,0.021069055381042784,0.02893245
2019-08-15 05:00:00,-0.0,0.009720321114446207,0.014592673073353388,0.012542205812200403,-0.0,0.007866733473463413,0.0368552
2019-08-15 06:00:00,0.0007631612118205187,0.010117068915035849,0.014592673073353388,0.007473396799790243,-0.0,-0.0,0.0329463
2019-08-15 07:00:00,0.030526448472820752,0.009045849853443817,-0.0,0.0,0.0022827083262645723,0.0021685729099513436,0.03728959
2019-08-15 08:00:00,0.07211873451703903,0.008331703812382463,-0.0,0.0,0.011307638329421499,0.012910829322901768,0.06914279999999999
2019-08-15 09:00:00,0.10684256965487264,0.009442597654033458,-0.0,0.0,0.037579197308906104,0.048611066766362565,0.07870597
2019-08-15 10:00:00,0.13851375994542414,0.01003771935491792,-0.0,0.0,0.07530023930034206,0.12014629410168752,0.07325124
2019-08-15 11:00:00,0.15454014539365507,0.009839345454623099,-0.0,0.0,0.08266078084827817,0.19867403590755178,0.08171871
2019-08-15 12:00:00,0.15644804842320634,0.008807801173090032,-0.0,0.0,0.04037124959629637,0.23702672302403333,0.1248846
2019-08-15 13:00:00,0.14957959751682168,0.008609427272795213,-0.0,0.0,0.0933664947896169,0.32572489307416935,0.06482253
2019-08-15 14:00:00,0.1388953405513344,0.00936324809391553,-0.0,0.0,0.08567882864524994,0.4071197802871568,0.06257976
2019-08-15 15:00:00,0.10760573086669313,0.01003771935491792,-0.0,0.0,0.05555953022161105,0.4599013339976873,0.06208392
2019-08-15 16:00:00,0.06448712239883383,0.009879020234682064,-0.0,0.0,0.014881992633515903,0.4740392269995274,0.05948415
2019-08-15 17:00:00,0.02289483635461556,0.00956162199421035,-0.0,0.06189136165117409,-0.0,0.40889042526144936,0.09434782
2019-08-15 18:00:00,-0.0,0.009402922873974495,-0.0,0.0512594371260255,-0.0,0.3549331230235278,0.06066236
2019-08-15 19:00:00,-0.0,0.009244223753738639,-0.0,0.06943517624626136,-0.0,0.2818434638169369,0.0786794
2019-08-15 20:00:00,-0.0,0.008807801173090032,0.014592673073353388,0.006078885753556579,-0.0,0.27544463670793,0.02947936
2019-08-15 21:00:00,-0.0,0.008411053372500392,-0.0,0.02702316662749961,-0.0,0.24699919815266727,0.03543422
2019-08-15 22:00:00,-0.0,0.009323573313856566,0.008503216686143433,0.0,-0.0,0.24699919815266727,0.01782679
2019-08-15 23:00:00,-0.0,0.010394792375448597,0.007186077624551401,0.0,-0.0,0.24699919815266727,0.01758087
2019-08-16 00:00:00,-0.0,0.012259507038219911,1.956296178008861e-05,0.0,-0.0,0.24699919815266727,0.01227907
2019-08-16 01:00:00,-0.0,0.012695929618868515,-0.0,0.0,0.0006522696188685159,0.24761885429059236,0.01204366
2019-08-16 02:00:00,-0.0,0.012219832258160946,-0.0,0.0,0.002089032258160945,0.24960343493584525,0.0101308
2019-08-16 03:00:00,-0.0,0.011862759237630268,-0.0,0.0,0.005516816237630269,0.254844410361594,0.006345943
2019-08-16 04:00:00,-0.0,0.010791540176038238,0.005713629823961761,0.0,-0.0,0.254844410361594,0.01650517
2019-08-16 05:00:00,-0.0,0.010553491495684453,-0.0,0.022443348504315546,-0.0,0.23121983298863028,0.03299684
2019-08-16 06:00:00,-0.0,0.010593166275743419,-0.0,0.02320613372425658,-0.0,0.2067923238052023,0.0337993
2019-08-16 07:00:00,0.013736901812769337,0.011267637536745806,0.014592673073353388,0.012277277577131472,-0.0,0.19386887372401126,0.05187449
2019-08-16 08:00:00,0.04006596362057723,0.013608449560224691,-0.0,0.0006316368191980823,-0.0,0.19320399286169748,0.05430605
2019-08-16 09:00:00,0.06868450906384668,0.0129339782992223,-0.0,0.0,0.03387522736306898,0.225385458856613,0.04774326
2019-08-16 10:00:00,0.08394773330025707,0.011346987096863735,-0.0,0.0,0.0488212703971208,0.2717656657338778,0.04647345
2019-08-16 11:00:00,0.09348724844801355,0.011267637536745806,-0.0,0.0,0.02745269598475937,0.2978457269193992,0.07730218999999999
2019-08-16 12:00:00,0.09501357087165459,0.011466011437040628,-0.0,0.0,0.03333005230869521,0.32950927661265966,0.07314953
2019-08-16 13:00:00,0.09692147390120588,0.012100807917984053,-0.0,0.0,0.049507071819189924,0.3765409948408901,0.05951521000000001
2019-08-16 14:00:00,0.08165824966479551,0.011783409677512341,-0.0,0.0,0.02846124934230785,0.40357918171608254,0.06498041
2019-08-16 15:00:00,0.05685551028062864,0.011029588856392023,-0.0,0.0,0.0035659891370206642,0.40696687139625215,0.06431911
2019-08-16 16:00:00,0.02976328726100023,0.011466011437040628,-0.0,0.038578071301959144,-0.0,0.36635837528892673,0.07980737
2019-08-16 17:00:00,0.008013192724115447,0.01321170175963505,-0.0,0.048421135516249506,-0.0,0.3153887589560325,0.06964603
2019-08-16 18:00:00,-0.0,0.014124221700991223,0.014592673073353388,0.07076836522565537,-0.0,0.24089574292902688,0.09948525999999999
2019-08-16 19:00:00,-0.0,0.015076416422406362,-0.0,0.05374619357759363,-0.0,0.1843208023210336,0.06882260999999999
2019-08-16 20:00:00,-0.0,0.01686178152505975,-0.0,0.023384288474940253,-0.0,0.1597057618210965,0.04024607
2019-08-16 21:00:00,-0.0,0.017615602346180065,0.014592673073353388,0.005004244580466546,-0.0,0.15443813594692118,0.03721252
2019-08-16 22:00:00,-0.0,0.017417228445885245,0.006288061554114755,0.0,-0.0,0.15443813594692118,0.02370529
2019-08-16 23:00:00,-0.0,0.016822106745000783,-0.0,0.0,0.0001934267450007833,0.15462189135467194,0.01662868
2019-08-17 00:00:00,-0.0,0.01590958680364461,-0.0,0.0,0.0019256468036446088,0.15645125581813432,0.01398394
2019-08-17 01:00:00,-0.0,0.01495739208222947,-0.0,0.0,0.00672553308222947,0.16284051224625232,0.008231859
2019-08-17 02:00:00,-0.0,0.01321170175963505,-0.0,0.0,0.00496202775963505,0.16755443861790562,0.008249674
2019-08-17 03:00:00,-0.0,0.013370400879870906,-0.0,0.0,0.0011793308798709063,0.16867480295378298,0.01219107
2019-08-17 04:00:00,-0.0,0.013648124340283653,-0.0,0.0,0.0003011243402836535,0.16896087107705246,0.013347
2019-08-17 05:00:00,-0.0,0.013251376539694014,0.014592673073353388,5.2450386952599196e-05,-0.0,0.16890566014341815,0.0278965
2019-08-17 06:00:00,-0.0,0.012695929618868515,0.014592673073353388,0.0216146273077781,-0.0,0.14615342087207278,0.04890323
2019-08-17 07:00:00,0.016407966054141153,0.011029588856392023,-0.0,0.024260805089466826,-0.0,0.12061573130421296,0.05169836
2019-08-17 08:00:00,0.047315995132872164,0.00956162199421035,-0.0,0.0,0.005125747127082518,0.12548519107494135,0.05175187
2019-08-17 09:00:00,0.07898718542342369,0.008331703812382463,-0.0,0.0,0.014429749235806158,0.1391934528489572,0.07288913999999999
2019-08-17 10:00:00,0.1072241502607829,0.009442597654033458,-0.0,0.0,0.04436912791481637,0.18134412436803277,0.07229761999999999
2019-08-17 11:00:00,0.12325053570901379,0.010712190615920311,-0.0,0.0,0.060938966324934105,0.23923614237672017,0.07302376
2019-08-17 12:00:00,0.1259215999503856,0.01051381671562549,-0.0,0.0,0.037075186666011076,0.2744575697094307,0.09936023000000001
2019-08-17 13:00:00,0.11523734298489834,0.009958369794799991,-0.0,0.0,0.02191431277969834,0.29527616685014413,0.1032814
2019-08-17 14:00:00,0.0976846351130264,0.009323573313856566,-0.0,0.0,0.027467418426882967,0.32137021435568297,0.07954079
2019-08-17 15:00:00,0.07478979875841084,0.0082920290323235,-0.0,0.0,0.02251129779073434,0.3427559472568806,0.06057053
2019-08-17 16:00:00,0.046934414526961905,0.0064273143695521865,0.009568791103485914,0.0,-0.0,0.3427559472568806,0.06293052
2019-08-17 17:00:00,0.017552707871871933,0.005237070967783263,0.014592673073353388,0.016256708086991416,-0.0,0.32564362295478433,0.05363916
2019-08-17 18:00:00,-0.0,0.005078371847547406,0.011013324496406948,0.10259220365604564,-0.0,0.21765182963263102,0.1186839
2019-08-17 19:00:00,-0.0,0.004879997947252586,0.014592673073353388,0.04853870897939402,-0.0,0.1665584517595847,0.06801138
2019-08-17 20:00:00,-0.0,0.0047609736070756935,-0.0,0.035582876392924304,-0.0,0.12910279239861175,0.04034385
2019-08-17 21:00:00,-0.0,0.004681624046957765,0.014592673073353388,0.013158052879688844,-0.0,0.11525221041999191,0.03243235
2019-08-17 22:00:00,-0.0,0.0047609736070756935,-0.0,0.020417586392924306,-0.0,0.0937600142169137,0.02517856
2019-08-17 23:00:00,-0.0,0.005038697067488442,-0.0,0.01113845293251156,-0.0,0.08203532691953311,0.01617715
2019-08-18 00:00:00,-0.0,0.005078371847547406,-0.0,0.010691358152452594,-0.0,0.07078126570642512,0.01576973
2019-08-18 01:00:00,-0.0,0.004879997947252586,0.009016452052747414,0.0,-0.0,0.07078126570642512,0.01389645
2019-08-18 02:00:00,-0.0,0.004641949266898801,0.0059497807331011995,0.0,-0.0,0.07078126570642512,0.01059173
2019-08-18 03:00:00,-0.0,0.004721298827016729,-0.0,0.006368321172983271,-0.0,0.06407776973486379,0.01108962
2019-08-18 04:00:00,-0.0,0.004443575366603981,0.014592673073353388,0.013634021560042632,-0.0,0.04972616809271366,0.03267027
2019-08-18 05:00:00,-0.0,0.003967478005896411,0.014592673073353388,0.011247868920750201,-0.0,0.03788630607087134,0.02980802
2019-08-18 06:00:00,-0.0,0.003927803225837447,0.014592673073353388,0.028559693700809165,-0.0,0.007823470596335376,0.04708017
2019-08-18 07:00:00,0.022513255748705302,0.0032136571847760933,-0.0,0.0074322970665186075,-0.0,-0.0,0.03315921
2019-08-18 08:00:00,0.05080290583575458,0.002856584164245416,-0.0,0.0,-0.0,-0.0,0.05365949
2019-08-18 09:00:00,0.04503626,-0.0,-0.0,0.0,-0.0,-0.0,0.04503626
2019-08-18 10:00:00,0.07645292999999999,-0.0,-0.0,0.0,-0.0,-0.0,0.07645292999999999
2019-08-18 11:00:00,0.06852023,-0.0,-0.0,0.0,-0.0,-0.0,0.06852023
2019-08-18 12:00:00,0.19498768962014254,-0.0,-0.0,0.0,0.11275585962014253,0.10711806663913541,0.08223183
2019-08-18 13:00:00,0.17332426329541187,-0.0,-0.0,0.0,0.10903900329541187,0.21070511976977668,0.06428526
2019-08-18 14:00:00,0.16865862781233465,0.0028169093841864516,-0.0,0.0,0.0855313871965211,0.2919599376064717,0.08594415
2019-08-18 15:00:00,0.13660585691587285,0.002578860703832667,-0.0,0.0,0.07509281761970552,0.36329811434519194,0.0640919
2019-08-18 16:00:00,0.09119776481255198,0.0017456903225944208,-0.0,0.0,0.0455703451351464,0.406589942223581,0.04737311
2019-08-18 17:00:00,0.035486996349654125,0.0009918695014741027,-0.0,0.008796234148871769,-0.0,0.39733074838266336,0.0452751
2019-08-18 18:00:00,-0.0,0.0009918695014741027,-0.0,0.07891080049852589,-0.0,0.31426674785789926,0.07990267
2019-08-18 19:00:00,-0.0,0.0013489425220047798,-0.0,0.059983377477995224,-0.0,0.25112635051264115,0.06133232
2019-08-18 20:00:00,-0.0,0.0016266659824175286,-0.0,0.023112854017582472,-0.0,0.22679703049413327,0.02473952
2019-08-18 21:00:00,-0.0,0.0018647146627713133,-0.0,0.026996555337228688,-0.0,0.19837960382336622,0.02886127
2019-08-18 22:00:00,-0.0,0.0017853651026533848,-0.0,0.019423724897346614,-0.0,0.17793357761563294,0.02120909
2019-08-18 23:00:00,-0.0,0.0013489425220047798,-0.0,0.016665087477995222,-0.0,0.1603913802703748,0.01801403
2019-08-19 00:00:00,-0.0,0.001031544281533067,-0.0,0.014290205718466934,-0.0,0.14534905846146223,0.01532175
2019-08-19 01:00:00,-0.0,0.0008331703812382464,-0.0,0.011351289618761752,-0.0,0.13340033254697617,0.01218446
2019-08-19 02:00:00,-0.0,0.000714146041061354,-0.0,0.009343743958938645,-0.0,0.12356481259019864,0.01005789
2019-08-19 03:00:00,-0.0,0.0006347964809434258,-0.0,0.011971073519056574,-0.0,0.11096368257013908,0.01260587
2019-08-19 04:00:00,-0.0,0.0008728451612972104,-0.0,0.02368246483870279,-0.0,0.08603477221360983,0.02455531
2019-08-19 05:00:00,-0.0,0.001428292082122708,-0.0,0.03752991791787729,-0.0,0.046529595457949526,0.03895821
2019-08-19 06:00:00,0.0011447418177307782,0.002142438123184062,-0.0,0.03326503005908516,-0.0,0.011513774343123041,0.03655221
2019-08-19 07:00:00,0.038158060591025944,0.0020234137830071695,-0.0,0.01093808562596689,-0.0,-0.0,0.05111956
2019-08-19 08:00:00,0.05027161445746454,0.0017060155425354566,-0.0,0.0,-0.0,-0.0,0.05197763
2019-08-19 09:00:00,0.06273594,-0.0,-0.0,0.0,-0.0,-0.0,0.06273594
2019-08-19 10:00:00,0.06467969,-0.0,-0.0,0.0,-0.0,-0.0,0.06467969
2019-08-19 11:00:00,0.1411854973392137,-0.0,-0.0,0.0,0.04427341733921371,0.04205974647225302,0.09691208
2019-08-19 12:00:00,0.2125403974920145,0.005197396187724299,-0.0,0.0,0.1173465936797388,0.1535390104680049,0.1003912
2019-08-19 13:00:00,0.2022377211324375,0.006347964809434258,-0.0,0.0,0.13157027594187173,0.27853077261278303,0.07701541
2019-08-19 14:00:00,0.17056653084188594,0.006943086510318719,-0.0,0.0,0.11121245735220466,0.38418260709737745,0.06629716000000001
2019-08-19 15:00:00,0.13469795388632155,0.006784387390082864,-0.0,0.0,0.05524482127640441,0.4366651873099616,0.08623752
2019-08-19 16:00:00,0.08471089451207758,0.005713168328490832,-0.0,0.0,0.009051322840568421,0.4452639440085016,0.08137274
2019-08-19 17:00:00,0.03128960968464127,0.0046022744868398375,-0.0,0.022891615828518896,-0.0,0.4211675062942712,0.0587835
2019-08-19 18:00:00,-0.0,0.004165851906191231,-0.0,0.09274209809380876,-0.0,0.32354424514289354,0.09690794999999999
2019-08-19 19:00:00,-0.0,0.004046827566014339,-0.0,0.04193973243398566,-0.0,0.27939715837027707,0.04598656
2019-08-19 20:00:00,-0.0,0.004046827566014339,-0.0,0.04980138243398566,-0.0,0.226974650545029,0.05384821
2019-08-19 21:00:00,-0.0,0.004324551026427088,-0.0,0.04468225897357291,-0.0,0.17994069373074173,0.04900681
2019-08-19 22:00:00,-0.0,0.004046827566014339,-0.0,0.020756682433985662,-0.0,0.1580915543265463,0.02480351
2019-08-19 23:00:00,-0.0,0.0034913806451888417,-0.0,0.01658702935481116,-0.0,0.1406315234267451,0.02007841
2019-08-20 00:00:00,-0.0,0.0029756085044223084,-0.0,0.013020371495577691,-0.0,0.12692586922087384,0.01599598
2019-08-20 01:00:00,-0.0,0.0024598363636557747,-0.0,0.008050883636344226,-0.0,0.11845125486682728,0.01051072
2019-08-20 02:00:00,-0.0,0.002142438123184062,-0.0,0.005262813876815938,-0.0,0.1129114507859684,0.007405252
2019-08-20 03:00:00,-0.0,0.0018647146627713133,-0.0,0.011931585337228686,-0.0,0.1003518872730961,0.0137963
2019-08-20 04:00:00,-0.0,0.002102763343125098,-0.0,0.0231905866568749,-0.0,0.0759407434237541,0.02529335
2019-08-20 05:00:00,-0.0,0.002856584164245416,-0.0,0.022614435835754586,-0.0,0.05213607412295981,0.02547102
2019-08-20 06:00:00,0.0011447418177307782,0.0037294293255426265,-0.0,0.026082228856726595,-0.0,0.024681096379037076,0.0309564
2019-08-20 07:00:00,0.03968438301466697,0.0035310554252478057,-0.0,0.023447041560085223,-0.0,-0.0,0.06666248
2019-08-20 08:00:00,0.059045815989346995,-0.0,-0.0,0.0,0.000742145989347009,0.0007050386898796585,0.05830366999999999
2019-08-20 09:00:00,0.12134263267946249,0.005078371847547406,-0.0,0.0,0.05476792452700989,0.05273456699053905,0.07165308000000001
2019-08-20 10:00:00,0.13355321206859078,0.006109916129080473,-0.0,0.0,0.07675692819767126,0.12565364877832674,0.0629062
2019-08-20 11:00:00,0.16675072478278335,0.007101785630554576,-0.0,0.0,0.06399671041333793,0.1864505236709978,0.1098558
2019-08-20 12:00:00,0.1812507878073732,0.0076572325513800735,-0.0,0.0,0.09096528035875326,0.2728675400118134,0.09794274
2019-08-20 13:00:00,0.17552707871871934,0.007974630791851787,-0.0,0.0,0.10390816951057112,0.37158030104685597,0.07959354
2019-08-20 14:00:00,0.15492172599956533,0.008331703812382463,-0.0,0.0,0.0711153498119478,0.43913988336820636,0.09213808
2019-08-20 15:00:00,0.11714524601444963,0.007895281231733858,-0.0,0.0,0.0641735272461835,0.5001047342520807,0.060867
2019-08-20 16:00:00,0.06563186421656461,0.006030566568962545,-0.0,0.0,0.034648530785527154,0.5330208384983315,0.0370139
2019-08-20 17:00:00,0.01869744968960271,0.004403900586545016,0.014592673073353388,0.034489786650498865,-0.0,0.496715799918859,0.07218380999999999
2019-08-20 18:00:00,-0.0,0.0037691041056015905,0.014592673073353388,0.07744115282104502,-0.0,0.4151987969493379,0.09580293000000001
2019-08-20 19:00:00,-0.0,0.004007152785955375,0.014592673073353388,0.06873195414069123,-0.0,0.342849371538084,0.08733178
2019-08-20 20:00:00,-0.0,0.0047609736070756935,0.014592673073353388,0.03182039331957092,-0.0,0.30935422067537777,0.05117404
2019-08-20 21:00:00,-0.0,0.005514794428196012,0.014592673073353388,0.017334632498450617,-0.0,0.29110723909806135,0.03744210000000001
2019-08-20 22:00:00,-0.0,0.00626861524931633,0.014280804750683669,0.0,-0.0,0.29110723909806135,0.02054942
2019-08-20 23:00:00,-0.0,0.006784387390082864,-0.0,0.008518662609917137,-0.0,0.28214022582446435,0.01530305
2019-08-21 00:00:00,-0.0,0.0069034117302597545,-0.0,0.0054751882697402455,-0.0,0.2763768697510536,0.0123786
2019-08-21 01:00:00,-0.0,0.006625688269847007,0.0031974697301529933,0.0,-0.0,0.2763768697510536,0.009823158
2019-08-21 02:00:00,-0.0,0.006943086510318719,0.003258953489681282,0.0,-0.0,0.2763768697510536,0.01020204
2019-08-21 03:00:00,-0.0,0.0069034117302597545,0.004091588269740245,0.0,-0.0,0.2763768697510536,0.010995
2019-08-21 04:00:00,-0.0,0.005911542228785652,0.012463356037212943,0.004975201734001403,-0.0,0.27113981529421,0.0233501
2019-08-21 05:00:00,-0.0,0.005276745747842227,0.014592673073353388,0.010537681178804386,-0.0,0.26004751931652115,0.0304071
2019-08-21 06:00:00,-0.0,0.005157721407665334,0.014592673073353388,0.003869935518981278,-0.0,0.2559739029807514,0.02362033
2019-08-21 07:00:00,0.019460610901423227,0.004403900586545016,0.014592673073353388,0.01004940543867837,-0.0,0.2453955814663531,0.04850659
2019-08-21 08:00:00,0.05418444603925683,0.004165851906191231,0.0011837820545519406,0.0,-0.0,0.2453955814663531,0.05953408
2019-08-21 09:00:00,0.08432931390616732,0.004522924926721909,-0.0,0.0,0.05260104883288923,0.29536657785759785,0.03625119
2019-08-21 10:00:00,0.10798731147260339,0.004721298827016729,-0.0,0.0,0.03823215029962011,0.33168712064223693,0.07447646000000001
2019-08-21 11:00:00,0.12554001934447534,0.004522924926721909,-0.0,0.0,0.06193095427119724,0.3905215271998743,0.06813199
2019-08-21 12:00:00,0.11828998783218041,0.0035310554252478057,-0.0,0.0,0.020645743257428212,0.4101349832944311,0.1011753
2019-08-21 13:00:00,0.09348724844801355,0.0021821129032430263,-0.0,0.0,0.02725349135125657,0.43602580007812486,0.06841587
2019-08-21 14:00:00,0.06563186421656461,0.001388617302063744,0.01386109848137164,0.0,-0.0,0.43602580007812486,0.08088158
2019-08-21 15:00:00,0.04044754422648749,0.0012299181818278874,0.014592673073353388,0.015530954518331237,-0.0,0.41967742690093407,0.07180109
2019-08-21 16:00:00,0.020223772113243745,0.0026582102639505956,0.014592673073353388,0.011056544549452265,-0.0,0.4080389589541422,0.0485312
2019-08-21 17:00:00,0.00572370908865389,0.006744712610023899,0.014592673073353388,0.05936261522796884,-0.0,0.3455519955562803,0.08642371
2019-08-21 18:00:00,-0.0,0.011783409677512341,0.014592673073353388,0.10026971724913426,-0.0,0.24000492476771793,0.1266458
2019-08-21 19:00:00,-0.0,0.015592188563172897,0.014592673073353388,0.05983984836347372,-0.0,0.1770156107009035,0.09002471
2019-08-21 20:00:00,-0.0,0.01614763548399839,0.014592673073353388,0.012203031442648225,-0.0,0.1641703144454843,0.04294334
2019-08-21 21:00:00,-0.0,0.015830237243526682,0.005263532756473319,0.0,-0.0,0.1641703144454843,0.02109377
2019-08-21 22:00:00,-0.0,0.016623732844705964,0.004172037155294038,0.0,-0.0,0.1641703144454843,0.02079577
2019-08-21 23:00:00,-0.0,0.017020480645295603,-0.0,0.0,0.0016487406452956026,0.1657366180585151,0.01537174
2019-08-22 00:00:00,-0.0,0.016941131085177676,-0.0,0.0,0.0038070110851776747,0.16935327858943391,0.01313412
2019-08-22 01:00:00,-0.0,0.016266659824175286,-0.0,0.0,0.004497419824175286,0.17362582742240043,0.01176924
2019-08-22 02:00:00,-0.0,0.0144812947215219,-0.0,0.0,0.0036996647215218996,0.17714050890784624,0.01078163
2019-08-22 03:00:00,-0.0,0.01245788093851473,-0.0,0.0,0.003708108938514731,0.18066321239943525,0.008749772
2019-08-22 04:00:00,-0.0,0.010791540176038238,0.014592673073353388,0.009194986750608371,-0.0,0.17098427897774224,0.0345792
2019-08-22 05:00:00,-0.0,0.009442597654033458,0.014592673073353388,0.011595479272613158,-0.0,0.15877851132235996,0.03563075
2019-08-22 06:00:00,-0.0,0.008450728152559355,0.014592673073353388,0.01996156877408726,-0.0,0.137766333665426,0.04300497
2019-08-22 07:00:00,0.019842191507333486,0.006784387390082864,0.014592673073353388,0.009745438029230261,-0.0,0.12750797784518364,0.05096469
2019-08-22 08:00:00,0.05113180119197476,0.005554469208254976,-0.0,0.0,0.003746760400229733,0.1310674002254019,0.05293951
2019-08-22 09:00:00,0.0797503466352442,0.005713168328490832,-0.0,0.0,0.03714823496373503,0.16635822344095016,0.04831528
2019-08-22 10:00:00,0.09806621571893666,0.005832192668667724,-0.0,0.0,0.024717308387604373,0.18983966640917432,0.0791811
2019-08-22 11:00:00,0.11218469813761625,0.005713168328490832,-0.0,0.0,0.031137676466107087,0.21942045905197605,0.08676019
2019-08-22 12:00:00,0.11371102056125729,0.006070241349021509,-0.0,0.0,0.013507561910278798,0.2322526428667409,0.1062737
2019-08-22 13:00:00,0.1072241502607829,0.006744712610023899,-0.0,0.0,0.04765848287080681,0.2775282015940074,0.06631037999999999
2019-08-22 14:00:00,0.09234250663028278,0.0069034117302597545,-0.0,0.0,0.01742619836054253,0.2940830900365228,0.08181972
2019-08-22 15:00:00,0.07097399269930825,0.006387639589493222,-0.0,0.0,0.02005537228880147,0.3131356937108842,0.05730626
2019-08-22 16:00:00,0.04350018907376957,0.005633818768372903,-0.0,0.0,0.003453257842142461,0.31641628866091953,0.04568075000000001
2019-08-22 17:00:00,0.014881643630500116,0.005157721407665334,0.014592673073353388,0.05214935188848117,-0.0,0.2615222340414657,0.08678139
2019-08-22 18:00:00,-0.0,0.0049196727273115495,0.014592673073353388,0.08187095419933506,-0.0,0.17534228225269197,0.1013833
2019-08-22 19:00:00,-0.0,0.004999022287429478,0.014592673073353388,0.07606720463921714,-0.0,0.09527154052720024,0.0956589
2019-08-22 20:00:00,-0.0,0.0048403231671936215,0.014592673073353388,0.01632595375945299,-0.0,0.07808632604356552,0.03575895
2019-08-22 21:00:00,-0.0,0.004641949266898801,0.014592673073353388,0.012990117659747799,-0.0,0.0644125179806731,0.03222473999999999
2019-08-22 22:00:00,-0.0,0.004483250146662945,0.014592673073353388,0.015310396779983663,-0.0,0.0482963108438482,0.03438632
2019-08-22 23:00:00,-0.0,0.005038697067488442,0.014592673073353388,0.00039841985915816877,-0.0,0.04787692151841855,0.02002979
2019-08-23 00:00:00,-0.0,0.006149590909139437,0.008534609090860562,0.0,-0.0,0.04787692151841855,0.0146842
2019-08-23 01:00:00,-0.0,0.006982761290377683,0.004976978709622317,0.0,-0.0,0.04787692151841855,0.01195974
2019-08-23 02:00:00,-0.0,0.00781593167161593,0.006418668328384071,0.0,-0.0,0.04787692151841855,0.0142346
2019-08-23 03:00:00,-0.0,0.008093655132028678,0.003982754867971321,0.0,-0.0,0.04787692151841855,0.01207641
2019-08-23 04:00:00,-0.0,0.0082920290323235,0.014592673073353388,0.008532247894323114,-0.0,0.03889560794544685,0.03141695
2019-08-23 05:00:00,-0.0,0.008450728152559355,0.014592673073353388,0.009683928774087256,-0.0,0.02870199870956553,0.03272733
2019-08-23 06:00:00,-0.0,0.008450728152559355,0.014592673073353388,0.027266898774087257,-0.0,-0.0,0.0503103
2019-08-23 07:00:00,0.028236964837359192,0.007260484750790432,0.00804854041185038,0.0,-0.0,-0.0,0.04354599000000001
2019-08-23 08:00:00,0.06999979,-0.0,-0.0,0.0,-0.0,-0.0,0.06999979
2019-08-23 09:00:00,0.05116949,-0.0,-0.0,0.0,-0.0,-0.0,0.05116949
2019-08-23 10:00:00,0.043769106686143436,0.009323573313856566,-0.0,0.0,-0.0,-0.0,0.05309268
2019-08-23 11:00:00,0.16448049604149667,-0.0,-0.0,0.0,0.08050427604149667,0.07647906223942183,0.08397622
2019-08-23 12:00:00,0.18735607750193736,0.009759995894505172,-0.0,0.0,0.06809447339644255,0.14116881196604225,0.1290216
2019-08-23 13:00:00,0.18277711023101423,0.0006963493935686349,-0.0,0.0,0.13325520962458287,0.26776126110939596,0.05021825
2019-08-23 14:00:00,0.1663691441768731,0.009759995894505172,-0.0,0.0,0.12324671007137827,0.3848456356772053,0.05288243
2019-08-23 15:00:00,0.13126372843312922,0.009006175073384854,-0.0,0.0,0.12301292350651408,0.5017079130083937,0.01725698
2019-08-23 16:00:00,0.08318457208843655,0.007736582111498002,-0.0,0.0,0.03296097419993455,0.5330208384983315,0.05796018
2019-08-23 17:00:00,0.03128960968464127,0.006784387390082864,-0.0,0.022260562925275867,-0.0,0.5095886669980411,0.06033456
2019-08-23 18:00:00,-0.0,0.006705037829964935,-0.0,0.13039736217003509,-0.0,0.3723282857664252,0.1371024
2019-08-23 19:00:00,-0.0,0.0068240621701418265,-0.0,0.08567500782985818,-0.0,0.2821440669981534,0.09249907
2019-08-23 20:00:00,-0.0,0.007538208211203181,-0.0,0.047450821788796824,-0.0,0.23219583353626203,0.05498903
2019-08-23 21:00:00,-0.0,0.007696907331439038,-0.0,0.03164094266856096,-0.0,0.19888957809567154,0.03933785
2019-08-23 22:00:00,-0.0,0.00801430557191075,-0.0,0.016510674428089248,-0.0,0.181509920802946,0.02452498
2019-08-23 23:00:00,-0.0,0.008371378592441428,-0.0,0.0,0.00020943759244142733,0.18170888651576536,0.008161941
2019-08-24 00:00:00,-0.0,0.008768126393031069,-0.0,0.0,0.0014496443930310686,0.18308604868914488,0.007318482
2019-08-24 01:00:00,-0.0,0.009244223753738639,-0.0,0.001268806246261361,-0.0,0.1817504631667645,0.01051303
2019-08-24 02:00:00,-0.0,0.009601296774269314,-0.0,0.0036035632257306865,-0.0,0.17795723871862693,0.01320486
2019-08-24 03:00:00,-0.0,0.01051381671562549,-0.0,0.0009740032843745094,-0.0,0.17693197210349587,0.01148782
2019-08-24 04:00:00,-0.0,0.01098991407633306,-0.0,0.01694285592366694,-0.0,0.15909738692068856,0.02793277
2019-08-24 05:00:00,-0.0,0.011148613196568916,-0.0,0.019888156803431086,-0.0,0.13816248502234005,0.03103677
2019-08-24 06:00:00,-0.0,0.011069263636450988,-0.0,0.04000387636354902,-0.0,0.09605314148176214,0.05107314
2019-08-24 07:00:00,0.019079030295512972,0.008649102052854176,-0.0,0.009926927651632847,-0.0,0.08560374395372757,0.03765506
2019-08-24 08:00:00,0.04540809210332086,0.007379509090967324,-0.0,0.0,0.003494081194288186,0.08892312108830135,0.04929352
2019-08-24 09:00:00,0.06525028361065437,0.006387639589493222,-0.0,0.0,0.017625013200147588,0.10566688362844155,0.05401291
2019-08-24 10:00:00,0.08471089451207758,0.006982761290377683,-0.0,0.0,0.029319305802455266,0.13352022414077405,0.06237435
2019-08-24 11:00:00,0.10378992480759056,0.008609427272795213,-0.0,0.0,0.05963600208038577,0.19017442611714053,0.05276335
2019-08-24 12:00:00,0.10951363389624444,0.009402922873974495,-0.0,0.0,0.04992325677021893,0.2376015200488485,0.06899330000000001
2019-08-24 13:00:00,0.10913205329033418,0.00936324809391553,-0.0,0.0,0.05188593138424971,0.2868931548638857,0.06660937
2019-08-24 14:00:00,0.09806621571893666,0.008768126393031069,-0.0,0.0,0.044114822111967725,0.32880223587025503,0.06271952
2019-08-24 15:00:00,0.0732634763347698,0.0074985334311442175,-0.0,0.0007409902340859836,-0.0,0.3280222461501645,0.081503
2019-08-24 16:00:00,0.041592286044218274,0.007220809970731468,0.011018373985050255,0.0,-0.0,0.3280222461501645,0.05983147
2019-08-24 17:00:00,0.014118482418679596,0.0076572325513800735,-0.0,0.039333465029940326,-0.0,0.2866185987502273,0.06110918
2019-08-24 18:00:00,-0.0,0.008133329912087643,-0.0,0.10656607008791236,-0.0,0.17444378813137223,0.1146994
2019-08-24 19:00:00,-0.0,0.008530077712677284,0.0014411299327657303,0.05591723235455699,-0.0,0.11558354354762804,0.06588844
2019-08-24 20:00:00,-0.0,0.008847475953148998,-0.0,0.033584454046851,-0.0,0.08023148665620593,0.04243193
2019-08-24 21:00:00,-0.0,0.009720321114446207,-0.0,0.025325308885553795,-0.0,0.053573266776675614,0.03504563
2019-08-24 22:00:00,-0.0,0.008926825513266925,-0.0,0.006821914486733076,-0.0,0.04639230415906185,0.01574874
2019-08-24 23:00:00,-0.0,0.00956162199421035,-0.0,0.007448838005789651,-0.0,0.03855142204770432,0.01701046
2019-08-25 00:00:00,-0.0,0.010275768035271705,-0.0,0.006296301964728296,-0.0,0.031923735769042956,0.01657207
2019-08-25 01:00:00,-0.0,0.011108938416509952,-0.0,0.0,0.0016049554165099515,0.033448443414727407,0.009503983
2019-08-25 02:00:00,-0.0,0.012576905278691623,-0.0,0.00033564472130837714,-0.0,0.03309513318177122,0.01291255
2019-08-25 03:00:00,-0.0,0.013648124340283653,-0.0,0.0,0.002806244340283653,0.035761065305040696,0.01084188
2019-08-25 04:00:00,-0.0,0.014560644281639829,-0.0,0.00866064571836017,-0.0,0.026644596127819463,0.02322129
2019-08-25 05:00:00,-0.0,0.015512839003054968,-0.0,0.016528070996945032,-0.0,0.009246626657351008,0.03204091
2019-08-25 06:00:00,-0.0,0.01614763548399839,0.01135636451600161,0.0,-0.0,0.009246626657351008,0.027504
2019-08-25 07:00:00,0.017552707871871933,0.01590958680364461,-0.0,0.008784295324483458,-0.0,-0.0,0.04224659
2019-08-25 08:00:00,0.04164447759517611,0.01670308240482389,-0.0,0.0,-0.0,-0.0,0.05834756
2019-08-25 09:00:00,0.04007005425205101,0.01880584574794899,-0.0,0.0,-0.0,-0.0,0.0588759
2019-08-25 10:00:00,0.035175440469043834,0.02082925953095616,-0.0,0.0,-0.0,-0.0,0.0560047
2019-08-25 11:00:00,0.1072241502607829,0.01465626044116589,-0.0,0.0,0.018038010701948787,0.017136110166851348,0.1038424
2019-08-25 12:00:00,0.11180311753170599,0.02344779501484779,-0.0,0.0,0.059072722546553776,0.07325519658607743,0.07617819
2019-08-25 13:00:00,0.10951363389624444,0.022932022874081255,-0.0,0.0,0.0645308967703257,0.13455954851788685,0.06791476
2019-08-25 14:00:00,0.09310566784210329,0.02217820205296094,-0.0,0.0,0.048777119895064225,0.18089781241819786,0.06650675
2019-08-25 15:00:00,0.06868450906384668,0.021106982991368907,-0.0,0.0,0.03602422205521558,0.21512082337065266,0.05376727000000001
2019-08-25 16:00:00,0.041210705438308015,0.018964544868184843,-0.0,0.0,0.008919410306492861,0.22359426316182088,0.05125584
2019-08-25 17:00:00,0.01335532120685908,0.017496578006003172,-0.0,0.02992453078713774,-0.0,0.19209475707009693,0.06077643
2019-08-25 18:00:00,-0.0,0.016346009384293213,-0.0,0.051934450615706784,-0.0,0.13742691431672138,0.06828046
2019-08-25 19:00:00,-0.0,0.015393814662878076,-0.0,0.048059615337121914,-0.0,0.08683784554080357,0.06345342999999999
2019-08-25 20:00:00,-0.0,0.015195440762583255,-0.0,0.031265489237416746,-0.0,0.05392680423825963,0.04646093
2019-08-25 21:00:00,-0.0,0.01543348944293704,-0.0,0.023947370557062957,-0.0,0.02871904575714073,0.03938086
2019-08-25 22:00:00,-0.0,0.014798692961993614,-0.0,0.014380017038006386,-0.0,0.013582185717134009,0.02917871
2019-08-25 23:00:00,-0.0,0.014917717302170506,-0.0,0.0034119026978294952,-0.0,0.009990709193102961,0.01832962
2019-08-26 00:00:00,-0.0,0.014600319061698792,-0.0,0.0,0.008036746061698793,0.017625617951716813,0.006563573
2019-08-26 01:00:00,-0.0,0.014163896481050186,-0.0,0.0,0.0059820474810501865,0.02330856305871449,0.008181849
2019-08-26 02:00:00,-0.0,0.013965522580755367,-0.0,0.0,0.006008645580755366,0.029016776360432085,0.007956877000000001
2019-08-26 03:00:00,-0.0,0.014639993841757756,-0.0,0.0,0.004086243841757755,0.03289870801010195,0.01055375
2019-08-26 04:00:00,-0.0,0.015393814662878076,-0.0,0.004861015337121926,-0.0,0.027781849760499924,0.02025483
2019-08-26 05:00:00,-0.0,0.01563186334323186,-0.0,0.007975356656768143,-0.0,0.01938673749021767,0.02360722
2019-08-26 06:00:00,-0.0,0.016346009384293213,-0.0,0.018417400615706788,-0.0,-0.0,0.03476341
2019-08-26 07:00:00,0.007753450058537064,0.014441619941462936,-0.0,0.0,-0.0,-0.0,0.02219507
2019-08-26 08:00:00,0.016666522257947423,0.014838367742052577,-0.0,0.0,-0.0,-0.0,0.03150489
2019-08-26 09:00:00,0.02134429281511714,0.016742757184882856,-0.0,0.0,-0.0,-0.0,0.03808705
2019-08-26 10:00:00,0.042188143968024394,0.017734626686356957,-0.0,0.0,0.007887800654381358,0.00749341062166229,0.05203497
2019-08-26 11:00:00,0.11905314904400092,0.018686821407772097,-0.0,0.0,0.038829810451773014,0.044381730550846654,0.09891016000000001
2019-08-26 12:00:00,0.12630318055629586,0.018885195308066916,-0.0,0.0,0.08505901586436278,0.12518779562199128,0.06012936
2019-08-26 13:00:00,0.1201978908617317,0.01785365102653385,-0.0,0.0,0.09264348188826554,0.21319910341584353,0.04540806
2019-08-26 14:00:00,0.10111886056621874,0.01638568416435218,-0.0,0.0,0.06934800473057093,0.2790797079098859,0.04815654
2019-08-26 15:00:00,0.0694476702756672,0.015116091202465327,-0.0,0.0,0.043500921478132525,0.3204055833141118,0.04106284
2019-08-26 16:00:00,0.03625015756147464,0.013846498240578474,-0.0,0.003472974197946878,-0.0,0.3167498210004835,0.05356962999999999
2019-08-26 17:00:00,0.010684256965487263,0.012219832258160946,-0.0,0.017723390776351794,-0.0,0.29809362018327107,0.04062748
2019-08-26 18:00:00,-0.0,0.010315442815330669,-0.0,0.08597789718466933,-0.0,0.2075905705151981,0.09629334
2019-08-26 19:00:00,-0.0,0.009482272434092422,-0.0,0.04029220756590758,-0.0,0.1651777204458217,0.04977448
2019-08-26 20:00:00,-0.0,0.009521947214151387,-0.0,0.02314735278584861,-0.0,0.14081208593440211,0.0326693
2019-08-26 21:00:00,-0.0,0.009402922873974495,-0.0,0.014531297126025505,-0.0,0.12551598369648054,0.02393422
2019-08-26 22:00:00,-0.0,0.009045849853443817,-0.0,0.015657700146556184,-0.0,0.10903419406852666,0.02470355
2019-08-26 23:00:00,-0.0,0.008649102052854176,-0.0,0.006471907947145824,-0.0,0.10222165938732053,0.01512101
2019-08-27 00:00:00,-0.0,0.008450728152559355,-0.0,0.0021271518474406444,-0.0,0.09998255217948827,0.01057788
2019-08-27 01:00:00,-0.0,0.008173004692146607,-0.0,0.0013631143078533924,-0.0,0.0985476950133268,0.009536119
2019-08-27 02:00:00,-0.0,0.007855606451674895,-0.0,0.0024512235483251047,-0.0,0.09596745969930037,0.01030683
2019-08-27 03:00:00,-0.0,0.007776256891556966,-0.0,0.005864393108443035,-0.0,0.08979441432199192,0.01364065
2019-08-27 04:00:00,-0.0,0.007934956011792822,-0.0,0.019354613988207175,-0.0,0.06942113643966857,0.02728957
2019-08-27 05:00:00,-0.0,0.007855606451674895,-0.0,0.018909313548325105,-0.0,0.04951659586248425,0.02676492
2019-08-27 06:00:00,-0.0,0.007696907331439038,-0.0,0.03253574266856096,-0.0,0.015268445685051663,0.04023265
2019-08-27 07:00:00,0.022513255748705302,0.007062110850495611,-0.0,0.01450502340079908,-0.0,-0.0,0.04408039
2019-08-27 08:00:00,0.03519074085038885,0.00646698914961115,-0.0,0.0,-0.0,-0.0,0.04165773
2019-08-27 09:00:00,0.10226360238394952,-0.0,-0.0,0.0,0.05126664238394952,0.04870331026475204,0.05099696
2019-08-27 10:00:00,0.0821647248878229,-0.0,-0.0,0.0,0.033832834887822884,0.08084450340818378,0.04833189
2019-08-27 11:00:00,0.15263224236410378,0.009323573313856566,-0.0,0.0,0.09165665567796034,0.1679183263022461,0.07029916
2019-08-27 12:00:00,0.15568488721138582,0.009720321114446207,-0.0,0.0,0.09657600832583202,0.2596655342117865,0.06882920000000001
2019-08-27 13:00:00,0.1350795344922318,0.009759995894505172,-0.0,0.0,0.06145377038673698,0.31804661607918666,0.08338576
2019-08-27 14:00:00,0.10836889207851366,0.009006175073384854,-0.0,0.0,0.02465586715189852,0.34146968987349025,0.0927192
2019-08-27 15:00:00,0.07936876602933395,0.007458858651085253,-0.0,0.0,0.027347014680419196,0.36744935381988847,0.05948061
2019-08-27 16:00:00,0.049605478768333724,0.006109916129080473,-0.0,0.0,0.012611924897414202,0.37943068247243195,0.04310347
2019-08-27 17:00:00,0.019460610901423227,0.005276745747842227,-0.0,0.011761153350734545,-0.0,0.3670505210506061,0.03649851
2019-08-27 18:00:00,-0.0,0.005356095307960156,-0.0,0.09113275469203985,-0.0,0.271121305585301,0.09648885
2019-08-27 19:00:00,-0.0,0.00626861524931633,-0.0,0.07388279475068366,-0.0,0.19334994268984454,0.08015140999999999
2019-08-27 20:00:00,-0.0,0.007181135190672504,-0.0,0.0333277648093275,-0.0,0.1582680849958156,0.0405089
2019-08-27 21:00:00,-0.0,0.008053980351969714,-0.0,0.030530629648030286,-0.0,0.12613058010315215,0.03858461
2019-08-27 22:00:00,-0.0,0.008331703812382463,-0.0,0.018333076187617536,-0.0,0.1068326051688179,0.02666478
2019-08-27 23:00:00,-0.0,0.007974630791851787,-0.0,0.013118099208148213,-0.0,0.09302407968655663,0.02109273
2019-08-28 00:00:00,-0.0,0.00821267947220557,-0.0,0.002819140527794429,-0.0,0.09005656334150985,0.01103182
2019-08-28 01:00:00,-0.0,0.008807801173090032,-0.0,0.0012083388269099674,-0.0,0.0887846277342362,0.01001614
2019-08-28 02:00:00,-0.0,0.010632841055802382,-0.0,0.0,0.0018588100558023807,0.09055049728724847,0.008774031000000002
2019-08-28 03:00:00,-0.0,0.014322595601286044,-0.0,0.0,0.0015372656012860447,0.09201089960847021,0.01278533
2019-08-28 04:00:00,-0.0,0.015671538123290824,-0.0,0.014616751876709175,-0.0,0.07662484500140793,0.03028829
2019-08-28 05:00:00,-0.0,0.014163896481050186,-0.0,0.026954303518949813,-0.0,0.048251893928829184,0.0411182
2019-08-28 06:00:00,0.0003815806059102594,0.012814953959045408,-0.0,0.025532475435044333,-0.0,0.021375603997203573,0.03872901
2019-08-28 07:00:00,0.0366317381673849,0.010275768035271705,-0.0,0.020306823797343394,-0.0,-0.0,0.06721433
2019-08-28 08:00:00,0.048435106246261364,0.009244223753738639,-0.0,0.0,-0.0,-0.0,0.05767933
2019-08-28 09:00:00,0.05454341,-0.0,-0.0,0.0,-0.0,-0.0,0.05454341
2019-08-28 10:00:00,0.033096321700777705,0.0129339782992223,-0.0,0.0,-0.0,-0.0,0.0460303
2019-08-28 11:00:00,0.13522536648763114,-0.0,-0.0,0.0,0.028846766487631133,0.027404428163249575,0.1063786
2019-08-28 12:00:00,0.15568488721138582,0.01670308240482389,-0.0,0.0,0.10326872961620971,0.1255097212986488,0.06911924
2019-08-28 13:00:00,0.14996117812273194,0.017813976246474888,-0.0,0.0,0.07100950436920683,0.1929687504493953,0.09676565
2019-08-28 14:00:00,0.1343163732804113,0.0181313744869466,-0.0,0.0,0.08900398776735789,0.2775225388283853,0.06344376
2019-08-28 15:00:00,0.11218469813761625,0.017496578006003172,-0.0,0.0,0.07156124614361942,0.34550572266482377,0.05812003
2019-08-28 16:00:00,0.07631612118205189,0.015036741642347399,-0.0,0.0,0.029476372824399286,0.3735082768480031,0.06187649
2019-08-28 17:00:00,0.027092223019628416,0.012695929618868515,-0.0,0.019489047361503073,-0.0,0.3529934901516841,0.0592772
2019-08-28 18:00:00,-0.0,0.01098991407633306,-0.0,0.11793668592366695,-0.0,0.22884961023203465,0.1289266
2019-08-28 19:00:00,-0.0,0.009442597654033458,-0.0,0.07156839234596654,-0.0,0.15351446039417513,0.08101099
2019-08-28 20:00:00,-0.0,0.008847475953148998,-0.0,0.053399114046851,-0.0,0.09730486666064776,0.06224659
2019-08-28 21:00:00,-0.0,0.008728451612972105,-0.0,0.025273158387027896,-0.0,0.07070154204272366,0.03400161
2019-08-28 22:00:00,-0.0,0.008728451612972105,-0.0,0.022767908387027896,-0.0,0.046735322687957465,0.03149636
2019-08-28 23:00:00,-0.0,0.009323573313856566,-0.0,0.010956746686143435,-0.0,0.03520190512359595,0.02028032
2019-08-29 00:00:00,-0.0,0.010077394134976884,-0.0,0.0018707558650231156,-0.0,0.03323268842357162,0.01194815
2019-08-29 01:00:00,-0.0,0.010474141935566526,-0.0,0.0,0.002223701935566527,0.03534520526235982,0.00825044
2019-08-29 02:00:00,-0.0,0.011188287976627877,-0.0,0.0,0.006139608976627879,0.041177833790156305,0.005048678999999999
2019-08-29 03:00:00,-0.0,0.01253723049863266,-0.0,0.0,0.005381995498632659,0.046290729513857334,0.007155235
2019-08-29 04:00:00,-0.0,0.013291051319752977,-0.0,0.008903698680247022,-0.0,0.03691841511359731,0.02219475
2019-08-29 05:00:00,-0.0,0.013172026979576085,-0.0,0.01835735302042392,-0.0,0.017594885618414238,0.03152938
2019-08-29 06:00:00,-0.0,0.012656254838809552,-0.0,0.012486465161190449,-0.0,0.004451238080319028,0.02514272
2019-08-29 07:00:00,0.020986933325064266,0.01253723049863266,-0.0,0.004228676176303077,-0.0,-0.0,0.03775284
2019-08-29 08:00:00,0.0341390486216032,0.012378531378396803,-0.0,0.0,-0.0,-0.0,0.04651758
2019-08-29 09:00:00,0.03640991692071874,0.012973653079281266,-0.0,0.0,-0.0,-0.0,0.04938357
2019-08-29 10:00:00,0.04325341336552499,0.014719343401875685,-0.0,0.0,0.017516776767400672,0.01664093792903064,0.04045598
2019-08-29 11:00:00,0.11638208480262911,0.015393814662878076,-0.0,0.0,0.06985443946550719,0.08300265542126246,0.06192146
2019-08-29 12:00:00,0.11371102056125729,0.014203571261109152,-0.0,0.0,0.05534677182236645,0.1355820886525106,0.07256781999999999
2019-08-29 13:00:00,0.1034083442016803,0.013132352199517121,-0.0,0.0,0.06414111640119742,0.19651614923364813,0.05239958
2019-08-29 14:00:00,0.09234250663028278,0.012894303519163337,-0.0,0.0,0.045793850149446105,0.24002030687562192,0.05944296
2019-08-29 15:00:00,0.08089508845297498,0.012497555718573696,-0.0,0.0,0.04893481417154868,0.28650838033859316,0.04445783
2019-08-29 16:00:00,0.059144993916090204,0.012695929618868515,-0.0,0.0,0.028705943534958714,0.31377902669680396,0.04313498
2019-08-29 17:00:00,0.02594748120189764,0.013013327859340229,-0.0,0.0007406109387621332,-0.0,0.3129994362349491,0.03970142
2019-08-29 18:00:00,-0.0,0.012695929618868515,-0.0,0.02779385038113149,-0.0,0.2837427516232317,0.04048978
2019-08-29 19:00:00,-0.0,0.012299181818278875,-0.0,0.06231268818172112,-0.0,0.2181504482740516,0.07461187
2019-08-29 20:00:00,-0.0,0.011783409677512341,-0.0,0.030701050322487662,-0.0,0.1858335531977488,0.04248446
2019-08-29 21:00:00,-0.0,0.011862759237630268,-0.0,0.013213170762369731,-0.0,0.17192495239525435,0.02507593
2019-08-29 22:00:00,-0.0,0.011188287976627877,-0.0,0.010033772023372124,-0.0,0.16136308710749422,0.02122206
2019-08-29 23:00:00,-0.0,0.010870889736156167,-0.0,0.0040736902638438335,-0.0,0.15707499209292178,0.01494458
2019-08-30 00:00:00,-0.0,0.012100807917984053,-0.0,0.00015894208201594658,-0.0,0.15690768463816815,0.01225975
2019-08-30 01:00:00,-0.0,0.01198178357780716,-0.0,0.0,0.001759153577807161,0.15857888053708497,0.01022263
2019-08-30 02:00:00,-0.0,0.010870889736156167,-0.0,0.0,1.9769736156166617e-05,0.15859766178643334,0.01085112
2019-08-30 03:00:00,-0.0,0.01098991407633306,-0.0,0.0,0.002213818076333059,0.16070078895894974,0.008776096
2019-08-30 04:00:00,-0.0,0.013886173020637438,-0.0,0.015954466979362564,-0.0,0.14390661319119968,0.02984064
2019-08-30 05:00:00,-0.0,0.019916739589599983,-0.0,0.007701360410400017,-0.0,0.13579991802235755,0.0276181
2019-08-30 06:00:00,-0.0,0.02217820205296094,-0.0,0.00399181794703906,-0.0,0.13159800439389538,0.02617002
2019-08-30 07:00:00,0.010302676359577004,0.020234137830071698,-0.0,0.008690815810351298,-0.0,0.12244977722510453,0.03922763
2019-08-30 08:00:00,0.02671064241371816,0.017813976246474888,-0.0,0.017078421339806946,-0.0,0.1044724916042551,0.06160304
2019-08-30 09:00:00,0.04350018907376957,0.01948031700895138,-0.0,0.018424733917279057,-0.0,0.08507803484922452,0.08140524
2019-08-30 10:00:00,0.056092349068808126,0.021106982991368907,-0.0,0.0,0.011162982060177039,0.09568286780639271,0.06603635
2019-08-30 11:00:00,0.06448712239883383,0.024042916715732252,-0.0,0.0,0.017999409114566087,0.11278230646523049,0.07053063
2019-08-30 12:00:00,0.07097399269930825,0.026740801759741813,-0.0,0.0,0.022352524459050067,0.13401720470132805,0.07536227
2019-08-30 13:00:00,0.07021083148748773,0.027573972140980056,-0.0,0.0,0.026377613628467793,0.15907593764837244,0.07140719
2019-08-30 14:00:00,0.058763413310179945,0.026463078299329063,-0.0,0.0,0.033305611609509005,0.190716268677406,0.05192088
2019-08-30 15:00:00,0.041592286044218274,0.02499511143714739,-0.0,0.0,0.013466607481365665,0.20350954578470337,0.05312079
2019-08-30 16:00:00,0.020986933325064266,0.023289095894611932,-0.0,0.004274290780323802,-0.0,0.19901029233173095,0.04855032
2019-08-30 17:00:00,0.004960547876833372,0.022574949853550578,-0.0,0.026485722269616048,-0.0,0.17113058467950354,0.05402122
2019-08-30 18:00:00,-0.0,0.023090721994317113,-0.0,0.07415980800568289,-0.0,0.09306762888404788,0.09725053
2019-08-30 19:00:00,-0.0,0.023685843695201575,-0.0,0.03732942630479843,-0.0,0.05377349593162848,0.06101527
2019-08-30 20:00:00,-0.0,0.02225755161307887,-0.0,0.020824128386921128,-0.0,0.03185336078750098,0.04308168
2019-08-30 21:00:00,-0.0,0.021345031671722692,-0.0,0.012417178328277309,-0.0,0.018782646757735392,0.03376221
2019-08-30 22:00:00,-0.0,0.021345031671722692,-0.0,0.002041198328277309,-0.0,0.01663401693849612,0.02338623
2019-08-30 23:00:00,-0.0,0.022654299413668505,-0.0,0.0,0.0012493394136685043,0.017820889381481197,0.02140496
2019-08-31 00:00:00,-0.0,0.02392389237555536,-0.0,0.0,0.014507424375555359,0.03160294253825879,0.009416468
2019-08-31 01:00:00,-0.0,0.025233160117501176,-0.0,0.0,0.010150390117501176,0.0412458131498849,0.01508277
2019-08-31 02:00:00,-0.0,0.025312509677619104,-0.0,0.0,0.011899469677619104,0.05255030934362305,0.01341304
2019-08-31 03:00:00,-0.0,0.025153810557383246,-0.0,0.0,0.013643280557383246,0.06551142587313713,0.01151053
2019-08-31 04:00:00,-0.0,0.023249421114552967,-0.0,0.007468178885447034,-0.0,0.05765018494108762,0.0307176
2019-08-31 05:00:00,-0.0,0.022376575953255755,-0.0,0.018511794046744245,-0.0,0.03816408594451473,0.04088837
2019-08-31 06:00:00,-0.0,0.023566819355024683,-0.0,0.014374410644975317,-0.0,0.023033127370856506,0.03794123
2019-08-31 07:00:00,0.023657997566436082,0.022654299413668505,-0.0,0.00393584301989541,-0.0,0.018890134718335023,0.05024814
2019-08-31 08:00:00,0.06448712239883383,0.02102763343125098,-0.0,0.0,0.005334545830084816,0.023957953256915597,0.08018021
2019-08-31 09:00:00,0.10302676359577004,0.02035316217024859,-0.0,0.0,0.05452900576601863,0.07576050873463329,0.06885092
2019-08-31 10:00:00,0.11828998783218041,0.02102763343125098,-0.0,0.0,0.04699984126343139,0.1204103579348931,0.09231778
2019-08-31 11:00:00,0.1240136969208343,0.01975804046936413,-0.0,0.0,0.06554860739019844,0.18268153495558162,0.07822313
2019-08-31 12:00:00,0.11981631025582144,0.018210724047064527,-0.0,0.0,0.04498949430288597,0.2254215545433233,0.09303754
2019-08-31 13:00:00,0.10836889207851366,0.017099830205413533,-0.0,0.0,0.0458359022839272,0.26896566171305414,0.07963281999999999
2019-08-31 14:00:00,0.0919609260243725,0.01642535894441114,-0.0,0.0,0.037387004968783645,0.3044833164333986,0.07099928
2019-08-31 15:00:00,0.07059241209339799,0.014838367742052577,-0.0,0.0,0.03348560983545057,0.33629464577707663,0.05194517
2019-08-31 16:00:00,0.04464493089150035,0.013013327859340229,-0.0,0.0,0.01893247875084058,0.3542805005903752,0.03872578
2019-08-31 17:00:00,0.017552707871871933,0.011862759237630268,-0.0,0.0357930628904978,-0.0,0.316603592284588,0.06520853
2019-08-31 18:00:00,-0.0,0.011188287976627877,-0.0,0.09387301202337212,-0.0,0.2177898954178805,0.1050613
2019-08-31 19:00:00,-0.0,0.010355117595389634,-0.0,0.08631307240461036,-0.0,0.12693402972881696,0.09666819
2019-08-31 20:00:00,-0.0,0.010315442815330669,-0.0,0.03443069718466933,-0.0,0.09069119058705977,0.04474614
2019-08-31 21:00:00,-0.0,0.010474141935566526,-0.0,0.018250028064433474,-0.0,0.07148063472976138,0.02872417
2019-08-31 22:00:00,-0.0,0.011188287976627877,-0.0,0.007489482023372122,-0.0,0.06359696944200124,0.01867777
2019-08-31 23:00:00,-0.0,0.011664385337335449,-0.0,0.008545684662664551,-0.0,0.05460151190235435,0.02021007
2019-09-01 00:00:00,-0.0,0.011426336656981664,-0.0,0.0,0.0015628986569816636,0.05608626562648693,0.009863438
2019-09-01 01:00:00,-0.0,0.011227962756686843,-0.0,0.0,0.005381197756686842,0.06119840349533943,0.005846765
2019-09-01 02:00:00,-0.0,0.01098991407633306,-0.0,0.00411087592366694,-0.0,0.05687116568095318,0.01510079
2019-09-01 03:00:00,-0.0,0.010236093255212741,-0.0,0.0,0.002718030255212742,0.05945329442340528,0.007518062999999999
2019-09-01 04:00:00,-0.0,0.010156743695094813,-0.0,0.013189756304905187,-0.0,0.04556934041824193,0.0233465
2019-09-01 05:00:00,-0.0,0.011346987096863735,-0.0,0.022297992903136263,-0.0,0.022097768941256386,0.03364498
2019-09-01 06:00:00,-0.0,0.013291051319752977,-0.0,0.010347678680247023,-0.0,0.011205475593627941,0.02363873
2019-09-01 07:00:00,0.02671064241371816,0.014203571261109152,-0.0,0.010367456325172688,-0.0,0.00029236367239353356,0.05128167
2019-09-01 08:00:00,0.06525028361065437,0.015354139882819112,-0.0,0.0,0.018412693493473478,0.017784422491193337,0.06219173
2019-09-01 09:00:00,0.10646098904896238,0.020154788269953768,-0.0,0.0,0.06427558731891615,0.07884623044416368,0.06234019
2019-09-01 10:00:00,0.1297374060094882,0.023249421114552967,-0.0,0.0,0.10195755712404117,0.17570590971200278,0.05102926999999999
2019-09-01 11:00:00,0.13202688964494974,0.022376575953255755,-0.0,0.0,0.08773136559820549,0.259050707030298,0.0666721
2019-09-01 12:00:00,0.13126372843312922,0.02007543870983584,-0.0,0.0,0.05931374714296507,0.3153987668161148,0.09202542
2019-09-01 13:00:00,0.11714524601444963,0.017813976246474888,-0.0,0.0,0.07140625226092452,0.38323470646399305,0.06355297
2019-09-01 14:00:00,0.10493466662532135,0.015671538123290824,-0.0,0.0,0.058381314748612176,0.4386969554751746,0.06222489
2019-09-01 15:00:00,0.08280299148252629,0.013608449560224691,-0.0,0.0,0.055410551042750986,0.49133697896578804,0.04100089
2019-09-01 16:00:00,0.04807915634469268,0.011029588856392023,-0.0,0.0,0.015424425201084703,0.5059901829068185,0.04368432
2019-09-01 17:00:00,0.015644804842320635,0.009958369794799991,-0.0,0.049165955362879384,-0.0,0.45423654568273497,0.07476913
2019-09-01 18:00:00,-0.0,0.009323573313856566,-0.0,0.07392134668614343,-0.0,0.37642460180258397,0.08324492
2019-09-01 19:00:00,-0.0,0.007379509090967324,-0.0,0.07377383090903268,-0.0,0.29876793768781273,0.08115334
2019-09-01 20:00:00,-0.0,0.004959347507370514,-0.0,0.03601399249262948,-0.0,0.2608584719060975,0.04097334
2019-09-01 21:00:00,-0.0,0.0032136571847760933,-0.0,0.027551412815223907,-0.0,0.2318569847321776,0.03076507
2019-09-01 22:00:00,-0.0,0.002935933724363344,-0.0,0.022504126275636655,-0.0,0.20816843075782324,0.02544006
2019-09-01 23:00:00,-0.0,0.004007152785955375,-0.0,0.008043867214044625,-0.0,0.19970120211146047,0.01205102
2019-09-02 00:00:00,-0.0,0.005871867448726688,-0.0,0.0017920685512733117,-0.0,0.19781481416275173,0.007663936
2019-09-02 01:00:00,-0.0,0.007141460410613539,-0.0,0.0,0.0024150614106135393,0.2001091225028346,0.004726399
2019-09-02 02:00:00,-0.0,0.008450728152559355,-0.0,0.0007088278474406459,-0.0,0.1993629879265813,0.009159556000000001
2019-09-02 03:00:00,-0.0,0.009125199413561746,-0.0,0.0,0.0028422264135617463,0.20206310301946495,0.006282973
2019-09-02 04:00:00,-0.0,0.0075778829912621455,-0.0,0.017528867008737854,-0.0,0.1836116640628988,0.02510675
2019-09-02 05:00:00,-0.0,0.006070241349021509,-0.0,0.02145346865097849,-0.0,0.16102906548292145,0.02752371
2019-09-02 06:00:00,-0.0,0.004205526686250196,-0.0,0.020452833313749804,-0.0,0.13949976725792165,0.02465836
2019-09-02 07:00:00,0.017552707871871933,0.0024598363636557747,-0.0,0.028383005764472297,-0.0,0.10962291908479292,0.04839555
2019-09-02 08:00:00,0.047315995132872164,0.0022217876833019903,-0.0,0.009135587183825851,-0.0,0.10000651152287098,0.05867337
2019-09-02 09:00:00,0.08089508845297498,0.002856584164245416,-0.0,0.0,0.0337456626172204,0.13206489100923036,0.05000601
2019-09-02 10:00:00,0.1072241502607829,0.0034517058651298772,-0.0,0.0,0.07939213612591278,0.2074874203288475,0.03128372
2019-09-02 11:00:00,0.13546111509814207,0.005356095307960156,-0.0,0.0,0.07154059040610222,0.2754509812146446,0.06927662
2019-09-02 12:00:00,0.15377698418183455,0.006625688269847007,-0.0,0.0,0.08951227245168156,0.36048764004374206,0.0708904
2019-09-02 13:00:00,0.14232956600452676,0.006625688269847007,-0.0,0.0,0.061386614274373766,0.41880492360439714,0.08756864
2019-09-02 14:00:00,0.11523734298489834,0.006625688269847007,-0.0,0.0,0.06271170125474534,0.4783810397964052,0.05915133
2019-09-02 15:00:00,0.08394773330025707,0.006149590909139437,-0.0,0.0,0.0423755742093965,0.5186378352953319,0.04772175
2019-09-02 16:00:00,0.05189496240379528,0.005237070967783263,-0.0,0.0,0.015140003371578545,0.5330208384983315,0.04199203
2019-09-02 17:00:00,0.01831586908369245,0.004641949266898801,-0.0,0.046705941649408736,-0.0,0.4838566893936907,0.06966375999999999
2019-09-02 18:00:00,-0.0,0.004522924926721909,-0.0,0.0656439850732781,-0.0,0.4147577577376085,0.07016691
2019-09-02 19:00:00,-0.0,0.004483250146662945,-0.0,0.06797756985333706,-0.0,0.3432024210498853,0.07246082
2019-09-02 20:00:00,-0.0,0.004364225806486053,-0.0,0.04014126419351395,-0.0,0.30094845874092324,0.04450549
2019-09-02 21:00:00,-0.0,0.0035707302053067697,-0.0,0.03332295979469323,-0.0,0.26587165895703563,0.03689369
2019-09-02 22:00:00,-0.0,0.0030549580645402364,-0.0,0.002189583935459763,-0.0,0.26356683376181483,0.005244542
2019-09-02 23:00:00,-0.0,0.0030152832844812724,-0.0,0.013863876715518728,-0.0,0.2489732793244267,0.01687916
2019-09-03 00:00:00,-0.0,0.0033326815249529857,-0.0,0.0050177934750470134,-0.0,0.24369139145595617,0.008350475
2019-09-03 01:00:00,-0.0,0.004165851906191231,-0.0,0.006074058093808768,-0.0,0.2372976460940522,0.01023991
2019-09-03 02:00:00,-0.0,0.005038697067488442,-0.0,0.003380799932511558,-0.0,0.2337389093229874,0.008419497
2019-09-03 03:00:00,-0.0,0.0057528431085497956,-0.0,0.0031412208914502046,-0.0,0.2304323610161977,0.008894064
2019-09-03 04:00:00,-0.0,0.006308290029375294,-0.0,0.016764609970624705,-0.0,0.21278540315238223,0.0230729
2019-09-03 05:00:00,-0.0,0.007260484750790432,-0.0,0.01952244524920957,-0.0,0.1922354607847932,0.02678293
2019-09-03 06:00:00,-0.0,0.007934956011792822,-0.0,0.030006943988207163,-0.0,0.16064920395510146,0.03794189999999999
2019-09-03 07:00:00,0.02556590059598738,0.007022436070436647,-0.0,0.004135723333575977,-0.0,0.1562958109723899,0.03672406
2019-09-03 08:00:00,0.05952657452200046,0.004681624046957765,-0.0,0.0005383614310417797,-0.0,0.15572911472918802,0.06474656000000001
2019-09-03 09:00:00,0.09081618420664173,0.004364225806486053,-0.0,0.0,0.03109173001312778,0.1852662582416594,0.06408868
2019-09-03 10:00:00,0.1053162472312316,0.004562599706780873,-0.0,0.0,0.05938898693801248,0.24168579583277125,0.05048986
2019-09-03 11:00:00,0.11180311753170599,0.004562599706780873,-0.0,0.0,0.05058933723848685,0.28974566620933373,0.06577638000000001
2019-09-03 12:00:00,0.10378992480759056,0.004721298827016729,-0.0,0.0,0.017435353634607298,0.30630925216221067,0.09107586999999999
2019-09-03 13:00:00,0.09386882905392381,0.005316420527901191,-0.0,0.0,0.03127749958182502,0.3360228767649444,0.06790774999999999
2019-09-03 14:00:00,0.08127666905888525,0.006625688269847007,-0.0,0.0,0.00819713732873227,0.34381015722724007,0.07970522
2019-09-03 15:00:00,0.06639502542838513,0.006784387390082864,-0.0,0.0,0.015340952818468007,0.35838406240478465,0.05783845999999999
2019-09-03 16:00:00,0.043881769679679834,0.005713168328490832,-0.0,0.009337821991829337,-0.0,0.3485547760975959,0.05893276
2019-09-03 17:00:00,0.016789546660051412,0.004959347507370514,-0.0,0.044685185832578064,-0.0,0.3015177383790927,0.06643407999999999
2019-09-03 18:00:00,-0.0,0.004681624046957765,-0.0,0.07157559595304223,-0.0,0.22617500579694297,0.07625722
2019-09-03 19:00:00,-0.0,0.004800648387134657,-0.0,0.04841103161286534,-0.0,0.17521602515182155,0.05321168
2019-09-03 20:00:00,-0.0,0.005316420527901191,-0.0,0.04677790947209881,-0.0,0.12597612044434914,0.05209433
2019-09-03 21:00:00,-0.0,0.005435444868078084,-0.0,0.027943515131921916,-0.0,0.09656189398969449,0.03337896
2019-09-03 22:00:00,-0.0,0.00579251788860876,-0.0,0.007625262111391241,-0.0,0.08853530229349318,0.01341778
2019-09-03 23:00:00,-0.0,0.006665363049905971,-0.0,0.007111576950094028,-0.0,0.08104943181971,0.01377694
2019-09-04 00:00:00,-0.0,0.00781593167161593,-0.0,0.00668800832838407,-0.0,0.07400942305298992,0.01450394
2019-09-04 01:00:00,-0.0,0.009323573313856566,0.003141866686143434,0.0,-0.0,0.07400942305298992,0.01246544
2019-09-04 02:00:00,-0.0,0.011545360997158556,-0.0,0.0,0.0018772839971585558,0.07579284285029055,0.009668077
2019-09-04 03:00:00,-0.0,0.013886173020637438,-0.0,0.0,0.004785017020637439,0.08033860901989612,0.009101156
2019-09-04 04:00:00,-0.0,0.014362270381345008,0.01077523961865499,0.0,-0.0,0.08033860901989612,0.02513751
2019-09-04 05:00:00,-0.0,0.014203571261109152,-0.0,0.020517428738890835,-0.0,0.058741315610537345,0.03472099999999999
2019-09-04 06:00:00,0.0003815806059102594,0.013251376539694014,-0.0,0.006220312854395726,-0.0,0.05219361786906816,0.01985327
2019-09-04 07:00:00,0.038158060591025944,0.009958369794799991,-0.0,0.0,0.008584100385825938,0.0603485132356028,0.03953233
2019-09-04 08:00:00,0.07822402421160317,0.009045849853443817,-0.0,0.0,0.021045024065046984,0.08034128609739744,0.06622485
2019-09-04 09:00:00,0.09806621571893666,0.009323573313856566,-0.0,0.0,0.057174179032793225,0.134656756178551,0.05021561
2019-09-04 10:00:00,0.10951363389624444,0.01051381671562549,-0.0,0.0,0.07090853061186993,0.20201986025982743,0.04911892
2019-09-04 11:00:00,0.11638208480262911,0.011545360997158556,-0.0,0.0,0.04516822579978767,0.2449296747696257,0.08275922
2019-09-04 12:00:00,0.12096105207355223,0.011704060117394412,-0.0,0.0,0.06911627219094665,0.31059013335102503,0.06354884
2019-09-04 13:00:00,0.11371102056125729,0.011743734897453376,-0.0,0.0,0.07127977545871067,0.3783059200368002,0.05417498
2019-09-04 14:00:00,0.09501357087165459,0.01091056451621513,-0.0,0.0,0.04974378538786972,0.4255625161552764,0.05618035
2019-09-04 15:00:00,0.07097399269930825,0.00956162199421035,-0.0,0.0,0.0180944246935186,0.4427522196141191,0.06244119
2019-09-04 16:00:00,0.038921221802846455,0.008728451612972105,-0.0,0.012702646584181444,-0.0,0.4293810126834018,0.06035232
2019-09-04 17:00:00,0.009921095753666743,0.00849040293261832,-0.0,0.04535298131371493,-0.0,0.38164103235317554,0.06376448
2019-09-04 18:00:00,-0.0,0.009323573313856566,-0.0,0.06048513668614344,-0.0,0.317972467420393,0.06980871000000001
2019-09-04 19:00:00,-0.0,0.010672515835861346,-0.0,0.06307956416413867,-0.0,0.25157292619498384,0.07375208000000001
2019-09-04 20:00:00,-0.0,0.012100807917984053,-0.0,0.05029530208201594,-0.0,0.19863050295075652,0.06239611
2019-09-04 21:00:00,-0.0,0.013251376539694014,-0.0,0.008506463460305987,-0.0,0.18967633088727653,0.02175784
2019-09-04 22:00:00,-0.0,0.013767148680460545,-0.0,0.003849311319539455,-0.0,0.18562442423512973,0.01761646
2019-09-04 23:00:00,-0.0,0.013529100000106762,-0.0,0.0,1.0900001067622872e-06,0.18562545973523115,0.01352801
2019-09-05 00:00:00,-0.0,0.012894303519163337,0.0020249664808366635,0.0,-0.0,0.18562545973523115,0.01491927
2019-09-05 01:00:00,-0.0,0.012100807917984053,-0.0,0.0,0.0018013279179840535,0.18733672125731599,0.01029948
2019-09-05 02:00:00,-0.0,0.011783409677512341,-0.0,8.474032248765792e-05,-0.0,0.1872475209178553,0.01186815
2019-09-05 03:00:00,-0.0,0.011902434017689234,-0.0,0.0,0.0019211950176892326,0.18907265618466007,0.009981239000000001
2019-09-05 04:00:00,-0.0,0.012299181818278875,0.014592673073353388,0.0011302051083677388,-0.0,0.18788296659690457,0.02802206
2019-09-05 05:00:00,-0.0,0.011942108797748197,-0.0,0.028982671202251804,-0.0,0.15737489164716584,0.04092478
2019-09-05 06:00:00,-0.0,0.011148613196568916,0.014592673073353388,0.0173868537300777,-0.0,0.1390729403523472,0.04312814
2019-09-05 07:00:00,0.03167119029055153,0.009918695014741028,-0.0,0.0,0.009081245305292557,0.14770012339237515,0.03250864
2019-09-05 08:00:00,0.07402663754659032,0.0082920290323235,-0.0,0.0,0.017267516578913816,0.16410426414234328,0.06505115
2019-09-05 09:00:00,0.10798731147260339,0.008569752492736248,-0.0,0.0,0.05201356396533965,0.21351714990941595,0.06454349999999999
2019-09-05 10:00:00,0.11981631025582144,0.008847475953148998,-0.0,0.0,0.032471806208970444,0.24436536580793788,0.09619198
2019-09-05 11:00:00,0.12057947146764196,0.009045849853443817,-0.0,0.0,0.06642537132108578,0.30746946856296936,0.06319995
2019-09-05 12:00:00,0.11905314904400092,0.008609427272795213,-0.0,0.0,0.03271623631679614,0.3385498930639257,0.09494634
2019-09-05 13:00:00,0.1034083442016803,0.00761755777132111,-0.0,0.0,0.051014411973001404,0.38701358443827705,0.06001149
2019-09-05 14:00:00,0.0854740557238981,0.005871867448726688,-0.0,0.0,0.013403923172624788,0.3997473114522706,0.077942
2019-09-05 15:00:00,0.06448712239883383,0.003848453665719519,-0.0,0.0,0.015617336064553351,0.4145837807135963,0.05271824
2019-09-05 16:00:00,0.03968438301466697,0.0023804868035378467,-0.0,0.027002380181795176,-0.0,0.3861602226274961,0.06906725
2019-09-05 17:00:00,0.013736901812769337,0.0016663407624764928,0.014592673073353388,0.04772458435140079,-0.0,0.3359238180470742,0.0777205
2019-09-05 18:00:00,-0.0,0.0015473164222996004,-0.0,0.1029397835777004,-0.0,0.22756615112317907,0.1044871
2019-09-05 19:00:00,-0.0,0.0017853651026533848,-0.0,0.06527649489734662,-0.0,0.15885405123123525,0.06706186
2019-09-05 20:00:00,-0.0,0.0024201615835968107,-0.0,0.03949670841640319,-0.0,0.11727856868765295,0.04191687
2019-09-05 21:00:00,-0.0,0.0034913806451888417,0.014592673073353388,0.014597606281457771,-0.0,0.10191266733875003,0.03268166
2019-09-05 22:00:00,-0.0,0.004483250146662945,-0.0,0.022357969853337052,-0.0,0.07837796222997419,0.02684122
2019-09-05 23:00:00,-0.0,0.005276745747842227,0.003201434505996732,0.009332329746161043,-0.0,0.0685544572340152,0.01781051
2019-09-06 00:00:00,-0.0,0.005633818768372903,-0.0,0.009374901231627097,-0.0,0.05868614014809193,0.01500872
2019-09-06 01:00:00,-0.0,0.005594143988313939,0.004083907011686061,0.0,-0.0,0.05868614014809193,0.009678051
2019-09-06 02:00:00,-0.0,0.0057528431085497956,0.006545196891450204,0.0,-0.0,0.05868614014809193,0.01229804
2019-09-06 03:00:00,-0.0,0.0057528431085497956,-0.0,0.004609906891450205,-0.0,0.05383360657814435,0.01036275
2019-09-06 04:00:00,-0.0,0.006149590909139437,-0.0,0.017294419090860564,-0.0,0.035628954903554284,0.02344401
2019-09-06 05:00:00,-0.0,0.006228940469257365,0.014592673073353388,0.006488376457389247,-0.0,0.02879908494840771,0.02730999
2019-09-06 06:00:00,-0.0,0.0057528431085497956,0.014592673073353388,0.016274383818096816,-0.0,0.011668154613568958,0.0366199
2019-09-06 07:00:00,0.027855384231448933,0.003808778885660555,-0.0,0.01108474688289051,-0.0,-0.0,0.04274891
2019-09-06 08:00:00,0.06974508,-0.0,-0.0,0.0,-0.0,-0.0,0.06974508
2019-09-06 09:00:00,0.07710618999999999,-0.0,-0.0,0.0,-0.0,-0.0,0.07710618999999999
2019-09-06 10:00:00,0.07508913,-0.0,-0.0,0.0,-0.0,-0.0,0.07508913
2019-09-06 11:00:00,0.1011946,-0.0,-0.0,0.0,-0.0,-0.0,0.1011946
2019-09-06 12:00:00,0.14235402765947733,-0.0,-0.0,0.0,0.07272556765947732,0.06908928927650346,0.06962846
2019-09-06 13:00:00,0.19338589962458286,-0.0,-0.0,0.0,0.13325520962458287,0.19568173841985717,0.06013069
2019-09-06 14:00:00,0.1831586908369245,0.00289625894430438,-0.0,0.0,0.12266597978122887,0.3122144192120246,0.06338897
2019-09-06 15:00:00,0.14156640479270624,0.002578860703832667,-0.0,0.0,0.09130911549653889,0.3989580789337365,0.05283615000000001
2019-09-06 16:00:00,0.0873819587534494,0.0023804868035378467,-0.0,0.0,0.038926275556987244,0.4359380407128744,0.05083617
2019-09-06 17:00:00,0.03205277089646179,0.0021821129032430263,-0.0,0.05214005620029519,-0.0,0.38105377102835314,0.08637494
2019-09-06 18:00:00,-0.0,0.0023011372434199187,-0.0,0.08890197275658007,-0.0,0.28747274707405834,0.09120310999999999
2019-09-06 19:00:00,-0.0,0.002777234604127488,-0.0,0.08352401539587251,-0.0,0.19955273086787678,0.08630125
2019-09-06 20:00:00,-0.0,0.00289625894430438,-0.0,0.045708921055695614,-0.0,0.1514380771250393,0.04860518
2019-09-06 21:00:00,-0.0,0.002935933724363344,-0.0,0.030609356275636653,-0.0,0.11921770209805334,0.03354529
2019-09-06 22:00:00,-0.0,0.002935933724363344,-0.0,0.017645666275636653,-0.0,0.1006433165447516,0.0205816
2019-09-06 23:00:00,-0.0,0.0030152832844812724,-0.0,0.016848286715518728,-0.0,0.08290827789683715,0.01986357
2019-09-07 00:00:00,-0.0,0.003173982404717129,-0.0,0.004412643595282871,-0.0,0.07826338990180255,0.007586626
2019-09-07 01:00:00,-0.0,0.0034913806451888417,-0.0,0.0020717843548111584,-0.0,0.07608256426515923,0.005563165
2019-09-07 02:00:00,-0.0,0.0037691041056015905,-0.0,0.006901365894398409,-0.0,0.06881796858684512,0.01067047
2019-09-07 03:00:00,-0.0,0.00424520146630916,-0.0,0.00416090753369084,-0.0,0.06443806591980213,0.008406109
2019-09-07 04:00:00,-0.0,0.004562599706780873,-0.0,0.009296240293219127,-0.0,0.054652549821676735,0.01385884
2019-09-07 05:00:00,-0.0,0.004721298827016729,-0.0,0.024913141172983273,-0.0,0.02842819069222066,0.02963444
2019-09-07 06:00:00,-0.0,0.004641949266898801,-0.0,0.026906490733101196,-0.0,0.00010556886790361187,0.03154844
2019-09-07 07:00:00,0.035486996349654125,0.003927803225837447,-0.0,0.00010029042450843129,-0.0,-0.0,0.03951509
2019-09-07 08:00:00,0.04213411111433944,0.003808778885660555,-0.0,0.0,-0.0,-0.0,0.04594289
2019-09-07 09:00:00,0.06029792,-0.0,-0.0,0.0,-0.0,-0.0,0.06029792
2019-09-07 10:00:00,0.0559533,-0.0,-0.0,0.0,-0.0,-0.0,0.0559533
2019-09-07 11:00:00,0.06308306,-0.0,-0.0,0.0,-0.0,-0.0,0.06308306
2019-09-07 12:00:00,0.11064437851869618,-0.0,-0.0,0.0,0.05000610851869618,0.04750580309276137,0.06063827
2019-09-07 13:00:00,0.19990824003508964,0.006387639589493222,-0.0,0.0,0.13325520962458287,0.17409825223611508,0.07304067
2019-09-07 14:00:00,0.17972446538373216,0.003186114240850718,-0.0,0.0,0.13325520962458287,0.3006907013794688,0.04965537
2019-09-07 15:00:00,0.14309272721634728,0.004562599706780873,-0.0,0.0,0.11440915692312816,0.40937940045644056,0.03324617
2019-09-07 16:00:00,0.09463199026574433,0.0034120310850709133,-0.0,0.0,0.05667828135081523,0.463223767739715,0.04136574000000001
2019-09-07 17:00:00,0.03701331877329516,0.0023804868035378467,-0.0,0.029679124423166996,-0.0,0.43198258413638135,0.06907293
2019-09-07 18:00:00,-0.0,0.0021821129032430263,-0.0,0.11364928709675698,-0.0,0.3123517556134793,0.1158314
2019-09-07 19:00:00,-0.0,0.002578860703832667,-0.0,0.06567662929616733,-0.0,0.2432184616175137,0.06825548999999999
2019-09-07 20:00:00,-0.0,0.002539185923773703,-0.0,0.0461524640762263,-0.0,0.19463692048464393,0.04869165
2019-09-07 21:00:00,-0.0,0.0026978850440095596,-0.0,0.040313574955990444,-0.0,0.1522015784257066,0.04301146
2019-09-07 22:00:00,-0.0,0.0028169093841864516,-0.0,0.021045130615813548,-0.0,0.1300488093564292,0.02386204
2019-09-07 23:00:00,-0.0,0.0032136571847760933,-0.0,0.010675892815223907,-0.0,0.1188110274456672,0.01388955
2019-09-08 00:00:00,-0.0,0.003888128445778483,-0.0,0.010487711554221518,-0.0,0.10777133107280244,0.01437584
2019-09-08 01:00:00,-0.0,0.004324551026427088,-0.0,0.004945275973572911,-0.0,0.1025657774164099,0.009269827
2019-09-08 02:00:00,-0.0,0.0047609736070756935,-0.0,0.0059053463929243065,-0.0,0.09634962331859484,0.01066632
2019-09-08 03:00:00,-0.0,0.005395770088019119,-0.0,0.0037387559119808796,-0.0,0.0924140907796676,0.009134525999999999
2019-09-08 04:00:00,-0.0,0.00646698914961115,-0.0,0.01540147085038885,-0.0,0.07620201620031092,0.02186846
2019-09-08 05:00:00,-0.0,0.007379509090967324,-0.0,0.03607321090903268,-0.0,0.03823021524343442,0.04345272
2019-09-08 06:00:00,-0.0,0.007974630791851787,-0.0,0.02901289920814821,-0.0,0.00769032134012052,0.03698753
2019-09-08 07:00:00,0.035868576955564384,0.00761755777132111,-0.0,0.007305805273114495,-0.0,-0.0,0.05079193999999999
2019-09-08 08:00:00,0.05629501,-0.0,-0.0,0.0,-0.0,-0.0,0.05629501
2019-09-08 09:00:00,0.03790889,-0.0,-0.0,0.0,-0.0,-0.0,0.03790889
2019-09-08 10:00:00,0.07276962000000001,-0.0,-0.0,0.0,-0.0,-0.0,0.07276962000000001
2019-09-08 11:00:00,0.08387809,-0.0,-0.0,0.0,-0.0,-0.0,0.08387809
2019-09-08 12:00:00,0.18257413542266931,-0.0,-0.0,0.0,0.05112363542266932,0.04856745365153585,0.1314505
2019-09-08 13:00:00,0.18163236841328345,0.007419183871026289,-0.0,0.0,0.11742252228430974,0.1601188498216301,0.07162903
2019-09-08 14:00:00,0.16026385448230893,0.00579251788860876,-0.0,0.0,0.1011153123709177,0.25617839657400193,0.06494106
2019-09-08 15:00:00,0.12210579389128301,0.004046827566014339,-0.0,0.0,0.08191089145729735,0.3339937434584344,0.04424173
2019-09-08 16:00:00,0.07364505694068006,0.003173982404717129,-0.0,0.0,0.03344852934539719,0.36576984633656173,0.04337051
2019-09-08 17:00:00,0.0263290618078079,0.003173982404717129,-0.0,0.013691185787474972,-0.0,0.3513580718234302,0.04319423
2019-09-08 18:00:00,-0.0,0.003848453665719519,-0.0,0.08713501633428047,-0.0,0.2596370019978718,0.09098347
2019-09-08 19:00:00,-0.0,0.004800648387134657,-0.0,0.04866849161286536,-0.0,0.2084070108264346,0.05346914000000001
2019-09-08 20:00:00,-0.0,0.005395770088019119,-0.0,0.02968762991198088,-0.0,0.17715687407698105,0.0350834
2019-09-08 21:00:00,-0.0,0.005514794428196012,-0.0,0.03532383557180399,-0.0,0.1399738892645558,0.04083863
2019-09-08 22:00:00,-0.0,0.005395770088019119,-0.0,0.02136063991198088,-0.0,0.1174890051466812,0.02675641
2019-09-08 23:00:00,-0.0,0.005276745747842227,-0.0,0.009989924252157773,-0.0,0.10697329540756775,0.01526667
2019-09-09 00:00:00,-0.0,0.005276745747842227,-0.0,0.005191004252157773,-0.0,0.10150908040529641,0.01046775
2019-09-09 01:00:00,-0.0,0.005554469208254976,-0.0,0.0057237107917450245,-0.0,0.09548412167714375,0.01127818
2019-09-09 02:00:00,-0.0,0.005395770088019119,-0.0,0.0016238039119808815,-0.0,0.0937748544013744,0.007019574000000001
2019-09-09 03:00:00,-0.0,0.005118046627606371,-0.0,0.0028482433723936284,-0.0,0.09077670348306531,0.00796629
2019-09-09 04:00:00,-0.0,0.005038697067488442,-0.0,0.027093982932511557,-0.0,0.062256721448842624,0.03213268
2019-09-09 05:00:00,-0.0,0.005554469208254976,-0.0,0.030709760791745012,-0.0,0.029930657457532088,0.03626422999999999
2019-09-09 06:00:00,0.0003815806059102594,0.006347964809434258,-0.0,0.028434124584655485,-0.0,-0.0,0.03516367
2019-09-09 07:00:00,0.02809087,-0.0,-0.0,0.0,-0.0,-0.0,0.02809087
2019-09-09 08:00:00,0.05646019,-0.0,-0.0,0.0,-0.0,-0.0,0.05646019
2019-09-09 09:00:00,0.04821495,-0.0,-0.0,0.0,-0.0,-0.0,0.04821495
2019-09-09 10:00:00,0.05165063316708686,0.00868877683291314,-0.0,0.0,-0.0,-0.0,0.06033941
2019-09-09 11:00:00,0.12131587968999485,0.00936324809391553,-0.0,0.0,0.05228959778391038,0.04967511789471486,0.07838953
2019-09-09 12:00:00,0.2216983320338607,0.009720321114446207,-0.0,0.0,0.12356855314830689,0.1670652433856064,0.1078501
2019-09-09 13:00:00,0.17856100153066734,0.00936324809391553,-0.0,0.0,0.13325520962458287,0.2936576925289601,0.05466904
2019-09-09 14:00:00,0.16522440235914232,0.008450728152559355,-0.0,0.0,0.10559667051170167,0.3939745295150767,0.06807846000000001
2019-09-09 15:00:00,0.12630318055629586,0.007419183871026289,-0.0,0.0,0.09039747442732216,0.47985213022103274,0.04332489
2019-09-09 16:00:00,0.07135557330521851,0.004999022287429478,-0.0,0.0,0.02296438559264799,0.5016682965340483,0.05339021
2019-09-09 17:00:00,0.020986933325064266,0.003689754545483662,-0.0,0.037037302129452075,-0.0,0.4626816627135725,0.06171399
2019-09-09 18:00:00,-0.0,0.0035310554252478057,-0.0,0.07211797457475219,-0.0,0.38676800526646493,0.07564902999999999
2019-09-09 19:00:00,-0.0,0.0037691041056015905,-0.0,0.07284090589439841,-0.0,0.3100933674828876,0.07661001
2019-09-09 20:00:00,-0.0,0.003650079765424698,-0.0,0.035487310234575305,-0.0,0.27273830407807154,0.03913739
2019-09-09 21:00:00,-0.0,0.0035310554252478057,-0.0,0.021039654574752195,-0.0,0.2505912992625429,0.02457071
2019-09-09 22:00:00,-0.0,0.003808778885660555,-0.0,0.014872801114339446,-0.0,0.2349357191421856,0.01868158
2019-09-09 23:00:00,-0.0,0.004403900586545016,-0.0,0.009209499413454983,-0.0,0.22524150923328562,0.0136134
2019-09-10 00:00:00,-0.0,0.004879997947252586,-0.0,0.007504482052747414,-0.0,0.21734205444091992,0.01238448
2019-09-10 01:00:00,-0.0,0.005395770088019119,-0.0,0.003882820911980882,-0.0,0.21325487453357161,0.009278591000000001
2019-09-10 02:00:00,-0.0,0.005276745747842227,-0.0,0.0029963772521577735,-0.0,0.2101007932155108,0.008273123
2019-09-10 03:00:00,-0.0,0.005356095307960156,-0.0,0.003965000692039845,-0.0,0.2059271082765215,0.009321096000000001
2019-09-10 04:00:00,-0.0,0.005316420527901191,-0.0,0.01582559947209881,-0.0,0.18926858251641748,0.02114202
2019-09-10 05:00:00,-0.0,0.0046022744868398375,-0.0,0.03163458551316017,-0.0,0.15596901881835415,0.03623686
2019-09-10 06:00:00,-0.0,0.003888128445778483,-0.0,0.037710501554221516,-0.0,0.11627375402443677,0.04159863
2019-09-10 07:00:00,0.017552707871871933,0.002935933724363344,-0.0,0.009784878403764723,-0.0,0.10597388202047389,0.03027352
2019-09-10 08:00:00,0.04846073695060294,0.0026978850440095596,-0.0,0.0,0.003335321994612485,0.10914243791535576,0.04782330000000001
2019-09-10 09:00:00,0.08967144238891095,0.0026582102639505956,-0.0,0.0,0.016166462652861535,0.12450057743557422,0.07616319
2019-09-10 10:00:00,0.11638208480262911,0.0024598363636557747,-0.0,0.0,0.05540665116628488,0.17713689604354485,0.06343527
2019-09-10 11:00:00,0.13927692115724466,0.0026185354838916316,-0.0,0.0,0.05198069664113629,0.2265185578526243,0.08991476
2019-09-10 12:00:00,0.1484348556990909,0.003173982404717129,-0.0,0.0,0.09078758810380802,0.3127667665512419,0.06082125
2019-09-10 13:00:00,0.1457637914577191,0.0032136571847760933,-0.0,0.0,0.08493403864249519,0.39345410326161234,0.06404341
2019-09-10 14:00:00,0.13164530903903948,0.002499511143714739,-0.0,0.0,0.07499311018275422,0.4646975579352289,0.05915171
2019-09-10 15:00:00,0.09844779632484692,0.0017853651026533848,-0.0,0.0,0.0567986514275003,0.5186562767913542,0.04343451
2019-09-10 16:00:00,0.05494760725107735,0.001428292082122708,-0.0,0.0,0.008467589333200055,0.5267004866578943,0.04790831
2019-09-10 17:00:00,0.017552707871871933,0.0015473164222996004,-0.0,0.02663151570582847,-0.0,0.4986673122307064,0.04573154
2019-09-10 18:00:00,-0.0,0.0019837390029482055,-0.0,0.08016141099705179,-0.0,0.4142868796022309,0.08214515
2019-09-10 19:00:00,-0.0,0.0024201615835968107,-0.0,0.06627953841640319,-0.0,0.34451894442706965,0.0686997
2019-09-10 20:00:00,-0.0,0.0023408120234788823,-0.0,0.03657744797652112,-0.0,0.306016367609679,0.03891826
2019-09-10 21:00:00,-0.0,0.0022614624633609543,-0.0,0.022696047536639043,-0.0,0.2821257912553221,0.02495751
2019-09-10 22:00:00,-0.0,0.0022614624633609543,-0.0,0.011075737536639046,-0.0,0.2704671201641231,0.0133372
2019-09-10 23:00:00,-0.0,0.0024201615835968107,-0.0,0.01209053841640319,-0.0,0.2577402376205408,0.0145107
2019-09-11 00:00:00,-0.0,0.002539185923773703,-0.0,0.006573401076226297,-0.0,0.2508208680666184,0.009112587
2019-09-11 01:00:00,-0.0,0.0026978850440095596,-0.0,0.01098894495599044,-0.0,0.23925355758662847,0.01368683
2019-09-11 02:00:00,-0.0,0.002539185923773703,-0.0,0.008836964076226297,-0.0,0.22995149013796923,0.01137615
2019-09-11 03:00:00,-0.0,0.002102763343125098,-0.0,0.008658436656874902,-0.0,0.22083734628862722,0.0107612
2019-09-11 04:00:00,-0.0,0.0017456903225944208,-0.0,0.020471879677405578,-0.0,0.19928799925977925,0.02221757
2019-09-11 05:00:00,-0.0,0.0011902434017689234,-0.0,0.027173426598231076,-0.0,0.17068439231427285,0.02836367
2019-09-11 06:00:00,-0.0,0.0005951217008844617,-0.0,0.03199442829911554,-0.0,0.1370060467362565,0.03258955
2019-09-11 07:00:00,0.0263290618078079,0.00023804868035378468,-0.0,0.030350929511838317,-0.0,0.10505769988168984,0.05691804
2019-09-11 08:00:00,0.0648687030047441,7.934956011792822e-05,-0.0,0.0,0.0011880725648620305,0.10618636881830877,0.06375998
2019-09-11 09:00:00,0.10073727996030848,3.967478005896411e-05,-0.0,0.0,0.05818528474036745,0.16146238932165785,0.04259167
2019-09-11 10:00:00,0.12554001934447534,3.967478005896411e-05,-0.0,0.0,0.0655430841245343,0.22372831923996545,0.06003661
2019-09-11 11:00:00,0.13965850176315492,3.967478005896411e-05,-0.0,0.0,0.041689616543213875,0.2633334549560186,0.09800856000000001
2019-09-11 12:00:00,0.14729011388136012,7.934956011792822e-05,-0.0,0.0,0.07258165344147806,0.33228602572542276,0.07478781
2019-09-11 13:00:00,0.14614537206362935,0.00023804868035378468,-0.0,0.0,0.08304325074398312,0.41117711393220674,0.06334017
2019-09-11 14:00:00,0.12897424479766767,0.00047609736070756937,-0.0,0.0,0.05260561215837524,0.4611524454826632,0.07684473
2019-09-11 15:00:00,0.09653989329529562,0.000714146041061354,-0.0,0.0,0.03426758933635698,0.4937066553522023,0.06298645
2019-09-11 16:00:00,0.05418444603925683,0.0007538208211203181,-0.0,0.0019677231396228456,-0.0,0.49163536783680983,0.05690599
2019-09-11 17:00:00,0.015263224236410376,0.0008728451612972104,-0.0,0.05685110060229242,-0.0,0.4317921040449231,0.07298717
2019-09-11 18:00:00,-0.0,0.0011108938416509952,-0.0,0.076483326158349,-0.0,0.35128333966771363,0.07759422
2019-09-11 19:00:00,-0.0,0.001388617302063744,-0.0,0.05821280269793626,-0.0,0.2900067052488334,0.05960142
2019-09-11 20:00:00,-0.0,0.0015076416422406362,-0.0,0.04666450835775936,-0.0,0.24088617013540248,0.04817215
2019-09-11 21:00:00,-0.0,0.0016663407624764928,-0.0,0.029462149237523508,-0.0,0.2098733814643251,0.03112849
2019-09-11 22:00:00,-0.0,0.0015869912023585644,-0.0,0.020464588797641438,-0.0,0.18833170904575516,0.02205158
2019-09-11 23:00:00,-0.0,0.001428292082122708,-0.0,0.01810523791787729,-0.0,0.16927356386904222,0.01953353
2019-09-12 00:00:00,-0.0,0.0011902434017689234,-0.0,0.011344316598231076,-0.0,0.1573321779761674,0.01253456
2019-09-12 01:00:00,-0.0,0.0007934956011792822,-0.0,0.012287864398820719,-0.0,0.14439758387214557,0.01308136
2019-09-12 02:00:00,-0.0,0.0003967478005896411,-0.0,0.012846862199410359,-0.0,0.130874571030661,0.01324361
2019-09-12 03:00:00,-0.0,0.00015869912023585645,-0.0,0.013049910879764145,-0.0,0.11713782273617242,0.01320861
2019-09-12 04:00:00,-0.0,3.967478005896411e-05,-0.0,0.026766285219941035,-0.0,0.08896278566255028,0.02680596
2019-09-12 05:00:00,-0.0,-0.0,-0.0,0.03538062,-0.0,0.05172002776781344,0.03538062
2019-09-12 06:00:00,-0.0,-0.0,-0.0,0.04630629,-0.0,0.0029765646099187033,0.04630629
2019-09-12 07:00:00,0.04006596362057723,-0.0,-0.0,0.0028277363794227683,-0.0,-0.0,0.0428937
2019-09-12 08:00:00,0.07039503000000001,-0.0,-0.0,0.0,-0.0,-0.0,0.07039503000000001
2019-09-12 09:00:00,0.07503343,-0.0,-0.0,0.0,-0.0,-0.0,0.07503343
2019-09-12 10:00:00,0.07823086000000001,-0.0,-0.0,0.0,-0.0,-0.0,0.07823086000000001
2019-09-12 11:00:00,0.1780741816144752,-0.0,-0.0,0.0,0.046482681614475184,0.044158547533751424,0.1315915
2019-09-12 12:00:00,0.22971152475797615,-0.0,-0.0,0.0,0.11478072475797615,0.15320023605382876,0.1149308
2019-09-12 13:00:00,0.21094056962458288,-0.0,-0.0,0.0,0.13325520962458287,0.2797926851971825,0.07768536000000001
2019-09-12 14:00:00,0.19918507628515542,0.0011902434017689234,-0.0,0.0,0.12787275968692433,0.4012718068997606,0.07250256000000001
2019-09-12 15:00:00,0.15148750054637297,0.0020234137830071695,-0.0,0.0,0.09992816432938015,0.4962035630126717,0.05358275
2019-09-12 16:00:00,0.0892898617830007,0.0026978850440095596,-0.0,0.0,0.038755026827010264,0.5330208384983315,0.05323272
2019-09-12 17:00:00,0.03090802907873101,0.003173982404717129,-0.0,0.048045548516551864,-0.0,0.48244657690196113,0.08212756
2019-09-12 18:00:00,-0.0,0.0033723563050119497,-0.0,0.10967654369498804,-0.0,0.36699758353881584,0.1130489
2019-09-12 19:00:00,-0.0,0.0035310554252478057,0.0043959425287544655,0.09220850204599773,-0.0,0.2699360024377656,0.1001355
2019-09-12 20:00:00,-0.0,0.003650079765424698,0.014592673073353388,0.03683122716122192,-0.0,0.23116628963647937,0.05507398
2019-09-12 21:00:00,-0.0,0.004007152785955375,-0.0,0.043100207214044624,-0.0,0.1857976504638008,0.04710736
2019-09-12 22:00:00,-0.0,0.004007152785955375,-0.0,0.024175457214044627,-0.0,0.16034980076480645,0.02818261
2019-09-12 23:00:00,-0.0,0.003610404985365734,-0.0,0.020579095014634265,-0.0,0.13868759548624407,0.0241895
2019-09-13 00:00:00,-0.0,0.0033723563050119497,-0.0,0.005282806694988051,-0.0,0.13312674633362506,0.008655163
2019-09-13 01:00:00,-0.0,0.0030549580645402364,-0.0,0.008747591935459764,-0.0,0.12391875482261479,0.01180255
2019-09-13 02:00:00,-0.0,0.002777234604127488,-0.0,0.008695265395872512,-0.0,0.11476584387959109,0.0114725
2019-09-13 03:00:00,-0.0,0.0023408120234788823,-0.0,0.007167662976521118,-0.0,0.10722093548325307,0.009508475
2019-09-13 04:00:00,-0.0,0.0023804868035378467,0.014592673073353388,0.01677045012310876,-0.0,0.089567830090507,0.03374360999999999
2019-09-13 05:00:00,-0.0,0.002935933724363344,-0.0,0.03485567627563666,-0.0,0.052877644537205254,0.03779161
2019-09-13 06:00:00,-0.0,0.0033723563050119497,-0.0,0.02458111369498805,-0.0,0.027002788016165197,0.02795347
2019-09-13 07:00:00,0.033579093320102824,0.0030549580645402364,-0.0,0.02565264861535694,-0.0,-0.0,0.0622867
2019-09-13 08:00:00,0.04391283369498805,0.0033723563050119497,-0.0,0.0,-0.0,-0.0,0.04728519
2019-09-13 09:00:00,0.07610118,-0.0,-0.0,0.0,-0.0,-0.0,0.07610118
2019-09-13 10:00:00,0.15269219458325783,-0.0,-0.0,0.0,0.10313679458325785,0.09797995485409496,0.0495554
2019-09-13 11:00:00,0.19804033446742464,0.007339834310908361,-0.0,0.0,0.128494178778333,0.2200494246935113,0.07688599
2019-09-13 12:00:00,0.19498768962014254,0.007272940004440315,-0.0,0.0,0.13325520962458287,0.346641873836865,0.06900542
2019-09-13 13:00:00,0.16331649932959103,0.009006175073384854,-0.0,0.0,0.08411151440297587,0.4265478125196921,0.08821116000000001
2019-09-13 14:00:00,0.1201978908617317,0.00964097155432828,-0.0,0.0,0.07125721241605996,0.49424216431494905,0.05858165000000001
2019-09-13 15:00:00,0.08509247511798784,0.010156743695094813,-0.0,0.0,0.039504238813082654,0.5317711911873776,0.05574498
2019-09-13 16:00:00,0.046934414526961905,0.010156743695094813,-0.0,0.0,0.001315418222056719,0.5330208384983315,0.05577574
2019-09-13 17:00:00,0.013736901812769337,0.010474141935566526,-0.0,0.027968556251664133,-0.0,0.503580252970264,0.0521796
2019-09-13 18:00:00,-0.0,0.010989914076333061,-0.0,0.056565835923666936,-0.0,0.44403726778745667,0.06755575
2019-09-13 19:00:00,-0.0,0.01063284105580238,-0.0,0.07167419894419762,-0.0,0.36859074258303814,0.08230704
2019-09-13 20:00:00,-0.0,0.009482272434092422,-0.0,0.04473978756590758,-0.0,0.321496229355767,0.05422206
2019-09-13 21:00:00,-0.0,0.008490402932618317,-0.0,0.03543675706738168,-0.0,0.2841943798111547,0.04392716
2019-09-13 22:00:00,-0.0,0.008252354252264536,-0.0,0.018291815747735463,-0.0,0.2649398369188016,0.02654417
2019-09-13 23:00:00,-0.0,0.007974630791851787,-0.0,0.008780099208148212,-0.0,0.25569762722601397,0.01675473
2019-09-14 00:00:00,-0.0,0.007934956011792822,-0.0,0.0020941139882071774,-0.0,0.2534932967121117,0.01002907
2019-09-14 01:00:00,-0.0,0.007736582111498002,-0.0,0.004252307888501998,-0.0,0.24901718314526747,0.01198889
2019-09-14 02:00:00,-0.0,0.00761755777132111,-0.0,0.0057184822286788905,-0.0,0.24299772816771073,0.01333604
2019-09-14 03:00:00,-0.0,0.007974630791851787,-0.0,0.002305649208148212,-0.0,0.24057072900123894,0.01028028
2019-09-14 04:00:00,-0.0,0.008847475953148998,-0.0,0.024004524046851,-0.0,0.2153028089519221,0.032852
2019-09-14 05:00:00,-0.0,0.009402922873974495,-0.0,0.031212647126025502,-0.0,0.18244739092452683,0.04061557
2019-09-14 06:00:00,-0.0,0.00987902023468206,-0.0,0.04669975976531794,-0.0,0.13328974906629742,0.05657878
2019-09-14 07:00:00,0.017552707871871933,0.009283898533797602,-0.0,0.03670968359433047,-0.0,0.09464797686173904,0.06354629
2019-09-14 08:00:00,0.05303970422152606,0.0082920290323235,-0.0,0.013861266746150435,-0.0,0.08005716976052805,0.075193
2019-09-14 09:00:00,0.08509247511798784,0.009918695014741028,-0.0,0.0,0.031878370132728866,0.11034162138662047,0.0631328
2019-09-14 10:00:00,0.10302676359577004,0.012418206158455767,-0.0,0.0,0.0335447897542258,0.14220917165313499,0.08190018
2019-09-14 11:00:00,0.12210579389128301,0.014441619941462936,-0.0,0.0,0.04134367383274595,0.18148566179424364,0.09520374
2019-09-14 12:00:00,0.130882147827219,0.0160286111438215,-0.0,0.0,0.0518859289710405,0.2307772943167321,0.09502482999999999
2019-09-14 13:00:00,0.12057947146764196,0.01737755366582628,-0.0,0.0,0.04542611513346823,0.27393210369352694,0.09253091000000001
2019-09-14 14:00:00,0.09997411874848797,0.0191232439884207,-0.0,0.0,0.04441125273690867,0.3161227937935902,0.07468611
2019-09-14 15:00:00,0.07211873451703903,0.020511861290484445,-0.0,0.0,0.041059585807523474,0.3551294003107375,0.05157101
2019-09-14 16:00:00,0.040829124832397756,0.020948283871133053,-0.0,0.015358721296469188,-0.0,0.3389623252618225,0.07713613
2019-09-14 17:00:00,0.01259215999503856,0.020948283871133053,-0.0,0.05213574613382839,-0.0,0.28408259248937157,0.08567619
2019-09-14 18:00:00,-0.0,0.021583080352076484,-0.0,0.07130819964792351,-0.0,0.20902132970208365,0.09289127999999999
2019-09-14 19:00:00,-0.0,0.022019502932725088,-0.0,0.06536983706727492,-0.0,0.14021097489442583,0.08738934000000001
2019-09-14 20:00:00,-0.0,0.021900478592548192,-0.0,0.018143821407451806,-0.0,0.12111221551816076,0.0400443
2019-09-14 21:00:00,-0.0,0.022059177712784046,-0.0,0.006719432287215953,-0.0,0.1140391289000387,0.02877861
2019-09-14 22:00:00,-0.0,0.022773323753845397,-0.0,0.0034651062461546027,-0.0,0.1103916486409286,0.02623843
2019-09-14 23:00:00,-0.0,0.023884217595496395,-0.0,0.0,0.00020931759549639578,0.11059050035665018,0.0236749
2019-09-15 00:00:00,-0.0,0.024519014076439822,-0.0,0.0,0.012212164076439823,0.122192056229268,0.01230685
2019-09-15 01:00:00,-0.0,0.024519014076439822,-0.0,0.0,0.01604025807643982,0.13743030140188583,0.008478756
2019-09-15 02:00:00,-0.0,0.024519014076439822,-0.0,0.0,0.013010834076439822,0.14979059377450366,0.01150818
2019-09-15 03:00:00,-0.0,0.024003241935673287,-0.0,0.0,0.010846091935673288,0.16009438111339327,0.01315715
2019-09-15 04:00:00,-0.0,0.02336844545472986,-0.0,0.00445618454527014,-0.0,0.1554036605394247,0.02782463
2019-09-15 05:00:00,-0.0,0.022495600293432647,-0.0,0.005009709706567354,-0.0,0.15013028190093275,0.02750531
2019-09-15 06:00:00,-0.0,0.022059177712784046,-0.0,0.022755522287215953,-0.0,0.1261771005459686,0.0448147
2019-09-15 07:00:00,0.010302676359577004,0.021940153372607154,-0.0,0.0,0.0008217597321841554,0.12695777229154354,0.03142107
2019-09-15 08:00:00,0.029000126049179713,0.02182112903243026,-0.0,0.0,0.004068955081609978,0.130823279619073,0.0467523
2019-09-15 09:00:00,0.05036863998015424,0.02182112903243026,-0.0,0.0,0.017321739012584506,0.1472789316810283,0.05486803
2019-09-15 10:00:00,0.07250031512294929,0.021583080352076477,-0.0,0.0,0.03388822547502576,0.17947274588230278,0.06019517
2019-09-15 11:00:00,0.09081618420664173,0.02170210469225337,-0.0,0.003625911101104908,-0.0,0.17565599735482393,0.1161442
2019-09-15 12:00:00,0.09959253814257771,0.02170210469225337,-0.0,0.001891257165168924,-0.0,0.17366520033885663,0.1231859
2019-09-15 13:00:00,0.09501357087165459,0.021106982991368907,-0.0,0.0,0.0326049038630235,0.20463985900872894,0.08351565
2019-09-15 14:00:00,0.0797503466352442,0.02027381261013066,-0.0,0.0,0.009437959245374859,0.21360592029183506,0.0905862
2019-09-15 15:00:00,0.0572370908865389,0.019361292668774486,-0.0,0.0,0.02714019355531339,0.23938910416938278,0.04945819
2019-09-15 16:00:00,0.0347238351378336,0.018567797067595204,-0.0,0.0,7.09922054288048e-05,0.23945654676454015,0.05322064
2019-09-15 17:00:00,0.011065837571397523,0.01785365102653385,-0.0,0.047830411402068625,-0.0,0.18910874528867844,0.0767499
2019-09-15 18:00:00,-0.0,0.01749657800600317,-0.0,0.04871499199399683,-0.0,0.13782980634762915,0.06621157
2019-09-15 19:00:00,-0.0,0.01773462668635696,-0.0,0.05588224331364304,-0.0,0.07900639233326806,0.07361687
2019-09-15 20:00:00,-0.0,0.017734626686356954,-0.0,0.031932053313643044,-0.0,0.04539370463469644,0.04966668
2019-09-15 21:00:00,-0.0,0.017139504985472495,-0.0,0.0219124550145275,-0.0,0.022327962514141174,0.03905196
2019-09-15 22:00:00,-0.0,0.016742757184882856,-0.0,0.011285492815117145,-0.0,0.010448496392965231,0.02802825
2019-09-15 23:00:00,-0.0,0.017020480645295603,-0.0,0.0,0.0046609006452956025,0.014876352005996055,0.01235958
2019-09-16 00:00:00,-0.0,0.017615602346180065,-0.0,0.0,0.008569478346180064,0.023017356434867117,0.009046124000000001
2019-09-16 01:00:00,-0.0,0.017893325806592815,-0.0,0.0,0.005141935806592815,0.02790219545113029,0.01275139
2019-09-16 02:00:00,-0.0,0.017734626686356957,-0.0,0.0,0.007490546686356958,0.0350182148031694,0.01024408
2019-09-16 03:00:00,-0.0,0.017218854545590426,-0.0,0.0,0.008215603545590425,0.0428230381714803,0.009003251
2019-09-16 04:00:00,-0.0,0.01745690322594421,-0.0,0.006008896774055788,-0.0,0.03649788367247421,0.0234658
2019-09-16 05:00:00,-0.0,0.0181313744869466,-0.0,0.028982125513053403,-0.0,0.005990383132418002,0.0471135
2019-09-16 06:00:00,-0.0,0.018210724047064527,-0.0,0.004527355952935474,-0.0,0.0012247452872221547,0.02273808
2019-09-16 07:00:00,0.01869744968960271,0.018528122287536242,-0.0,0.001163508022861047,-0.0,-0.0,0.03838908
2019-09-16 08:00:00,0.008810550791638266,0.019083569208361736,-0.0,0.0,-0.0,-0.0,0.02789412
2019-09-16 09:00:00,0.09005302299482121,0.010151144357293168,-0.0,0.0,0.054713097352114375,0.051977442484508654,0.04549107
2019-09-16 10:00:00,0.11638208480262911,0.019202593548538628,-0.0,0.0,0.08587195835116776,0.13355580291811803,0.04971271999999999
2019-09-16 11:00:00,0.13775059873360362,0.019202593548538628,-0.0,0.0,0.07913861228214225,0.20873748458615318,0.07781458000000001
2019-09-16 12:00:00,0.15568488721138582,0.019202593548538628,-0.0,0.0,0.08732361075992445,0.2916949148080814,0.08756386999999999
2019-09-16 13:00:00,0.15644804842320634,0.018448772727418312,-0.0,0.0,0.06709712115062465,0.35543717990117485,0.1077997
2019-09-16 14:00:00,0.13736901812769337,0.016663407624764925,-0.0,0.0,0.09052585575245829,0.44143674286601026,0.06350657
2019-09-16 15:00:00,0.10607940844305212,0.013529100000106762,-0.0,0.0,0.0760837684431589,0.5137163228870112,0.04352474
2019-09-16 16:00:00,0.05990815512791072,0.010593166275743419,-0.0,0.0,0.015447561403654143,0.5283915062204826,0.05505376
2019-09-16 17:00:00,0.01717112726596167,0.010712190615920311,-0.0,0.021346082118118018,-0.0,0.5059219460961478,0.0492294
2019-09-16 18:00:00,-0.0,0.011545360997158556,-0.0,0.07263851900284145,-0.0,0.4294603471457884,0.08418388
2019-09-16 19:00:00,-0.0,0.011346987096863735,-0.0,0.056509362903136275,-0.0,0.36997680724775023,0.06785635000000001
2019-09-16 20:00:00,-0.0,0.010593166275743419,-0.0,0.031290413724256574,-0.0,0.3370395296432696,0.04188358
2019-09-16 21:00:00,-0.0,0.009759995894505172,-0.0,0.03194352410549483,-0.0,0.3034147674269593,0.04170352
2019-09-16 22:00:00,-0.0,0.009244223753738639,-0.0,0.01072335624626136,-0.0,0.29212702400984203,0.01996758
2019-09-16 23:00:00,-0.0,0.009244223753738639,-0.0,0.008351306246261363,-0.0,0.2833361753295669,0.01759553
2019-09-17 00:00:00,-0.0,0.009879020234682064,-0.0,0.002484059765317936,-0.0,0.28072137557660065,0.01236308
2019-09-17 01:00:00,-0.0,0.00849040293261832,-0.0,0.002421387067381679,-0.0,0.2781725470846199,0.01091179
2019-09-17 02:00:00,-0.0,0.007696907331439038,-0.0,0.0064393526685609615,-0.0,0.27139428111771363,0.01413626
2019-09-17 03:00:00,-0.0,0.006784387390082864,-0.0,0.002142706609917136,-0.0,0.2691388004756956,0.008927094
2019-09-17 04:00:00,-0.0,0.005395770088019119,-0.0,0.02670917991198088,-0.0,0.24102387425255783,0.03210495
2019-09-17 05:00:00,-0.0,0.004443575366603981,-0.0,0.04462045463339602,-0.0,0.19405497463845675,0.04906403
2019-09-17 06:00:00,-0.0,0.004046827566014339,-0.0,0.034326602433985665,-0.0,0.15792170891847185,0.03837343
2019-09-17 07:00:00,0.023657997566436082,0.0030549580645402364,-0.0,0.01633692436902368,-0.0,0.14072494642476271,0.04304988
2019-09-17 08:00:00,0.05685551028062864,0.0023011372434199187,-0.0,0.0,0.007518267524048564,0.14786730057260886,0.05163838
2019-09-17 09:00:00,0.07746086299978266,0.0026978850440095596,-0.0,0.0,0.02483716804379222,0.17146261021421147,0.05532158
2019-09-17 10:00:00,0.09730305450711614,0.0033326815249529857,-0.0,0.0,0.05916597603206913,0.22767028744467713,0.04146976
2019-09-17 11:00:00,0.11332943995534703,0.0046022744868398375,-0.0,0.0,0.03627342444218687,0.26213004066475465,0.08165829
2019-09-17 12:00:00,0.12363211631492405,0.006625688269847007,-0.0,0.0,0.060762714584771046,0.31985461952028715,0.06949509000000001
2019-09-17 13:00:00,0.11218469813761625,0.00761755777132111,-0.0,0.0,0.06766640590893735,0.38413770513377765,0.05213585
2019-09-17 14:00:00,0.09730305450711614,0.007696907331439038,-0.0,0.0,0.05466776183855518,0.43607207888040506,0.0503322
2019-09-17 15:00:00,0.06715818664020565,0.0065860134897880425,-0.0,0.0,0.014607590129993693,0.44994928950389906,0.05913661
2019-09-17 16:00:00,0.03777647998511568,0.005475119648137048,-0.0,0.01420889036674728,-0.0,0.43499256280205983,0.05746049
2019-09-17 17:00:00,0.01144741817730778,0.005475119648137048,-0.0,0.06245553217455517,-0.0,0.3692498973551597,0.07937807
2019-09-17 18:00:00,-0.0,0.005713168328490832,-0.0,0.06689817167150916,-0.0,0.2988307692798869,0.07261134
2019-09-17 19:00:00,-0.0,0.005316420527901191,-0.0,0.058159149472098805,-0.0,0.23761061194083552,0.06347557
2019-09-17 20:00:00,-0.0,0.004403900586545016,-0.0,0.04235793941345498,-0.0,0.19302330729509343,0.04676184
2019-09-17 21:00:00,-0.0,0.004086502346073303,-0.0,0.037512287653926696,-0.0,0.1535366887120127,0.04159879
2019-09-17 22:00:00,-0.0,0.004126177126132268,-0.0,0.020953292873867733,-0.0,0.13148059095004666,0.02507947
2019-09-17 23:00:00,-0.0,0.004443575366603981,-0.0,0.01487709463339602,-0.0,0.11582049133594557,0.01932067
2019-09-18 00:00:00,-0.0,0.004681624046957765,-0.0,0.007503335953042235,-0.0,0.10792224296432217,0.01218496
2019-09-18 01:00:00,-0.0,0.004879997947252586,-0.0,0.006668642052747415,-0.0,0.10090261975090384,0.01154864
2019-09-18 02:00:00,-0.0,0.004959347507370514,-0.0,0.0013988824926294847,-0.0,0.09943011186392543,0.006358229999999999
2019-09-18 03:00:00,-0.0,0.005356095307960156,-0.0,0.0005037636920398447,-0.0,0.09889983429335718,0.005859859
2019-09-18 04:00:00,-0.0,0.005435444868078084,-0.0,0.014845345131921917,-0.0,0.08327315520712358,0.02028079
2019-09-18 05:00:00,-0.0,0.005157721407665334,-0.0,0.03426191859233466,-0.0,0.04720797774150816,0.03941964
2019-09-18 06:00:00,-0.0,0.004443575366603981,-0.0,0.027855234633396016,-0.0,0.017886678127407095,0.03229881
2019-09-18 07:00:00,0.020223772113243745,0.003848453665719519,-0.0,0.01699234422103674,-0.0,-0.0,0.04106457
2019-09-18 08:00:00,0.0594279,-0.0,-0.0,0.0,-0.0,-0.0,0.0594279
2019-09-18 09:00:00,0.02713168,-0.0,-0.0,0.0,-0.0,-0.0,0.02713168
2019-09-18 10:00:00,0.05975565,-0.0,-0.0,0.0,-0.0,-0.0,0.05975565
2019-09-18 11:00:00,0.11463479384020302,-0.0,-0.0,0.0,0.06988514384020302,0.06639088664819286,0.04474965
2019-09-18 12:00:00,0.18010604598964242,0.004284876246368124,-0.0,0.0,0.10828113223601053,0.16925796227240286,0.07610979000000001
2019-09-18 13:00:00,0.16217175751186022,0.005356095307960156,-0.0,0.0,0.10258181281982037,0.2667106844512322,0.06494604
2019-09-18 14:00:00,0.13393479267450104,0.0065066639296701145,-0.0,0.0,0.07437530660417116,0.3373672257251948,0.06606614999999999
2019-09-18 15:00:00,0.10073727996030848,0.006387639589493222,-0.0,0.0,0.0594627195498017,0.3938568092975064,0.0476622
2019-09-18 16:00:00,0.0507502205860645,0.005276745747842227,-0.0,0.007319103666093278,-0.0,0.38615248964898713,0.06334607
2019-09-18 17:00:00,0.01297374060094882,0.004641949266898801,-0.0,0.054756240132152384,-0.0,0.3285143421414583,0.07237193
2019-09-18 18:00:00,-0.0,0.004443575366603981,-0.0,0.06898929463339602,-0.0,0.25589403200104144,0.07343287
2019-09-18 19:00:00,-0.0,0.0049196727273115495,-0.0,0.061208897272688446,-0.0,0.19146361381926413,0.06612857
2019-09-18 20:00:00,-0.0,0.005237070967783263,-0.0,0.03244160903221674,-0.0,0.15731455168008862,0.03767868
2019-09-18 21:00:00,-0.0,0.005554469208254976,-0.0,0.025325110791745025,-0.0,0.130656540320357,0.03087958
2019-09-18 22:00:00,-0.0,0.006228940469257365,-0.0,0.017015299530742635,-0.0,0.11274569870904896,0.02324424
2019-09-18 23:00:00,-0.0,0.007062110850495611,-0.0,0.01163034914950439,-0.0,0.10050322592009697,0.01869246
2019-09-19 00:00:00,-0.0,0.006863736950200791,-0.0,0.004295333049799209,-0.0,0.09598182270978202,0.01115907
2019-09-19 01:00:00,-0.0,0.00599089178890358,-0.0,0.0023695022110964198,-0.0,0.09348760985599631,0.008360394
2019-09-19 02:00:00,-0.0,0.005276745747842227,-0.0,0.0013368542521577731,-0.0,0.09208039485372498,0.0066136
2019-09-19 03:00:00,-0.0,0.004959347507370514,-0.0,0.005475632492629486,-0.0,0.08631657117727289,0.01043498
2019-09-19 04:00:00,-0.0,0.004126177126132268,-0.0,0.012404752873867731,-0.0,0.0732589365732016,0.01653093
2019-09-19 05:00:00,-0.0,0.003888128445778483,-0.0,0.02930239155422152,-0.0,0.04241431388454736,0.03319052
2019-09-19 06:00:00,-0.0,0.004126177126132268,-0.0,0.02711000287386773,-0.0,0.01387746875416028,0.03123618
2019-09-19 07:00:00,0.021750094536884784,0.004483250146662945,-0.0,0.013183595316452267,-0.0,-0.0,0.03941694
2019-09-19 08:00:00,0.02636151463339602,0.004443575366603981,-0.0,0.0,-0.0,-0.0,0.03080509
2019-09-19 09:00:00,0.05445187,-0.0,-0.0,0.0,-0.0,-0.0,0.05445187
2019-09-19 10:00:00,0.06627261,-0.0,-0.0,0.0,-0.0,-0.0,0.06627261
2019-09-19 11:00:00,0.08414611,-0.0,-0.0,0.0,-0.0,-0.0,0.08414611
2019-09-19 12:00:00,0.09232162029297732,-0.0,-0.0,0.0,0.011534640292977327,0.01095790827832846,0.08078698
2019-09-19 13:00:00,0.1707586522345,0.006784387390082864,-0.0,0.0,0.13325520962458287,0.13755035742168217,0.04428783
2019-09-19 14:00:00,0.1812507878073732,0.007101785630554576,-0.0,0.0,0.12541552343792778,0.25669510468771356,0.06293705
2019-09-19 15:00:00,0.12057947146764196,0.006347964809434258,-0.0,0.0,0.07493028627707622,0.32787887665093596,0.05199715
2019-09-19 16:00:00,0.07059241209339799,0.005514794428196012,-0.0,0.0,0.031744646521594,0.3580362908464503,0.04436256
2019-09-19 17:00:00,0.020986933325064266,0.004959347507370514,-0.0,0.02125444916756522,-0.0,0.3356631864595395,0.04720073
2019-09-19 18:00:00,-0.0,0.0048403231671936215,-0.0,0.04942447683280638,-0.0,0.2836374213723749,0.0542648
2019-09-19 19:00:00,-0.0,0.005435444868078084,-0.0,0.05919233513192191,-0.0,0.22132970018087816,0.06462778
2019-09-19 20:00:00,-0.0,0.005316420527901191,-0.0,0.03956641947209881,-0.0,0.1796808375786689,0.04488284
2019-09-19 21:00:00,-0.0,0.005038697067488442,-0.0,0.03169616293251155,-0.0,0.14631645554444622,0.03673485999999999
2019-09-19 22:00:00,-0.0,0.0049196727273115495,-0.0,0.010796207272688452,-0.0,0.13495202683635313,0.01571588
2019-09-19 23:00:00,-0.0,0.004721298827016729,-0.0,0.004970712172983271,-0.0,0.12971969823321283,0.009692011
2019-09-20 00:00:00,-0.0,0.004959347507370514,-0.0,0.006036492492629486,-0.0,0.12336549560939232,0.01099584
2019-09-20 01:00:00,-0.0,0.005633818768372903,-0.0,0.005963541231627096,-0.0,0.11708808378662695,0.01159736
2019-09-20 02:00:00,-0.0,0.006149590909139437,-0.0,0.0008297910908605629,-0.0,0.11621461948045794,0.006979382
2019-09-20 03:00:00,-0.0,0.00646698914961115,-0.0,0.0044454608503888505,-0.0,0.11153518700636442,0.01091245
2019-09-20 04:00:00,-0.0,0.006228940469257365,-0.0,0.027939699530742636,-0.0,0.08212497697400375,0.03416864
2019-09-20 05:00:00,-0.0,0.00579251788860876,-0.0,0.02955753211139124,-0.0,0.051011785277802445,0.03535005
2019-09-20 06:00:00,-0.0,0.005276745747842227,-0.0,0.041914444252157776,-0.0,0.006891317643952159,0.04719119
2019-09-20 07:00:00,0.030526448472820752,0.003650079765424698,-0.0,0.006546751761754552,-0.0,-0.0,0.04072328
2019-09-20 08:00:00,0.06162094,-0.0,-0.0,0.0,-0.0,-0.0,0.06162094
2019-09-20 09:00:00,0.07210236,-0.0,-0.0,0.0,-0.0,-0.0,0.07210236
2019-09-20 10:00:00,0.06498556999999999,-0.0,-0.0,0.0,-0.0,-0.0,0.06498556999999999
2019-09-20 11:00:00,0.08542398,-0.0,-0.0,0.0,-0.0,-0.0,0.08542398
2019-09-20 12:00:00,0.12030236742844636,-0.0,-0.0,0.0,0.03733004742844636,0.03546354505702404,0.08297232
2019-09-20 13:00:00,0.2014784496245829,-0.0,-0.0,0.0,0.13325520962458287,0.16205599420037775,0.06822324
2019-09-20 14:00:00,0.20185614052652723,0.0032930067448940213,-0.0,0.0,0.13033943727142125,0.28587845960822794,0.07480971
2019-09-20 15:00:00,0.16102701569412944,0.0033723563050119497,-0.0,0.0,0.09044740199914139,0.37180349150741226,0.07395197
2019-09-20 16:00:00,0.10455308601941107,0.0030152832844812724,-0.0,0.0,0.06174345930389234,0.43045977784611,0.04582491
2019-09-20 17:00:00,0.03968438301466697,0.002499511143714739,-0.0,0.030534465841618293,-0.0,0.39831823485493284,0.07271836000000001
2019-09-20 18:00:00,-0.0,0.002539185923773703,-0.0,0.1026179140762263,-0.0,0.29029937793258936,0.1051571
2019-09-20 19:00:00,-0.0,0.0034120310850709133,-0.0,0.06988149891492909,-0.0,0.21673990539055876,0.07329353000000001
2019-09-20 20:00:00,-0.0,0.003888128445778483,-0.0,0.04158863155422152,-0.0,0.17296239849137823,0.04547676
2019-09-20 21:00:00,-0.0,0.004165851906191231,-0.0,0.01923400809380877,-0.0,0.15271607418210584,0.02339986
2019-09-20 22:00:00,-0.0,0.004284876246368124,-0.0,0.017497873753631876,-0.0,0.1342972597045986,0.02178275
2019-09-20 23:00:00,-0.0,0.00424520146630916,-0.0,0.01412795853369084,-0.0,0.11942572440597668,0.01837316
2019-09-21 00:00:00,-0.0,0.004126177126132268,-0.0,0.003578880873867732,-0.0,0.11565848138085275,0.007705058
2019-09-21 01:00:00,-0.0,0.004007152785955375,-0.0,0.006687927214044624,-0.0,0.10861855799764787,0.01069508
2019-09-21 02:00:00,-0.0,0.003650079765424698,-0.0,0.005707544234575302,-0.0,0.10261061669809492,0.009357624
2019-09-21 03:00:00,-0.0,0.0030152832844812724,-0.0,0.006197756715518726,-0.0,0.09608666226070678,0.009213039999999999
2019-09-21 04:00:00,-0.0,0.002737559824068524,-0.0,0.022082450175931474,-0.0,0.07284197786498944,0.02482001
2019-09-21 05:00:00,-0.0,0.002935933724363344,-0.0,0.031087526275636653,-0.0,0.04011826599589823,0.03402346
2019-09-21 06:00:00,-0.0,0.00289625894430438,-0.0,0.033999321055695614,-0.0,0.004329506989902852,0.03689558
2019-09-21 07:00:00,0.045026511497410604,0.001467966862181672,-0.0,0.004113031640407709,-0.0,-0.0,0.05060750999999999
2019-09-21 08:00:00,0.05242204,-0.0,-0.0,0.0,-0.0,-0.0,0.05242204
2019-09-21 09:00:00,0.06219001,-0.0,-0.0,0.0,-0.0,-0.0,0.06219001
2019-09-21 10:00:00,0.07949651,-0.0,-0.0,0.0,-0.0,-0.0,0.07949651
2019-09-21 11:00:00,0.20977059110190843,-0.0,-0.0,0.0,0.11999323110190843,0.113993569546813,0.08977736
2019-09-21 12:00:00,0.21496448962458287,-0.0,-0.0,0.0,0.13325520962458287,0.24058601869016671,0.08170928000000001
2019-09-21 13:00:00,0.20605352719154008,0.0035310554252478057,-0.0,0.0,0.11322019261678788,0.3481452016761152,0.09636439
2019-09-21 14:00:00,0.17171127265961672,0.0037294293255426265,-0.0,0.0,0.10309764198515935,0.4460879615620166,0.07234306
2019-09-21 15:00:00,0.13050056722130873,0.0034120310850709133,-0.0,0.0,0.08151642830637965,0.5235285684530773,0.05239617
2019-09-21 16:00:00,0.07631612118205189,0.0023408120234788823,-0.0,0.0,0.009991863205530777,0.5330208384983315,0.06866507
2019-09-21 17:00:00,0.022131675142795047,0.001428292082122708,0.014592673073353388,0.03379042970172887,-0.0,0.4974519651280906,0.07194307000000001
2019-09-21 18:00:00,-0.0,0.0012695929618868516,0.014592673073353388,0.08561693396475976,-0.0,0.40732887674413293,0.1014792
2019-09-21 19:00:00,-0.0,0.0013092677419458158,0.014592673073353388,0.0592721191847008,-0.0,0.34493717233918475,0.07517406
2019-09-21 20:00:00,-0.0,0.0011902434017689234,-0.0,0.04012582659823108,-0.0,0.30269946013052046,0.04131607
2019-09-21 21:00:00,-0.0,0.0011108938416509952,-0.0,0.027509496158349005,-0.0,0.273742095753311,0.02862039
2019-09-21 22:00:00,-0.0,0.0007934956011792822,-0.0,0.019837144398820717,-0.0,0.2528608911229734,0.02063064
2019-09-21 23:00:00,-0.0,0.00047609736070756937,-0.0,0.02415467263929243,-0.0,0.2274349199237182,0.02463077
2019-09-22 00:00:00,-0.0,0.00023804868035378468,-0.0,0.013137431319646216,-0.0,0.2136060448504064,0.01337548
2019-09-22 01:00:00,-0.0,0.00015869912023585645,0.011759990879764143,0.0,-0.0,0.2136060448504064,0.01191869
2019-09-22 02:00:00,-0.0,7.934956011792822e-05,-0.0,0.009722129439882071,-0.0,0.20337222438737265,0.009801479
2019-09-22 03:00:00,-0.0,3.967478005896411e-05,-0.0,0.011137035219941036,-0.0,0.19164902941901366,0.01117671
2019-09-22 04:00:00,-0.0,-0.0,0.014592673073353388,0.009421596926646613,-0.0,0.18173155896991197,0.02401427
2019-09-22 05:00:00,-0.0,-0.0,-0.0,0.03068601,-0.0,0.14943049581201723,0.03068601
2019-09-22 06:00:00,-0.0,3.967478005896411e-05,-0.0,0.03813779521994103,-0.0,0.1092854482120793,0.03817747
2019-09-22 07:00:00,0.023657997566436082,3.967478005896411e-05,0.014592673073353388,0.010777384580151561,-0.0,0.09794083286455135,0.04906773
2019-09-22 08:00:00,0.0572370908865389,-0.0,-0.0,0.0,0.013682910886538904,0.11093959820676332,0.04355418
2019-09-22 09:00:00,0.09997411874848797,-0.0,-0.0,0.0,0.059575338748487965,0.1675361700178269,0.04039878
2019-09-22 10:00:00,0.1278295029799369,-0.0,-0.0,0.0,0.0732761929799369,0.23714855334876694,0.05455331
2019-09-22 11:00:00,0.13279005085677026,-0.0,-0.0,0.0,0.06738864085677027,0.3011677621626987,0.06540141
2019-09-22 12:00:00,0.12706634176811638,-0.0,-0.0,0.0,0.05210400176811637,0.35066656384240924,0.07496234
2019-09-22 13:00:00,0.11828998783218041,3.967478005896411e-05,-0.0,0.0,0.050632782612239385,0.39876770732403666,0.06769687999999999
2019-09-22 14:00:00,0.09348724844801355,0.00019837390029482055,-0.0,0.0,0.02764762234830838,0.4250329485549296,0.066038
2019-09-22 15:00:00,0.05761867149244917,0.0003967478005896411,-0.0,0.0,0.02331630929303881,0.4471834423833165,0.03469911
2019-09-22 16:00:00,0.024802739384166862,0.0004364225806486052,-0.0,0.025437888035184535,-0.0,0.4204067181357538,0.05067705
2019-09-22 17:00:00,0.005342128482743631,0.0005554469208254976,-0.0,0.03432412459643087,-0.0,0.3842760606658266,0.0402217
2019-09-22 18:00:00,-0.0,0.0006347964809434258,-0.0,0.050199553519056576,-0.0,0.33143442538260914,0.05083435
2019-09-22 19:00:00,-0.0,0.0006744712610023899,-0.0,0.05370916873899761,-0.0,0.27489845828892745,0.05438364
2019-09-22 20:00:00,-0.0,0.000714146041061354,0.011797748164546568,0.03678121579439208,-0.0,0.23618138903167263,0.04929311
2019-09-22 21:00:00,-0.0,0.0008331703812382464,-0.0,0.024495749618761754,-0.0,0.21039638943297606,0.02532892
2019-09-22 22:00:00,-0.0,0.0009521947214151387,-0.0,0.01980224527858486,-0.0,0.18955192071867621,0.02075444
2019-09-22 23:00:00,-0.0,0.001071219061592031,-0.0,0.016331060938407967,-0.0,0.17236133025719413,0.01740228
2019-09-23 00:00:00,-0.0,0.0013092677419458158,-0.0,0.006162489258054184,-0.0,0.16587449945924237,0.007471757
2019-09-23 01:00:00,-0.0,0.001467966862181672,-0.0,0.011210563137818328,-0.0,0.1540739066825915,0.01267853
2019-09-23 02:00:00,-0.0,0.0015473164222996004,0.0068845275777003985,0.0,-0.0,0.1540739066825915,0.008431843999999999
2019-09-23 03:00:00,-0.0,0.0015473164222996004,0.009674143577700401,0.0,-0.0,0.1540739066825915,0.01122146
2019-09-23 04:00:00,-0.0,0.0019837390029482055,0.014592673073353388,0.013725377923698405,-0.0,0.1396261404471195,0.03030179
2019-09-23 05:00:00,-0.0,0.0026185354838916316,-0.0,0.03491726451610837,-0.0,0.10287112516700543,0.0375358
2019-09-23 06:00:00,-0.0,0.0030152832844812724,-0.0,0.03322677671551873,-0.0,0.0678955707296173,0.03624206
2019-09-23 07:00:00,0.019842191507333486,0.0029756085044223084,-0.0,0.036541469988244216,-0.0,0.02943086547883391,0.05935927000000001
2019-09-23 08:00:00,0.056473929674718384,0.002539185923773703,-0.0,0.0,0.0003348755984920876,0.029748997297401394,0.05867824
2019-09-23 09:00:00,0.09119776481255198,0.002935933724363344,-0.0,0.0,0.04818568853691533,0.07552540140747095,0.04594801
2019-09-23 10:00:00,0.11485576237898808,0.003134307624658165,-0.0,0.0,0.05416790000364624,0.12698490641093488,0.06382217
2019-09-23 11:00:00,0.1297374060094882,0.0033326815249529857,-0.0,0.0,0.04898107753444117,0.17351693006865399,0.08408901
2019-09-23 12:00:00,0.13775059873360362,0.0029756085044223084,-0.0,0.0,0.053212197238025935,0.22406851744477863,0.08751401
2019-09-23 13:00:00,0.13126372843312922,0.0023011372434199187,-0.0,0.0,0.04857635567654914,0.2702160553375003,0.08498851
2019-09-23 14:00:00,0.11752682662035989,0.001467966862181672,-0.0,0.0,0.02375410348254156,0.2927824536459148,0.09524069
2019-09-23 15:00:00,0.09081618420664173,0.0009125199413561745,-0.0,0.0,0.0352797641479979,0.32629822958651283,0.05644894
2019-09-23 16:00:00,0.05342128482743632,0.0006744712610023899,0.004108963911561292,0.0,-0.0,0.32629822958651283,0.05820472
2019-09-23 17:00:00,0.01717112726596167,0.0009918695014741027,-0.0,0.03409432323256423,-0.0,0.2904094682890768,0.05225732
2019-09-23 18:00:00,-0.0,0.0019440642228892415,0.014592673073353388,0.08835866270375736,-0.0,0.19740034965354275,0.1048954
2019-09-23 19:00:00,-0.0,0.0030549580645402364,0.014592673073353388,0.04790840886210638,-0.0,0.14697044558816763,0.06555604
2019-09-23 20:00:00,-0.0,0.0035707302053067697,0.014592673073353388,0.020660506721339844,-0.0,0.12522254377623096,0.03882391
2019-09-23 21:00:00,-0.0,0.003808778885660555,0.014592673073353388,0.012972448040986061,-0.0,0.1115673353120351,0.0313739
2019-09-23 22:00:00,-0.0,0.0034517058651298772,-0.0,0.025180404134870122,-0.0,0.08506164674901391,0.02863211
2019-09-23 23:00:00,-0.0,0.0030549580645402364,0.014592673073353388,0.0023815688621063747,-0.0,0.082554732157323,0.0200292
2019-09-24 00:00:00,-0.0,0.002856584164245416,-0.0,0.007982425835754583,-0.0,0.07415217864600238,0.01083901
2019-09-24 01:00:00,-0.0,0.002539185923773703,0.008527534076226298,0.0,-0.0,0.07415217864600238,0.01106672
2019-09-24 02:00:00,-0.0,0.0023408120234788823,-0.0,0.008617937976521117,-0.0,0.06508066498650647,0.01095875
2019-09-24 03:00:00,-0.0,0.0023804868035378467,0.0074415751964621545,0.0,-0.0,0.06508066498650647,0.009822062000000001
2019-09-24 04:00:00,-0.0,0.002499511143714739,0.014592673073353388,0.012765125782931873,-0.0,0.05164369047815714,0.02985731
2019-09-24 05:00:00,-0.0,0.002578860703832667,0.014592673073353388,0.01773868622281396,-0.0,0.03297138919098455,0.03491022000000001
2019-09-24 06:00:00,-0.0,0.0028169093841864516,0.014592673073353388,0.02476061754246016,-0.0,0.006907581251552803,0.0421702
2019-09-24 07:00:00,0.033197512714192565,0.0023408120234788823,0.014592673073353388,0.006562202188975163,-0.0,-0.0,0.0566932
2019-09-24 08:00:00,0.05322443,-0.0,-0.0,0.0,-0.0,-0.0,0.05322443
2019-09-24 09:00:00,0.05679402,-0.0,-0.0,0.0,-0.0,-0.0,0.05679402
2019-09-24 10:00:00,0.06669131,-0.0,-0.0,0.0,-0.0,-0.0,0.06669131
2019-09-24 11:00:00,0.1597381267762739,-0.0,-0.0,0.0,0.06085164677627388,0.057809064437460186,0.09888648000000001
2019-09-24 12:00:00,0.23467207263480952,0.0026978850440095596,-0.0,0.0,0.1310223576788191,0.18228030423233832,0.1063476
2019-09-24 13:00:00,0.20324501962458286,-0.0,-0.0,0.0,0.13325520962458287,0.30887275337569203,0.06998981
2019-09-24 14:00:00,0.19646439962458287,-0.0,-0.0,0.0,0.13325520962458287,0.43546520251904575,0.06320919
2019-09-24 15:00:00,0.14538221085180883,0.002539185923773703,-0.0,0.0,0.08841307677558252,0.5194576254558492,0.05950832
2019-09-24 16:00:00,0.08242141087661603,0.0026185354838916316,-0.0,0.0,0.014277066360507656,0.5330208384983315,0.07076288
2019-09-24 17:00:00,0.02403957817234634,0.0026582102639505956,0.014592673073353388,0.032146848490349676,-0.0,0.49918205061375287,0.07343730999999999
2019-09-24 18:00:00,-0.0,0.003134307624658165,-0.0,0.08119448237534184,-0.0,0.4137141744291825,0.08432879
2019-09-24 19:00:00,-0.0,0.0035310554252478057,0.014592673073353388,0.0722849715013988,-0.0,0.3376247307434996,0.0904087
2019-09-24 20:00:00,-0.0,0.003689754545483662,0.014592673073353388,0.039071532381162954,-0.0,0.2964968019212228,0.05735396
2019-09-24 21:00:00,-0.0,0.0037691041056015905,0.014592673073353388,0.030153092821045023,-0.0,0.26475670421485964,0.04851487
2019-09-24 22:00:00,-0.0,0.0034517058651298772,-0.0,0.02698533413487012,-0.0,0.23635108933604898,0.03043704
2019-09-24 23:00:00,-0.0,0.003134307624658165,0.001646767314148291,0.016171095061193543,-0.0,0.21932888400847683,0.02095217
2019-09-25 00:00:00,-0.0,0.0029756085044223084,0.009040731495577691,0.0,-0.0,0.21932888400847683,0.01201634
2019-09-25 01:00:00,-0.0,0.002777234604127488,0.006729667395872512,0.0,-0.0,0.21932888400847683,0.009506902
2019-09-25 02:00:00,-0.0,0.0028169093841864516,0.008205290615813548,0.0,-0.0,0.21932888400847683,0.0110222
2019-09-25 03:00:00,-0.0,0.003094632844599201,0.0052859021554007984,0.0,-0.0,0.21932888400847683,0.008380535
2019-09-25 04:00:00,-0.0,0.003610404985365734,0.014108515014634265,0.0,-0.0,0.21932888400847683,0.01771892
2019-09-25 05:00:00,-0.0,0.004046827566014339,0.014592673073353388,0.018510539360632274,-0.0,0.19984410573412706,0.03715004
2019-09-25 06:00:00,-0.0,0.004403900586545016,0.014592673073353388,0.0041865563401015955,-0.0,0.1954372043234938,0.02318313
2019-09-25 07:00:00,0.014881643630500116,0.004007152785955375,0.007416543583544511,0.0,-0.0,0.1954372043234938,0.02630534
2019-09-25 08:00:00,0.04807915634469268,0.0030152832844812724,-0.0,0.0,0.021810169629173953,0.21615686547120905,0.02928427
2019-09-25 09:00:00,0.0797503466352442,0.0030152832844812724,-0.0,0.0,0.036380339919725474,0.25071818839494825,0.04638529
2019-09-25 10:00:00,0.10302676359577004,0.003610404985365734,-0.0,0.0,0.05946107858113577,0.3072062130470272,0.04717609
2019-09-25 11:00:00,0.1144741817730778,0.003967478005896411,-0.0,0.0,0.027757439778974213,0.3335757808370527,0.09068422
2019-09-25 12:00:00,0.10913205329033418,0.0037691041056015905,-0.0,0.0,0.010350257395935772,0.34340852536319166,0.1025509
2019-09-25 13:00:00,0.09119776481255198,0.0032533319648350573,-0.0,0.0,0.003645876777387036,0.34687210830170934,0.09080522
2019-09-25 14:00:00,0.0675397672461159,0.0032136571847760933,-0.0,0.0,0.010328974430892,0.3566846340110567,0.06042445
2019-09-25 15:00:00,0.04617125331514139,0.0033326815249529857,-0.0,0.0,0.004006254840094363,0.36049057610914637,0.04549768000000001
2019-09-25 16:00:00,0.024802739384166862,0.0033326815249529857,0.014592673073353388,0.007015246017526759,-0.0,0.3531061066170129,0.04974334
2019-09-25 17:00:00,0.006868450906384669,0.0033723563050119497,0.014592673073353388,0.03886231971524999,-0.0,0.31219840165359186,0.0636958
2019-09-25 18:00:00,-0.0,0.0034120310850709133,0.014592673073353388,0.053175755841575696,-0.0,0.2562239218203543,0.07118046
2019-09-25 19:00:00,-0.0,0.0032533319648350573,0.014592673073353388,0.05085422496181156,-0.0,0.20269315870265792,0.06870023
2019-09-25 20:00:00,-0.0,0.003094632844599201,0.014592673073353388,0.01454689408204741,-0.0,0.18738063861629223,0.0322342
2019-09-25 21:00:00,-0.0,0.003094632844599201,0.0122726471554008,0.0,-0.0,0.18738063861629223,0.01536728
2019-09-25 22:00:00,-0.0,0.0028169093841864516,0.014592673073353388,0.0005528275424601624,-0.0,0.1867987148873868,0.01796241
2019-09-25 23:00:00,-0.0,0.0026978850440095596,0.01320053495599044,0.0,-0.0,0.1867987148873868,0.01589842
2019-09-26 00:00:00,-0.0,0.0024598363636557747,0.006325045636344224,0.0,-0.0,0.1867987148873868,0.008784881999999999
2019-09-26 01:00:00,-0.0,0.0023011372434199187,0.011247822756580081,0.0,-0.0,0.1867987148873868,0.01354896
2019-09-26 02:00:00,-0.0,0.002142438123184062,0.010236191876815938,0.0,-0.0,0.1867987148873868,0.01237863
2019-09-26 03:00:00,-0.0,0.0022614624633609543,0.012914337536639045,0.0,-0.0,0.1867987148873868,0.0151758
2019-09-26 04:00:00,-0.0,0.0028169093841864516,0.014592673073353388,0.00808985754246016,-0.0,0.1782830753690077,0.02549944
2019-09-26 05:00:00,-0.0,0.0032136571847760933,0.014592673073353388,0.02578337974187052,-0.0,0.15114267564072295,0.04358971
2019-09-26 06:00:00,-0.0,0.0034120310850709133,0.014592673073353388,0.028709185841575703,-0.0,0.12092248001801167,0.04671389
2019-09-26 07:00:00,0.010302676359577004,0.0029756085044223084,0.014592673073353388,0.007846942062647298,-0.0,0.11266254100469873,0.0357179
2019-09-26 08:00:00,0.032815932108282306,0.002102763343125098,0.014592673073353388,0.018564871475239213,-0.0,0.09312057103076272,0.06807624
2019-09-26 09:00:00,0.059144993916090204,0.0016266659824175286,0.0037201501014922714,0.0,-0.0,0.09312057103076272,0.06449181
2019-09-26 10:00:00,0.08394773330025707,0.001388617302063744,-0.0,0.0,0.05060215060232081,0.1411926141029675,0.0347342
2019-09-26 11:00:00,0.10226360238394952,0.001467966862181672,-0.0,0.0,0.016809599246131193,0.15716173338679212,0.08692197
2019-09-26 12:00:00,0.1098952145021547,0.0016663407624764928,-0.0,0.0,0.025945165264631184,0.18180964038819175,0.08561639
2019-09-26 13:00:00,0.10569782783714186,0.0015869912023585644,-0.0,0.0,0.04979805903950043,0.22911779647571717,0.05748676
2019-09-26 14:00:00,0.0919609260243725,0.0009918695014741027,-0.0,0.0,0.039058345525846604,0.26622322472527143,0.05389445
2019-09-26 15:00:00,0.06639502542838513,0.0005157721407665335,-0.0,0.0,0.005924007569151665,0.2718510319159655,0.06098679
2019-09-26 16:00:00,0.040829124832397756,0.0003173982404717129,0.014592673073353388,0.004984373853777138,-0.0,0.2666043225962001,0.06072357
2019-09-26 17:00:00,0.014118482418679596,0.0003173982404717129,0.014592673073353388,0.0215706662674953,-0.0,0.2438983581040998,0.05059922
2019-09-26 18:00:00,-0.0,0.0005157721407665335,0.014592673073353388,0.05188439478588008,-0.0,0.18928320569791024,0.06699284
2019-09-26 19:00:00,-0.0,0.0008728451612972104,0.014592673073353388,0.032307471765349406,-0.0,0.15527534068175297,0.04777299
2019-09-26 20:00:00,-0.0,0.0011902434017689234,0.014592673073353388,0.03681213352487769,-0.0,0.11652572644503961,0.05259505
2019-09-26 21:00:00,-0.0,0.0016266659824175286,0.014592673073353388,0.013529540944229082,-0.0,0.10228410439848269,0.02974888
2019-09-26 22:00:00,-0.0,0.0017853651026533848,0.014592673073353388,0.005772841823993227,-0.0,0.09620742879427929,0.02215088
2019-09-26 23:00:00,-0.0,0.0017456903225944208,0.013303099677405578,0.0,-0.0,0.09620742879427929,0.01504879
2019-09-27 00:00:00,-0.0,0.0016266659824175286,0.00843364401758247,0.0,-0.0,0.09620742879427929,0.01006031
2019-09-27 01:00:00,-0.0,0.0017060155425354566,0.011927874457464543,0.0,-0.0,0.09620742879427929,0.01363389
2019-09-27 02:00:00,-0.0,0.0018647146627713133,0.009277955337228687,0.0,-0.0,0.09620742879427929,0.01114267
2019-09-27 03:00:00,-0.0,0.0021821129032430263,0.008612767096756974,0.0,-0.0,0.09620742879427929,0.01079488
2019-09-27 04:00:00,-0.0,0.002578860703832667,0.014592673073353388,0.009839476222813942,-0.0,0.08585008540184356,0.02701101
2019-09-27 05:00:00,-0.0,0.002777234604127488,0.014592673073353388,0.024603472322519124,-0.0,0.05995169348340238,0.04197338
2019-09-27 06:00:00,-0.0,0.0021821129032430263,0.014592673073353388,0.029551304023403585,-0.0,0.028845057669293347,0.04632609
2019-09-27 07:00:00,0.021750094536884784,0.0007934956011792822,0.014592673073353388,0.02698741678858254,-0.0,0.00043725052341699077,0.06412367999999999
2019-09-27 08:00:00,0.06257921936928254,7.934956011792822e-05,0.014592673073353388,0.00041538799724614127,-0.0,-0.0,0.07766663
2019-09-27 09:00:00,0.10875047268442392,0.00023804868035378468,-0.0,0.0,0.03419010136477771,0.03248059629653882,0.07479841999999999
2019-09-27 10:00:00,0.15492172599956533,0.0011505686217099594,-0.0,0.0,0.10271057462127528,0.13005564218675034,0.05336172
2019-09-27 11:00:00,0.18659291629011684,0.0013092677419458158,-0.0,0.0,0.10191307403206266,0.22687306251720984,0.08598911
2019-09-27 12:00:00,0.1793428847778219,0.0008331703812382464,-0.0,0.0,0.07623845515906014,0.299299594918317,0.1039376
2019-09-27 13:00:00,0.15759279024093711,0.0006347964809434258,-0.0,0.0,0.08061679672188055,0.3758855518041035,0.07761079
2019-09-27 14:00:00,0.12897424479766767,0.0006347964809434258,-0.0,0.0,0.0687395312786111,0.44118810651878404,0.06086951
2019-09-27 15:00:00,0.0892898617830007,0.000714146041061354,-0.0,0.0,0.02488520782406206,0.464829053951643,0.06511879999999999
2019-09-27 16:00:00,0.04540809210332086,0.0009918695014741027,0.014592673073353388,0.004652175321851656,-0.0,0.4599320272970623,0.06564481000000001
2019-09-27 17:00:00,0.014118482418679596,0.0015076416422406362,0.014592673073353388,0.02579008286572638,-0.0,0.43278457164892925,0.05600888
2019-09-27 18:00:00,-0.0,0.0019837390029482055,-0.0,0.11998386099705179,-0.0,0.3064857705994011,0.1219676
2019-09-27 19:00:00,-0.0,0.0023804868035378467,-0.0,0.10828351319646215,-0.0,0.19250312512944093,0.110664
2019-09-27 20:00:00,-0.0,0.0026582102639505956,-0.0,0.0470557297360494,-0.0,0.1429707780388626,0.04971394
2019-09-27 21:00:00,-0.0,0.002737559824068524,0.014592673073353388,0.01150626710257809,-0.0,0.13085891793088567,0.0288365
2019-09-27 22:00:00,-0.0,0.0026978850440095596,0.012160352221080487,0.012336442734909952,-0.0,0.11787318873624361,0.02719468
2019-09-27 23:00:00,-0.0,0.0026185354838916316,-0.0,0.018735524516108368,-0.0,0.09815158398244533,0.02135406
2019-09-28 00:00:00,-0.0,0.002539185923773703,0.006851449076226297,0.0,-0.0,0.09815158398244533,0.009390635
2019-09-28 01:00:00,-0.0,0.0023408120234788823,0.006404927976521118,0.0,-0.0,0.09815158398244533,0.00874574
2019-09-28 02:00:00,-0.0,0.0019837390029482055,-0.0,0.004555528997051795,-0.0,0.09335629030133819,0.006539268
2019-09-28 03:00:00,-0.0,0.001467966862181672,-0.0,0.005721678137818328,-0.0,0.08733347120889784,0.007189645
2019-09-28 04:00:00,-0.0,0.0013489425220047798,-0.0,0.020604617477995222,-0.0,0.06564440017942919,0.02195356
2019-09-28 05:00:00,-0.0,0.001467966862181672,-0.0,0.028155483137818328,-0.0,0.03600704950804147,0.02962345
2019-09-28 06:00:00,-0.0,0.0017853651026533848,0.014592673073353388,0.03237666182399323,-0.0,0.0019263528512064951,0.0487547
2019-09-28 07:00:00,0.04578967270923112,0.001428292082122708,-0.0,0.0018300352086461705,-0.0,-0.0,0.049048
2019-09-28 08:00:00,0.03692341,-0.0,-0.0,0.0,-0.0,-0.0,0.03692341
2019-09-28 09:00:00,0.05878269000000001,-0.0,-0.0,0.0,-0.0,-0.0,0.05878269000000001
2019-09-28 10:00:00,0.06127318,-0.0,-0.0,0.0,-0.0,-0.0,0.06127318
2019-09-28 11:00:00,0.15165745492324106,-0.0,-0.0,0.0,0.06001830492324105,0.05701738967707899,0.09163915
2019-09-28 12:00:00,0.23047468596979667,0.0006347964809434258,-0.0,0.0,0.11512628245074011,0.1663873580052821,0.1159832
2019-09-28 13:00:00,0.214829881127476,0.0004364225806486052,-0.0,0.0,0.1293021737081246,0.28922442302800044,0.08596413
2019-09-28 14:00:00,0.1778165623541809,0.0004364225806486052,-0.0,0.0,0.1249985449348295,0.4079730407160885,0.05325444
2019-09-28 15:00:00,0.11905314904400092,0.0005157721407665335,-0.0,0.0,0.06598057118476747,0.4706545833416176,0.05358835
2019-09-28 16:00:00,0.05990815512791072,0.0008331703812382464,-0.0,0.0,0.0030064455091489625,0.4735107065753091,0.05773488
2019-09-28 17:00:00,0.016026385448230894,0.0019043894428302775,-0.0,0.043700935108938826,-0.0,0.4275097222501103,0.06163171
2019-09-28 18:00:00,-0.0,0.002777234604127488,-0.0,0.09260396539587253,-0.0,0.3300318639386655,0.09538120000000001
2019-09-28 19:00:00,-0.0,0.002935933724363344,-0.0,0.08490677627563664,-0.0,0.24065630996431117,0.08784270999999999
2019-09-28 20:00:00,-0.0,0.002737559824068524,-0.0,0.04356597017593148,-0.0,0.19479739398964646,0.04630353
2019-09-28 21:00:00,-0.0,0.0024598363636557747,-0.0,0.029463923636344227,-0.0,0.16378273753033676,0.03192376
2019-09-28 22:00:00,-0.0,0.002578860703832667,-0.0,0.028942969296167333,-0.0,0.13331645406068693,0.03152183
2019-09-28 23:00:00,-0.0,0.002578860703832667,-0.0,0.014724439296167333,-0.0,0.11781704427524764,0.0173033
2019-09-29 00:00:00,-0.0,0.001825039882712349,-0.0,0.00877879011728765,-0.0,0.10857621257283959,0.01060383
2019-09-29 01:00:00,-0.0,0.001031544281533067,-0.0,0.006506115718466933,-0.0,0.10172766971129545,0.00753766
2019-09-29 02:00:00,-0.0,0.001031544281533067,-0.0,0.007584583718466932,-0.0,0.0937438973760671,0.008616127999999999
2019-09-29 03:00:00,-0.0,0.0013489425220047798,-0.0,0.00714663247799522,-0.0,0.08622112634659845,0.008495575
2019-09-29 04:00:00,-0.0,0.0016663407624764928,-0.0,0.021542919237523505,-0.0,0.06354436925446845,0.02320926
2019-09-29 05:00:00,-0.0,0.0023408120234788823,-0.0,0.03375951797652112,-0.0,0.028008034542340954,0.03610033
2019-09-29 06:00:00,-0.0,0.0032136571847760933,-0.0,0.02660763281522391,-0.0,-0.0,0.02982129
2019-09-29 07:00:00,0.02560833539587251,0.002777234604127488,-0.0,0.0,-0.0,-0.0,0.02838557
2019-09-29 08:00:00,0.02859196,-0.0,-0.0,0.0,-0.0,-0.0,0.02859196
2019-09-29 09:00:00,0.05465842,-0.0,-0.0,0.0,-0.0,-0.0,0.05465842
2019-09-29 10:00:00,0.05397793198519401,-0.0,-0.0,0.0,0.005721801985194008,0.005435711885934308,0.04825613
2019-09-29 11:00:00,0.18414948962458288,-0.0,-0.0,0.0,0.13325520962458287,0.13202816102928802,0.05089428
2019-09-29 12:00:00,0.19804033446742464,0.0011108938416509952,-0.0,0.0,0.10342316830907564,0.23028017092290987,0.09572806
2019-09-29 13:00:00,0.17323759508325776,0.0009125199413561745,-0.0,0.0,0.10056652502461393,0.3258183696962931,0.07358359
2019-09-29 14:00:00,0.1343163732804113,0.0005951217008844617,-0.0,0.0,0.08153443498129576,0.40327608292852407,0.05337706
2019-09-29 15:00:00,0.08318457208843655,0.000357073020530677,-0.0,0.0,0.05850408510896722,0.45885496378204293,0.02503756
2019-09-29 16:00:00,0.04044754422648749,0.00023804868035378468,-0.0,0.0,0.013682842906841276,0.47185366454354216,0.02700275
2019-09-29 17:00:00,0.009539515147756486,0.000357073020530677,-0.0,0.04888867183171284,-0.0,0.42039190472068655,0.05878526
2019-09-29 18:00:00,-0.0,0.0007934956011792822,-0.0,0.09743423439882072,-0.0,0.3178295527219279,0.09822773
2019-09-29 19:00:00,-0.0,0.0013092677419458158,-0.0,0.050744422258054186,-0.0,0.2644143713976604,0.05205369
2019-09-29 20:00:00,-0.0,0.001428292082122708,-0.0,0.02892479791787729,-0.0,0.23396721569463164,0.03035309
2019-09-29 21:00:00,-0.0,0.0013092677419458158,-0.0,0.023471402258054185,-0.0,0.20926047647562723,0.02478067
2019-09-29 22:00:00,-0.0,0.0013092677419458158,-0.0,0.023478792258054184,-0.0,0.1845459583092544,0.02478806
2019-09-29 23:00:00,-0.0,0.001031544281533067,-0.0,0.008658610718466934,-0.0,0.17543163123718394,0.009690155
2019-09-30 00:00:00,-0.0,0.0007934956011792822,-0.0,0.010643854398820719,-0.0,0.1642275739752674,0.01143735
2019-09-30 01:00:00,-0.0,0.0006744712610023899,-0.0,0.00626791473899761,-0.0,0.15762976898684888,0.006942386
2019-09-30 02:00:00,-0.0,0.0006744712610023899,-0.0,0.01404804873899761,-0.0,0.14284234926158823,0.01472252
2019-09-30 03:00:00,-0.0,0.0008331703812382464,-0.0,0.008844474618761753,-0.0,0.13353237597868112,0.009677645
2019-09-30 04:00:00,-0.0,0.001031544281533067,-0.0,0.027921975718466933,-0.0,0.10414082259082119,0.02895352
2019-09-30 05:00:00,-0.0,0.0011902434017689234,-0.0,0.039540196598231075,-0.0,0.06251956301373586,0.04073044
2019-09-30 06:00:00,-0.0,0.0013489425220047798,-0.0,0.04524589747799522,-0.0,0.014892302510582997,0.04659484
2019-09-30 07:00:00,0.03701331877329516,0.0011108938416509952,-0.0,0.014147687385053849,-0.0,-0.0,0.0522719
2019-09-30 08:00:00,0.05754432,-0.0,-0.0,0.0,-0.0,-0.0,0.05754432
2019-09-30 09:00:00,0.06466372,-0.0,-0.0,0.0,-0.0,-0.0,0.06466372
2019-09-30 10:00:00,0.12913017232600452,-0.0,-0.0,0.0,0.06387364232600452,0.0606799602097043,0.06525653
2019-09-30 11:00:00,0.1089902,-0.0,-0.0,0.0,-0.0,0.0606799602097043,0.1089902
2019-09-30 12:00:00,0.22284307385159147,-0.0,-0.0,0.0,0.10769217385159147,0.1629875253687162,0.1151509
2019-09-30 13:00:00,0.20475818962458286,-0.0,-0.0,0.0,0.13325520962458287,0.2895799745120699,0.07150298
2019-09-30 14:00:00,0.19231662537877073,-0.0,-0.0,0.0,0.10911102537877072,0.3932354486219021,0.0832056
2019-09-30 15:00:00,0.1541585647877448,-0.0,-0.0,0.0,0.10834958478774481,0.49616755417025965,0.04580898
2019-09-30 16:00:00,0.09501357087165459,-0.0,-0.0,0.0,0.038792930871654585,0.5330208384983315,0.05622064
2019-09-30 17:00:00,0.03090802907873101,-0.0,-0.0,0.041307460921268996,-0.0,0.4895393006864694,0.07221549000000001
2019-09-30 18:00:00,-0.0,-0.0,-0.0,0.1301526,-0.0,0.35253656384436416,0.1301526
2019-09-30 19:00:00,-0.0,-0.0,-0.0,0.07019442,-0.0,0.27864770068646944,0.07019442
2019-09-30 20:00:00,-0.0,-0.0,-0.0,0.03920233,-0.0,0.23738209016015366,0.03920233
2019-09-30 21:00:00,-0.0,-0.0,-0.0,0.0220886,-0.0,0.21413093226541682,0.0220886
2019-09-30 22:00:00,-0.0,-0.0,-0.0,0.02039852,-0.0,0.19265880594962737,0.02039852
2019-09-30 23:00:00,-0.0,-0.0,-0.0,0.02176377,-0.0,0.16974957437068,0.02176377
2019-10-01 00:00:00,-0.0,3.967478005896356e-05,-0.0,0.010109595219941037,-0.0,0.15910789519179458,0.01014927
2019-10-01 01:00:00,-0.0,7.934956011792886e-05,-0.0,0.011459340439882072,-0.0,0.14704543157086608,0.01153869
2019-10-01 02:00:00,-0.0,0.000158699120235856,-0.0,0.011265070879764144,-0.0,0.13518746222374592,0.01142377
2019-10-01 03:00:00,-0.0,0.00019837390029482128,-0.0,0.010528476099705178,-0.0,0.12410485580300362,0.01072685
2019-10-01 04:00:00,-0.0,0.00011902434017689242,-0.0,0.02271860565982311,-0.0,0.1001905340558214,0.02283763
2019-10-01 05:00:00,-0.0,3.96747800589653e-05,-0.0,0.03314469521994103,-0.0,0.06530138119272579,0.03318437
2019-10-01 06:00:00,-0.0,-0.0,-0.0,0.03585564,-0.0,0.027558602245357368,0.03585564
2019-10-01 07:00:00,0.03014486786691049,-0.0,-0.0,0.026180672133089503,-0.0,-0.0,0.05632553999999999
2019-10-01 08:00:00,0.0619276,-0.0,-0.0,0.0,-0.0,-0.0,0.0619276
2019-10-01 09:00:00,0.11494277318582544,-0.0,-0.0,0.0,0.05381164318582543,0.05112106102653416,0.06113113
2019-10-01 10:00:00,0.1671323053886936,-0.0,-0.0,0.0,0.10827830538869362,0.1539854511457931,0.058854
2019-10-01 11:00:00,0.18773765810784762,-0.0,-0.0,0.0,0.09785234810784761,0.24694518184824832,0.08988531000000001
2019-10-01 12:00:00,0.1888823999255784,-0.0,-0.0,0.0,0.1023954799255784,0.3442208877775478,0.08648692
2019-10-01 13:00:00,0.17743498174827063,-0.0,-0.0,0.0,0.08823500174827063,0.42804413943840486,0.08919998
2019-10-01 14:00:00,0.1503427587286422,-0.0,-0.0,0.0,0.05569094872864219,0.48095054073061494,0.09465181
2019-10-01 15:00:00,0.10875047268442392,0.00011902434017689234,-0.0,0.0,0.05012162702460081,0.5285660864039857,0.05874787
2019-10-01 16:00:00,0.06525028361065437,0.00015869912023585645,-0.0,0.0,0.0046892127308902215,0.5330208384983315,0.06071977
2019-10-01 17:00:00,0.020223772113243745,0.00023804868035378468,-0.0,0.04866259920640248,-0.0,0.4817970498600131,0.06912442
2019-10-01 18:00:00,-0.0,0.0003173982404717129,-0.0,0.0788764917595283,-0.0,0.3987691637973517,0.07919389
2019-10-01 19:00:00,-0.0,0.00023804868035378468,-0.0,0.07298983131964622,-0.0,0.32193776240825045,0.07322788
2019-10-01 20:00:00,-0.0,0.00015869912023585645,-0.0,0.06102270087976414,-0.0,0.25770334042955134,0.0611814
2019-10-01 21:00:00,-0.0,0.00015869912023585645,0.014592673073353388,0.021515017806410762,-0.0,0.23505595326490844,0.03626639
2019-10-01 22:00:00,-0.0,0.00019837390029482055,-0.0,0.01774686609970518,-0.0,0.21637504158100826,0.01794524
2019-10-01 23:00:00,-0.0,0.0002777234604127488,-0.0,0.014586846539587252,-0.0,0.2010204662761796,0.01486457
2019-10-02 00:00:00,-0.0,0.00047609736070756937,-0.0,0.01397328263929243,-0.0,0.18631174770850334,0.01444938
2019-10-02 01:00:00,-0.0,0.0006744712610023899,-0.0,0.00938926873899761,-0.0,0.17642830693061112,0.01006374
2019-10-02 02:00:00,-0.0,0.0009521947214151387,-0.0,0.00944082527858486,-0.0,0.1664905961110481,0.01039302
2019-10-02 03:00:00,-0.0,0.0012299181818278874,-0.0,0.011365971818172112,-0.0,0.1545264152498143,0.01259589
2019-10-02 04:00:00,-0.0,0.0011108938416509952,0.014592673073353388,0.005267883084995617,-0.0,0.14898127516034523,0.02097145
2019-10-02 05:00:00,-0.0,0.0007538208211203181,-0.0,0.03746837917887968,-0.0,0.10954087602468242,0.0382222
2019-10-02 06:00:00,-0.0,0.0005554469208254976,-0.0,0.0526798630791745,-0.0,0.05408838857291979,0.05323531
2019-10-02 07:00:00,0.01869744968960271,0.000357073020530677,-0.0,0.034857667289866626,-0.0,0.01739610721516545,0.05391219000000001
2019-10-02 08:00:00,0.05456602664516709,0.00015869912023585645,-0.0,0.0036732642345970526,-0.0,0.013529513284010657,0.05839799
2019-10-02 09:00:00,0.09119776481255198,7.934956011792822e-05,-0.0,0.0,0.023993014372669916,0.036322876938047075,0.0672841
2019-10-02 10:00:00,0.1240136969208343,-0.0,-0.0,0.0,0.08781608692083431,0.11974815951283967,0.03619761
2019-10-02 11:00:00,0.1457637914577191,-0.0,-0.0,0.0,0.09418387145771909,0.20922283739767278,0.05157992
2019-10-02 12:00:00,0.15530330660547556,-0.0,-0.0,0.0,0.07145110660547556,0.27710138867287454,0.0838522
2019-10-02 13:00:00,0.1457637914577191,-0.0,-0.0,0.0,0.04313789145771908,0.3180823855577077,0.1026259
2019-10-02 14:00:00,0.1240136969208343,-0.0,-0.0,0.0,0.056989636920834294,0.37222254063250027,0.06702406000000001
2019-10-02 15:00:00,0.09005302299482121,-0.0,-0.0,0.0,0.041333232994821195,0.4114891119775804,0.04871979000000001
2019-10-02 16:00:00,0.05189496240379528,7.934956011792822e-05,-0.0,0.013740968036086793,-0.0,0.39702493509748904,0.06571528
2019-10-02 17:00:00,0.015644804842320635,0.00023804868035378468,-0.0,0.05302507647732558,-0.0,0.34120906512135685,0.06890792999999999
2019-10-02 18:00:00,-0.0,0.0006744712610023899,-0.0,0.0882726387389976,-0.0,0.24829049802767517,0.08894711
2019-10-02 19:00:00,-0.0,0.001071219061592031,0.005753623880016022,0.07345270705839195,-0.0,0.17097185901884154,0.08027755
2019-10-02 20:00:00,-0.0,0.001388617302063744,0.014592673073353388,0.01726860962458287,-0.0,0.15279437520349115,0.0332499
2019-10-02 21:00:00,-0.0,0.0017060155425354566,0.014592673073353388,0.011002971384111155,-0.0,0.14121230006232152,0.02730166
2019-10-02 22:00:00,-0.0,0.0016663407624764928,0.014592673073353388,0.001186366164170118,-0.0,0.1399634935737214,0.01744538
2019-10-02 23:00:00,-0.0,0.0017853651026533848,-0.0,0.017866774897346612,-0.0,0.12115636210283022,0.01965214
2019-10-03 00:00:00,-0.0,0.001825039882712349,0.009237090117287652,0.0,-0.0,0.12115636210283022,0.01106213
2019-10-03 01:00:00,-0.0,0.0017060155425354566,-0.0,0.008157715457464541,-0.0,0.11256929320023597,0.009863730999999999
2019-10-03 02:00:00,-0.0,0.0015869912023585644,-0.0,0.004534037797641436,-0.0,0.10779662183429761,0.006121029
2019-10-03 03:00:00,-0.0,0.001467966862181672,-0.0,0.009626773137818328,-0.0,0.0976631764260678,0.01109474
2019-10-03 04:00:00,-0.0,0.0011108938416509952,-0.0,0.030395886158349004,-0.0,0.06566750678570042,0.03150678
2019-10-03 05:00:00,-0.0,0.0005554469208254976,-0.0,0.019770993079174504,-0.0,0.044855935123411475,0.02032644
2019-10-03 06:00:00,-0.0,0.00019837390029482055,-0.0,0.02817740609970518,-0.0,0.015195507650037606,0.02837578
2019-10-03 07:00:00,0.02403957817234634,7.934956011792822e-05,-0.0,0.014435732267535726,-0.0,-0.0,0.03855466
2019-10-03 08:00:00,0.02436645,-0.0,-0.0,0.0,-0.0,-0.0,0.02436645
2019-10-03 09:00:00,0.0579902,-0.0,-0.0,0.0,-0.0,-0.0,0.0579902
2019-10-03 10:00:00,0.0976844553644967,-0.0,-0.0,0.0,0.0563427753644967,0.05352563659627187,0.04134168
2019-10-03 11:00:00,0.17400075629507827,-0.0,-0.0,0.0,0.11098294629507828,0.15895943557659623,0.06301781
2019-10-03 12:00:00,0.18086920720146293,0.0002777234604127488,-0.0,0.0,0.13286204066187568,0.2851783742053781,0.04828489
2019-10-03 13:00:00,0.1709481114477962,0.0003173982404717129,-0.0,0.0,0.0886432296882679,0.3693894424092326,0.08262228
2019-10-03 14:00:00,0.1484348556990909,0.0002777234604127488,-0.0,0.0,0.11145187915950365,0.47526872761076105,0.0372607
2019-10-03 15:00:00,0.10836889207851366,0.0002777234604127488,-0.0,0.0,0.05458671553892641,0.5271261073727411,0.0540599
2019-10-03 16:00:00,0.061434477551551764,0.0004364225806486052,-0.0,0.0,0.0062049801322003675,0.5330208384983315,0.05566592
2019-10-03 17:00:00,0.019842191507333486,0.000714146041061354,0.014592673073353388,0.01421962937825177,-0.0,0.518052807573856,0.04936864
2019-10-03 18:00:00,-0.0,0.0011505686217099594,-0.0,0.09437360137829003,-0.0,0.418712174544077,0.09552416999999999
2019-10-03 19:00:00,-0.0,0.0012299181818278874,-0.0,0.06022546181817211,-0.0,0.35531695157758003,0.06145538
2019-10-03 20:00:00,-0.0,0.0011505686217099594,-0.0,0.03393945137829004,-0.0,0.3195912132846431,0.03509002
2019-10-03 21:00:00,-0.0,0.001071219061592031,-0.0,0.019240440938407967,-0.0,0.29933811756000317,0.02031166
2019-10-03 22:00:00,-0.0,0.000714146041061354,-0.0,0.023285973958938645,-0.0,0.2748265660242783,0.02400012
2019-10-03 23:00:00,-0.0,0.000357073020530677,0.014472816979469323,0.0,-0.0,0.2748265660242783,0.01482989
2019-10-04 00:00:00,-0.0,0.00023804868035378468,-0.0,0.010500641319646216,-0.0,0.2637732593720191,0.01073869
2019-10-04 01:00:00,-0.0,0.00023804868035378468,-0.0,0.007562282319646215,-0.0,0.2558129621934442,0.007800331
2019-10-04 02:00:00,-0.0,0.0002777234604127488,-0.0,0.014940756539587251,-0.0,0.24008585004651023,0.01521848
2019-10-04 03:00:00,-0.0,0.00023804868035378468,-0.0,0.010999911319646215,-0.0,0.22850699602583,0.01123796
2019-10-04 04:00:00,-0.0,0.00015869912023585645,-0.0,0.026693160879764144,-0.0,0.20040893194186774,0.02685186
2019-10-04 05:00:00,-0.0,3.967478005896411e-05,-0.0,0.037323325219941035,-0.0,0.16112122118403507,0.037363
2019-10-04 06:00:00,-0.0,-0.0,0.014592673073353388,0.030268426926646615,-0.0,0.129259719155986,0.0448611
2019-10-04 07:00:00,0.023657997566436082,-0.0,0.014592673073353388,0.013794439360210528,-0.0,0.11473925667155387,0.05204511
2019-10-04 08:00:00,0.06181605815746202,-0.0,-0.0,0.0,0.016834828157462026,0.1307323434211428,0.04498123
2019-10-04 09:00:00,0.09882937693075719,-0.0,-0.0,0.0,0.05219978693075719,0.18032214100536212,0.04662959
2019-10-04 10:00:00,0.12821108358584715,-0.0,-0.0,0.0,0.06437083358584715,0.2414744329119169,0.06384025
2019-10-04 11:00:00,0.1503427587286422,-0.0,-0.0,0.0,0.060801468728642186,0.299235828204127,0.08954129000000001
2019-10-04 12:00:00,0.15606646781729608,-0.0,-0.0,0.0,0.05187666781729608,0.34851866263055825,0.1041898
2019-10-04 13:00:00,0.1419479853986165,-0.0,-0.0,0.0,0.0692325053986165,0.4142895427592439,0.07271548
2019-10-04 14:00:00,0.11981631025582144,3.967478005896411e-05,-0.0,0.0,0.07503165503588041,0.4855696150433303,0.04482433
2019-10-04 15:00:00,0.08852670057118019,7.934956011792822e-05,-0.0,0.0,0.018674040131298114,0.5033099531680635,0.06993201
2019-10-04 16:00:00,0.053802865433346565,7.934956011792822e-05,-0.0,0.0,0.018523004993464494,0.5209068079118547,0.03535921
2019-10-04 17:00:00,0.017552707871871933,7.934956011792822e-05,0.014592673073353388,0.03485543949465674,-0.0,0.48421687160168975,0.06708017
2019-10-04 18:00:00,-0.0,0.00011902434017689234,0.014592673073353388,0.10507940258646971,-0.0,0.37360697414224797,0.1197911
2019-10-04 19:00:00,-0.0,0.00015869912023585645,0.0004178727584734968,0.08988691812129064,-0.0,0.278989165593521,0.09046349
2019-10-04 20:00:00,-0.0,0.00015869912023585645,0.014592673073353388,0.04106201780641076,-0.0,0.23576598895519388,0.05581339
2019-10-04 21:00:00,-0.0,0.00011902434017689234,0.014592673073353388,0.024349172586469722,-0.0,0.2101352809694363,0.03906087
2019-10-04 22:00:00,-0.0,0.00011902434017689234,-0.0,0.022409825659823107,-0.0,0.18654599080120143,0.02252885
2019-10-04 23:00:00,-0.0,7.934956011792822e-05,-0.0,0.01558487043988207,-0.0,0.1701408640223782,0.01566422
2019-10-05 00:00:00,-0.0,3.967478005896411e-05,0.010762015219941036,0.0,-0.0,0.1701408640223782,0.01080169
2019-10-05 01:00:00,-0.0,-0.0,-0.0,0.008944347,-0.0,0.16072576191711505,0.008944347
2019-10-05 02:00:00,-0.0,-0.0,0.01046944,0.0,-0.0,0.16072576191711505,0.01046944
2019-10-05 03:00:00,-0.0,-0.0,0.009801832,0.0,-0.0,0.16072576191711505,0.009801832
2019-10-05 04:00:00,-0.0,-0.0,-0.0,0.02424511,-0.0,0.13520459349606243,0.02424511
2019-10-05 05:00:00,-0.0,-0.0,0.014592673073353388,0.013688526926646611,-0.0,0.12079561778380282,0.0282812
2019-10-05 06:00:00,-0.0,-0.0,0.014592673073353388,0.022834126926646617,-0.0,0.09675969470312218,0.0374268
2019-10-05 07:00:00,0.022131675142795047,-0.0,0.014592673073353388,0.008038221783851553,-0.0,0.08829840861485738,0.04476256999999999
2019-10-05 08:00:00,0.058381832704269686,-0.0,-0.0,0.0,0.0031849127042696893,0.09132407568391358,0.05519692
2019-10-05 09:00:00,0.09005302299482121,-0.0,-0.0,0.0,0.03721455299482121,0.12667790102899373,0.05283847
2019-10-05 10:00:00,0.11905314904400092,-0.0,-0.0,0.0,0.05817989904400093,0.18194880512079462,0.06087325
2019-10-05 11:00:00,0.13164530903903948,-0.0,-0.0,0.0,0.054873609039039484,0.23407873370788213,0.0767717
2019-10-05 12:00:00,0.13584269570405233,-0.0,-0.0,0.0,0.05249073570405233,0.2839449326267318,0.08335196
2019-10-05 13:00:00,0.12554001934447534,-0.0,-0.0,0.0,0.06494388934447534,0.34564162750398336,0.06059613
2019-10-05 14:00:00,0.10378992480759056,3.967478005896411e-05,-0.0,0.0,0.04089274958764952,0.3844897396122504,0.06293685
2019-10-05 15:00:00,0.07211873451703903,7.934956011792822e-05,-0.0,0.0,0.02639089407715696,0.40956108898554955,0.04580719
2019-10-05 16:00:00,0.03739489937920542,0.00015869912023585645,-0.0,0.010875191500558726,-0.0,0.3981135189849614,0.04842879
2019-10-05 17:00:00,0.010302676359577004,0.0003173982404717129,0.014592673073353388,0.01297855232659789,-0.0,0.3844518849569636,0.0381913
2019-10-05 18:00:00,-0.0,0.0006744712610023899,-0.0,0.0718520287389976,-0.0,0.3088181704948608,0.0725265
2019-10-05 19:00:00,-0.0,0.001031544281533067,0.014592673073353388,0.05367688264511355,-0.0,0.25231618876316236,0.0693011
2019-10-05 20:00:00,-0.0,0.0012695929618868516,0.014592673073353388,0.005099693964759762,-0.0,0.2469480898528889,0.02096196
2019-10-05 21:00:00,-0.0,0.0015076416422406362,0.014592673073353388,0.01798344528440598,-0.0,0.22801814744825105,0.03408376
2019-10-05 22:00:00,-0.0,0.0019440642228892415,-0.0,0.01426240577711076,-0.0,0.2130050887355029,0.01620647
2019-10-05 23:00:00,-0.0,0.0022217876833019903,-0.0,0.01336279231669801,-0.0,0.1989389915600313,0.01558458
2019-10-06 00:00:00,-0.0,0.0024201615835968107,-0.0,0.007794698416403189,-0.0,0.19073404585855427,0.01021486
2019-10-06 01:00:00,-0.0,0.002539185923773703,0.008180144076226296,0.0,-0.0,0.19073404585855427,0.01071933
2019-10-06 02:00:00,-0.0,0.0023011372434199187,0.010818392756580083,0.0,-0.0,0.19073404585855427,0.01311953
2019-10-06 03:00:00,-0.0,0.0018647146627713133,0.008987355337228687,0.0,-0.0,0.19073404585855427,0.01085207
2019-10-06 04:00:00,-0.0,0.0011108938416509952,0.014592673073353388,0.00369364308499562,-0.0,0.1868460005059273,0.01939721
2019-10-06 05:00:00,-0.0,0.0004364225806486052,0.014592673073353388,0.03148746434599801,-0.0,0.15370130119435046,0.04651656
2019-10-06 06:00:00,-0.0,0.00011902434017689234,-0.0,0.028126645659823108,-0.0,0.12409430576295773,0.02824567
2019-10-06 07:00:00,0.016407966054141153,3.967478005896411e-05,0.014592673073353388,0.012486306092446496,-0.0,0.11095082566564562,0.04352662
2019-10-06 08:00:00,0.047315995132872164,-0.0,-0.0,0.0,0.0077456951328721615,0.11830923604187418,0.0395703
2019-10-06 09:00:00,0.07860560481751343,-0.0,-0.0,0.0,0.012655524817513433,0.13033198461851195,0.06595008
2019-10-06 10:00:00,0.09653989329529562,-0.0,-0.0,0.0,0.04557685329529562,0.1736299952490428,0.05096304
2019-10-06 11:00:00,0.11828998783218041,-0.0,-0.0,0.0,0.013921787832180413,0.1868556936896142,0.1043682
2019-10-06 12:00:00,0.12706634176811638,-0.0,0.009423458231883619,0.0,-0.0,0.1868556936896142,0.1364898
2019-10-06 13:00:00,0.12286895510310353,-0.0,-0.0,0.0,0.03939995510310354,0.22428565103756257,0.08346899999999999
2019-10-06 14:00:00,0.10569782783714186,-0.0,-0.0,0.0,0.025248457837141858,0.24827168598284732,0.08044937
2019-10-06 15:00:00,0.07822402421160317,-0.0,-0.0,0.0,0.02860236421160317,0.27544393198387035,0.04962166
2019-10-06 16:00:00,0.04235544725603879,-0.0,0.01358504274396121,0.0,-0.0,0.27544393198387035,0.05594049
2019-10-06 17:00:00,0.0122105793891283,3.967478005896411e-05,0.014592673073353388,0.010565782757459346,-0.0,0.26432205539707104,0.03740871
2019-10-06 18:00:00,-0.0,0.00015869912023585645,0.014592673073353388,0.07755689780641074,-0.0,0.1826832156008492,0.09230827
2019-10-06 19:00:00,-0.0,0.0002777234604127488,-0.0,0.07259670653958726,-0.0,0.10626562976970473,0.07287443
2019-10-06 20:00:00,-0.0,0.000357073020530677,0.014592673073353388,0.030770943906115927,-0.0,0.07387516250010902,0.04572068999999999
2019-10-06 21:00:00,-0.0,0.0003173982404717129,-0.0,0.03873204175952828,-0.0,0.03310459222692135,0.03904944
2019-10-06 22:00:00,-0.0,0.00011902434017689234,0.014592673073353388,0.006856812586469719,-0.0,0.025886894767479546,0.02156851
2019-10-06 23:00:00,-0.0,3.967478005896411e-05,0.014592673073353388,0.0014070421465876472,-0.0,0.024405797771071495,0.01603939
2019-10-07 00:00:00,-0.0,3.967478005896411e-05,0.014592673073353388,0.0007920821465876478,-0.0,0.02357202709045292,0.01542443
2019-10-07 01:00:00,-0.0,7.934956011792822e-05,0.006104839439882072,0.0,-0.0,0.02357202709045292,0.006184189
2019-10-07 02:00:00,-0.0,0.0004364225806486052,0.003553719419351395,0.0,-0.0,0.02357202709045292,0.003990142
2019-10-07 03:00:00,-0.0,0.0009918695014741027,0.0065452554985258975,0.0,-0.0,0.02357202709045292,0.007537125
2019-10-07 04:00:00,-0.0,0.0011505686217099594,0.014592673073353388,0.010151828304936652,-0.0,0.012885892032624864,0.02589507
2019-10-07 05:00:00,-0.0,0.0009125199413561745,0.014592673073353388,0.006486536985290439,-0.0,0.0060579583638980875,0.02199173
2019-10-07 06:00:00,-0.0,0.0006347964809434258,0.014592673073353388,0.005755060445703184,-0.0,-0.0,0.02098253
2019-10-07 07:00:00,0.01643461,-0.0,-0.0,0.0,-0.0,-0.0,0.01643461
2019-10-07 08:00:00,0.04774923,-0.0,-0.0,0.0,-0.0,-0.0,0.04774923
2019-10-07 09:00:00,0.05067704,-0.0,-0.0,0.0,-0.0,-0.0,0.05067704
2019-10-07 10:00:00,0.06188003,-0.0,-0.0,0.0,-0.0,-0.0,0.06188003
2019-10-07 11:00:00,0.09332088000000001,-0.0,-0.0,0.0,-0.0,-0.0,0.09332088000000001
2019-10-07 12:00:00,0.08850667,-0.0,-0.0,0.0,-0.0,-0.0,0.08850667
2019-10-07 13:00:00,0.14234919259507695,-0.0,-0.0,0.0,0.06998365259507694,0.06648446996532309,0.07236553999999999
2019-10-07 14:00:00,0.18799616962458288,-0.0,-0.0,0.0,0.13325520962458287,0.1930769191086768,0.05474096
2019-10-07 15:00:00,0.14626348962458288,-0.0,-0.0,0.0,0.13325520962458287,0.3196693682520305,0.01300828
2019-10-07 16:00:00,0.10035569935439823,7.934956011792822e-05,-0.0,0.0,0.04844589891451616,0.36569297222082087,0.05198915
2019-10-07 17:00:00,0.03434225453192334,0.00011902434017689234,-0.0,0.01580332112789977,-0.0,0.34905789734934745,0.0502646
2019-10-07 18:00:00,-0.0,0.0002777234604127488,-0.0,0.05807531653958725,-0.0,0.28792598520241347,0.05835304
2019-10-07 19:00:00,-0.0,0.0004364225806486052,-0.0,0.0516272174193514,-0.0,0.23358154581362253,0.05206364
2019-10-07 20:00:00,-0.0,0.0006744712610023899,-0.0,0.03326038873899761,-0.0,0.1985706102988882,0.03393486
2019-10-07 21:00:00,-0.0,0.0008331703812382464,-0.0,0.03220797961876177,-0.0,0.16466747385808633,0.03304115000000001
2019-10-07 22:00:00,-0.0,0.001071219061592031,-0.0,0.02426834093840797,-0.0,0.1391218518176569,0.02533956
2019-10-07 23:00:00,-0.0,0.0013092677419458158,-0.0,0.013953032258054183,-0.0,0.12443444944075777,0.0152623
2019-10-08 00:00:00,-0.0,0.001428292082122708,-0.0,0.011027177917877292,-0.0,0.11282689373772904,0.01245547
2019-10-08 01:00:00,-0.0,0.0015076416422406362,-0.0,0.009245508357759363,-0.0,0.10309477967692972,0.01075315
2019-10-08 02:00:00,-0.0,0.0015473164222996004,-0.0,0.007500038577700399,-0.0,0.09520000222671877,0.009047355
2019-10-08 03:00:00,-0.0,0.0017853651026533848,-0.0,0.008297304897346616,-0.0,0.08646599707161708,0.01008267
2019-10-08 04:00:00,-0.0,0.0024201615835968107,-0.0,0.02098852841640319,-0.0,0.06437280926487687,0.02340869
2019-10-08 05:00:00,-0.0,0.003173982404717129,-0.0,0.029835057595282873,-0.0,0.0329674854803686,0.03300904
2019-10-08 06:00:00,-0.0,0.0037691041056015905,-0.0,0.03014333589439841,-0.0,0.0012376582231071085,0.03391244
2019-10-08 07:00:00,0.035105415743743866,0.00289625894430438,-0.0,0.001175775311951753,-0.0,-0.0,0.03917745
2019-10-08 08:00:00,0.06912618000000001,-0.0,-0.0,0.0,-0.0,-0.0,0.06912618000000001
2019-10-08 09:00:00,0.06165289,-0.0,-0.0,0.0,-0.0,-0.0,0.06165289
2019-10-08 10:00:00,0.07004688,-0.0,-0.0,0.0,-0.0,-0.0,0.07004688
2019-10-08 11:00:00,0.0743429,-0.0,-0.0,0.0,-0.0,-0.0,0.0743429
2019-10-08 12:00:00,0.2015944510761617,-0.0,-0.0,0.0,0.11851888107616168,0.1125929370223536,0.08307557
2019-10-08 13:00:00,0.18864317962458288,-0.0,-0.0,0.0,0.13325520962458287,0.2391853861657073,0.05538797
2019-10-08 14:00:00,0.18544817447238607,-0.0,-0.0,0.0,0.13001169447238606,0.36269649591447406,0.05543648
2019-10-08 15:00:00,0.1278295029799369,7.934956011792822e-05,-0.0,0.0,0.06625665254005483,0.42564031582752615,0.0616522
2019-10-08 16:00:00,0.06868450906384668,0.00011902434017689234,-0.0,0.0,0.015341763404023573,0.44021499106134854,0.05346177
2019-10-08 17:00:00,0.01717112726596167,0.000357073020530677,-0.0,0.04442936971350765,-0.0,0.3934472334681826,0.06195757
2019-10-08 18:00:00,-0.0,0.0009125199413561745,-0.0,0.08146801005864382,-0.0,0.3076914334064523,0.08238053
2019-10-08 19:00:00,-0.0,0.0015869912023585644,-0.0,0.06205856879764144,-0.0,0.24236662414577706,0.06364556
2019-10-08 20:00:00,-0.0,0.002102763343125098,-0.0,0.0151196766568749,-0.0,0.22645117503327716,0.01722244
2019-10-08 21:00:00,-0.0,0.0024201615835968107,-0.0,0.02631319841640319,-0.0,0.19875307143706328,0.02873336
2019-10-08 22:00:00,-0.0,0.002539185923773703,-0.0,0.0199891140762263,-0.0,0.17771189872524612,0.0225283
2019-10-08 23:00:00,-0.0,0.0023408120234788823,-0.0,0.013126197976521117,-0.0,0.16389484822364495,0.01546701
2019-10-09 00:00:00,-0.0,0.0017853651026533848,-0.0,0.010930634897346615,-0.0,0.15238891675275376,0.012716
2019-10-09 01:00:00,-0.0,0.0011902434017689234,-0.0,0.008384362598231075,-0.0,0.14356327191251053,0.009574606
2019-10-09 02:00:00,-0.0,0.0006744712610023899,-0.0,0.009649758738997611,-0.0,0.1334056311346183,0.01032423
2019-10-09 03:00:00,-0.0,0.0003173982404717129,-0.0,0.008509821759528286,-0.0,0.12444792401932538,0.00882722
2019-10-09 04:00:00,-0.0,0.00015869912023585645,-0.0,0.029740250879764143,-0.0,0.09314239677746838,0.02989895
2019-10-09 05:00:00,-0.0,7.934956011792822e-05,-0.0,0.03356955043988207,-0.0,0.057806027893382,0.0336489
2019-10-09 06:00:00,-0.0,3.967478005896411e-05,-0.0,0.03480040521994104,-0.0,0.02117402239870723,0.03484008
2019-10-09 07:00:00,0.030526448472820752,7.934956011792822e-05,-0.0,0.013140731967061316,-0.0,0.007341672959695321,0.04374653
2019-10-09 08:00:00,0.07173715391112877,0.00023804868035378468,-0.0,0.0,0.008107972591482548,0.015044246921603742,0.06386723
2019-10-09 09:00:00,0.08852670057118019,0.0006347964809434258,-0.0,0.0,0.025052217052123613,0.03884385312112117,0.06410928
2019-10-09 10:00:00,0.11103995631988547,0.00047609736070756937,-0.0,0.0,0.046006363680593035,0.08254989861768455,0.06550969000000001
2019-10-09 11:00:00,0.15263224236410378,0.00011902434017689234,-0.0,0.0,0.04043576670428067,0.12096387698675119,0.1123155
2019-10-09 12:00:00,0.17896130417191164,-0.0,-0.0,0.0,0.08672996417191163,0.20335734295006724,0.09223134000000001
2019-10-09 13:00:00,0.17715341962458286,-0.0,-0.0,0.0,0.13325520962458287,0.32994979209342096,0.04389821
2019-10-09 14:00:00,0.16751388599460387,-0.0,-0.0,0.0,0.11942177599460388,0.4434004792882946,0.04809211
2019-10-09 15:00:00,0.130882147827219,-0.0,-0.0,0.0,0.08835565782721899,0.5273383542241527,0.04252649
2019-10-09 16:00:00,0.0770792823938724,-0.0,-0.0,0.0,0.005981562393872417,0.5330208384983315,0.07109771999999999
2019-10-09 17:00:00,0.02518431999007712,-0.0,-0.0,0.04607675000992289,-0.0,0.4845189963826232,0.07126107000000001
2019-10-09 18:00:00,-0.0,-0.0,0.014592673073353388,0.052380176926646614,-0.0,0.42938196803878464,0.06697285
2019-10-09 19:00:00,-0.0,-0.0,0.014592673073353388,0.05044193692664662,-0.0,0.376285192326525,0.06503461
2019-10-09 20:00:00,-0.0,-0.0,0.014592673073353388,0.03433590692664661,-0.0,0.34014213240373914,0.04892858
2019-10-09 21:00:00,-0.0,-0.0,0.014592673073353388,0.018245666926646614,-0.0,0.32093616721779533,0.03283834
2019-10-09 22:00:00,-0.0,3.967478005896411e-05,0.014592673073353388,0.0050407221465876475,-0.0,0.3156301439055978,0.01967307
2019-10-09 23:00:00,-0.0,3.967478005896411e-05,0.013571105219941036,0.0,-0.0,0.3156301439055978,0.01361078
2019-10-10 00:00:00,-0.0,-0.0,-0.0,0.01132415,-0.0,0.30370998601086097,0.01132415
2019-10-10 01:00:00,-0.0,-0.0,0.01185028,0.0,-0.0,0.30370998601086097,0.01185028
2019-10-10 02:00:00,-0.0,-0.0,0.01227067,0.0,-0.0,0.30370998601086097,0.01227067
2019-10-10 03:00:00,-0.0,3.967478005896411e-05,0.014235485219941037,0.0,-0.0,0.30370998601086097,0.01427516
2019-10-10 04:00:00,-0.0,3.967478005896411e-05,-0.0,0.025537465219941036,-0.0,0.27682844367408094,0.02557714
2019-10-10 05:00:00,-0.0,-0.0,-0.0,0.04969307,-0.0,0.22451994893723884,0.04969307
2019-10-10 06:00:00,-0.0,-0.0,-0.0,0.03925695000000001,-0.0,0.18319684367408093,0.03925695000000001
2019-10-10 07:00:00,0.017552707871871933,-0.0,0.014592673073353388,0.012242049054774677,-0.0,0.17031047624800233,0.04438743
2019-10-10 08:00:00,0.0526581236156158,-0.0,0.012639136384384193,0.0,-0.0,0.17031047624800233,0.06529726
2019-10-10 09:00:00,0.08471089451207758,-0.0,-0.0,0.0,0.035693344512077584,0.20421915353447603,0.04901755
2019-10-10 10:00:00,0.11103995631988547,-0.0,-0.0,0.0,0.05759991631988547,0.25893907403836725,0.05344004
2019-10-10 11:00:00,0.12172421328537275,-0.0,-0.0,0.0,0.03293956328537276,0.29023165915947136,0.08878464999999999
2019-10-10 12:00:00,0.1285926641917574,-0.0,-0.0,0.0,0.03088661419175741,0.3195739426416409,0.09770605
2019-10-10 13:00:00,0.12439527752674456,-0.0,-0.0,0.0,0.044314257526744574,0.36167248729204826,0.08008101999999999
2019-10-10 14:00:00,0.10607940844305212,-0.0,-0.0,0.0,0.03261157844305211,0.39265348681294776,0.07346783000000001
2019-10-10 15:00:00,0.0770792823938724,-0.0,-0.0,0.0,0.02880236239387242,0.42001573108712653,0.04827691999999999
2019-10-10 16:00:00,0.04426335028559009,-0.0,0.014592673073353388,0.010241736641056513,-0.0,0.4092349556754881,0.06909776
2019-10-10 17:00:00,0.0122105793891283,-0.0,0.014592673073353388,0.03192851753751832,-0.0,0.37562598984652146,0.05873177
2019-10-10 18:00:00,-0.0,-0.0,0.014592673073353388,0.1189259269266466,-0.0,0.25044080360794607,0.1335186
2019-10-10 19:00:00,-0.0,-0.0,-0.0,0.08694908999999999,-0.0,0.15891544571320926,0.08694908999999999
2019-10-10 20:00:00,-0.0,-0.0,0.014592673073353388,0.047612586926646626,-0.0,0.1087969331588444,0.06220526000000001
2019-10-10 21:00:00,-0.0,-0.0,0.014592673073353388,0.017205986926646613,-0.0,0.0906853679729006,0.03179866
2019-10-10 22:00:00,-0.0,-0.0,0.014592673073353388,0.001357996926646612,-0.0,0.0892558975237989,0.01595067
2019-10-10 23:00:00,-0.0,-0.0,0.014592673073353388,0.00770300692664661,-0.0,0.08114746917996035,0.02229568
2019-10-11 00:00:00,-0.0,-0.0,0.005201030771623316,0.005298869228376683,-0.0,0.07556971209745858,0.0104999
2019-10-11 01:00:00,-0.0,3.967478005896411e-05,0.010529805219941036,0.0,-0.0,0.07556971209745858,0.01056948
2019-10-11 02:00:00,-0.0,7.934956011792822e-05,0.00877000943988207,0.0,-0.0,0.07556971209745858,0.008849359
2019-10-11 03:00:00,-0.0,7.934956011792822e-05,0.01118209043988207,0.0,-0.0,0.07556971209745858,0.01126144
2019-10-11 04:00:00,-0.0,0.00015869912023585645,0.014592673073353388,0.010302107806410754,-0.0,0.06472538809071042,0.02505348
2019-10-11 05:00:00,-0.0,0.00015869912023585645,0.014592673073353388,0.01859118780641076,-0.0,0.0451557167155412,0.03334256
2019-10-11 06:00:00,-0.0,0.00015869912023585645,-0.0,0.042897930879764144,-0.0,-0.0,0.04305663
2019-10-11 07:00:00,0.02976328726100023,0.00015869912023585645,0.007797933618763912,0.0,-0.0,-0.0,0.03771992
2019-10-11 08:00:00,0.07673196,-0.0,-0.0,0.0,-0.0,-0.0,0.07673196
2019-10-11 09:00:00,0.05035258,-0.0,-0.0,0.0,-0.0,-0.0,0.05035258
2019-10-11 10:00:00,0.08357056110374003,-0.0,-0.0,0.0,0.03399944110374002,0.03229946904855302,0.04957112
2019-10-11 11:00:00,0.19193504477286047,-0.0,-0.0,0.0,0.10359485477286046,0.13071458108277045,0.08834019000000001
2019-10-11 12:00:00,0.19002714174330917,-0.0,-0.0,0.0,0.12106825174330918,0.24572942023891417,0.06895889
2019-10-11 13:00:00,0.18010604598964242,-0.0,-0.0,0.0,0.11712563598964242,0.35699877442907446,0.06298041
2019-10-11 14:00:00,0.15301382297001404,-0.0,-0.0,0.0,0.12601316297001403,0.47671127925058776,0.02700066
2019-10-11 15:00:00,0.1072241502607829,-0.0,-0.0,0.0,0.0592732202607829,0.5330208384983315,0.04795093
2019-10-11 16:00:00,0.05990815512791072,-0.0,-0.0,0.007626834872089268,-0.0,0.5249925912645533,0.06753498999999999
2019-10-11 17:00:00,0.017552707871871933,-0.0,-0.0,0.05308304212812806,-0.0,0.4691157048138922,0.07063575
2019-10-11 18:00:00,-0.0,-0.0,-0.0,0.07176855,-0.0,0.39356986270862904,0.07176855
2019-10-11 19:00:00,-0.0,-0.0,-0.0,0.06956408,-0.0,0.32034451534020797,0.06956408
2019-10-11 20:00:00,-0.0,-0.0,-0.0,0.05944772,-0.0,0.2577679679717869,0.05944772
2019-10-11 21:00:00,-0.0,-0.0,-0.0,0.03783416,-0.0,0.21794253639283956,0.03783416
2019-10-11 22:00:00,-0.0,-0.0,-0.0,0.02328469,-0.0,0.19343233639283955,0.02328469
2019-10-11 23:00:00,-0.0,-0.0,-0.0,0.01844445,-0.0,0.17401712586652376,0.01844445
2019-10-12 00:00:00,-0.0,-0.0,-0.0,0.0148815,-0.0,0.1583523890244185,0.0148815
2019-10-12 01:00:00,-0.0,-0.0,-0.0,0.01119213,-0.0,0.1465711995507343,0.01119213
2019-10-12 02:00:00,-0.0,-0.0,-0.0,0.01189709,-0.0,0.13404794691915536,0.01189709
2019-10-12 03:00:00,-0.0,0.00011902434017689234,-0.0,0.012418545659823107,-0.0,0.12097579359302578,0.01253757
2019-10-12 04:00:00,-0.0,0.0002777234604127488,-0.0,0.02635220653958725,-0.0,0.09323662881451289,0.02662993
2019-10-12 05:00:00,-0.0,0.00019837390029482055,-0.0,0.04012572609970518,-0.0,0.0509990223937706,0.0403241
2019-10-12 06:00:00,-0.0,7.934956011792822e-05,-0.0,0.03769659043988207,-0.0,0.011318400878105261,0.03777594
2019-10-12 07:00:00,0.03205277089646179,0.00023804868035378468,0.0021921995889844295,0.010752480834199999,-0.0,-0.0,0.0452355
2019-10-12 08:00:00,0.04328007,-0.0,-0.0,0.0,-0.0,-0.0,0.04328007
2019-10-12 09:00:00,0.05936708,-0.0,-0.0,0.0,-0.0,-0.0,0.05936708
2019-10-12 10:00:00,0.06854894,-0.0,-0.0,0.0,-0.0,-0.0,0.06854894
2019-10-12 11:00:00,0.0561615,-0.0,-0.0,0.0,-0.0,-0.0,0.0561615
2019-10-12 12:00:00,0.08986628086096919,-0.0,-0.0,0.0,0.03052468086096919,0.02899844681792073,0.0593416
2019-10-12 13:00:00,0.21559304233929652,-0.0,-0.0,0.0,0.12803574233929652,0.1506324020402524,0.0875573
2019-10-12 14:00:00,0.19312398962458288,-0.0,-0.0,0.0,0.13325520962458287,0.2772248511836061,0.05986878
2019-10-12 15:00:00,0.16064543508821919,-0.0,-0.0,0.0,0.12228795508821919,0.39339840851741437,0.03835748
2019-10-12 16:00:00,0.10378992480759056,7.934956011792822e-05,-0.0,0.0,0.0662207043677085,0.4563080776667374,0.03764857
2019-10-12 17:00:00,0.03777647998511568,0.00011902434017689234,-0.0,0.019983905674707432,-0.0,0.43527238748283487,0.05787941
2019-10-12 18:00:00,-0.0,0.00023804868035378468,-0.0,0.08387921131964622,-0.0,0.3469784808305757,0.08411726
2019-10-12 19:00:00,-0.0,0.0003173982404717129,-0.0,0.08961105175952828,-0.0,0.25265105792580905,0.08992845
2019-10-12 20:00:00,-0.0,0.0005157721407665335,-0.0,0.036808577859233464,-0.0,0.21390518649503698,0.03732435
2019-10-12 21:00:00,-0.0,0.0008728451612972104,-0.0,0.023508434838702793,-0.0,0.18915946561219193,0.02438128
2019-10-12 22:00:00,-0.0,0.0009125199413561745,-0.0,0.024430840058643825,-0.0,0.16344279186625107,0.02534336
2019-10-12 23:00:00,-0.0,0.0005157721407665335,-0.0,0.015440037859233468,-0.0,0.147190120435479,0.01595581
2019-10-13 00:00:00,-0.0,0.00019837390029482055,-0.0,0.011334016099705179,-0.0,0.13525957717263143,0.01153239
2019-10-13 01:00:00,-0.0,7.934956011792822e-05,-0.0,0.01174053043988207,-0.0,0.12290112407801873,0.01181988
2019-10-13 02:00:00,-0.0,3.967478005896411e-05,-0.0,0.011238145219941036,-0.0,0.11107149753071238,0.01127782
2019-10-13 03:00:00,-0.0,-0.0,-0.0,0.01021943,-0.0,0.10031420279387028,0.01021943
2019-10-13 04:00:00,-0.0,3.967478005896411e-05,-0.0,0.018898925219941035,-0.0,0.08042059729919551,0.0189386
2019-10-13 05:00:00,-0.0,3.967478005896411e-05,-0.0,0.03852041521994105,-0.0,0.03987279180452072,0.03856009000000001
2019-10-13 06:00:00,-0.0,0.00011902434017689234,-0.0,0.03367773565982311,-0.0,0.004422543741549023,0.03379676
2019-10-13 07:00:00,0.03777647998511568,0.0002777234604127488,-0.0,0.004201416554471572,-0.0,-0.0,0.04225562
2019-10-13 08:00:00,0.05424871000000001,-0.0,-0.0,0.0,-0.0,-0.0,0.05424871000000001
2019-10-13 09:00:00,0.05927771,-0.0,-0.0,0.0,-0.0,-0.0,0.05927771
2019-10-13 10:00:00,0.03954622,-0.0,-0.0,0.0,-0.0,-0.0,0.03954622
2019-10-13 11:00:00,0.20391660526869732,-0.0,-0.0,0.0,0.08934900526869732,0.08488155500526245,0.1145676
2019-10-13 12:00:00,0.22170383962458287,-0.0,-0.0,0.0,0.13325520962458287,0.21147400414861617,0.08844863
2019-10-13 13:00:00,0.2125403974920145,-0.0,-0.0,0.0,0.12476695749201451,0.33000261376602996,0.08777344
2019-10-13 14:00:00,0.18163236841328345,-0.0,-0.0,0.0,0.09484090841328345,0.42010147675864923,0.08679146
2019-10-13 15:00:00,0.13279005085677026,-0.0,-0.0,0.0,0.08134551085677026,0.49737971207258097,0.05144454
2019-10-13 16:00:00,0.07097399269930825,3.967478005896411e-05,-0.0,0.0,0.019308107479367217,0.5157224141779798,0.05170556
2019-10-13 17:00:00,0.019842191507333486,7.934956011792822e-05,-0.0,0.06769685893254858,-0.0,0.4444625626700339,0.0876184
2019-10-13 18:00:00,-0.0,0.0002777234604127488,-0.0,0.09475176653958725,-0.0,0.34472386104941577,0.09502949
2019-10-13 19:00:00,-0.0,0.0006347964809434258,-0.0,0.06756919351905658,-0.0,0.27359839418725096,0.06820399
2019-10-13 20:00:00,-0.0,0.0011505686217099594,-0.0,0.06065854137829003,-0.0,0.20974729799957723,0.06180910999999999
2019-10-13 21:00:00,-0.0,0.001467966862181672,-0.0,0.02435582313781833,-0.0,0.18410958943345268,0.02582379
2019-10-13 22:00:00,-0.0,0.0015473164222996004,-0.0,0.020677483577700398,-0.0,0.16234381724639962,0.0222248
2019-10-13 23:00:00,-0.0,0.0015076416422406362,-0.0,0.018776418357759363,-0.0,0.14257916634349505,0.02028406
2019-10-14 00:00:00,-0.0,0.001388617302063744,-0.0,0.009867252697936256,-0.0,0.13219258455619373,0.01125587
2019-10-14 01:00:00,-0.0,0.001071219061592031,-0.0,0.00824238793840797,-0.0,0.12351638672629062,0.009313607
2019-10-14 02:00:00,-0.0,0.0006744712610023899,-0.0,0.010370888738997611,-0.0,0.11259966173787209,0.01104536
2019-10-14 03:00:00,-0.0,0.0005157721407665335,-0.0,0.011438397859233467,-0.0,0.10055924293867896,0.01195417
2019-10-14 04:00:00,-0.0,0.0007538208211203181,-0.0,0.023656399178879683,-0.0,0.07565777011880562,0.02441022
2019-10-14 05:00:00,-0.0,0.0016266659824175286,-0.0,0.03534268401758247,-0.0,0.03845494483713986,0.03696935
2019-10-14 06:00:00,-0.0,0.003173982404717129,-0.0,0.036532197595282874,-0.0,-0.0,0.03970618
2019-10-14 07:00:00,0.025133441994103587,0.003967478005896411,-0.0,0.0,-0.0,-0.0,0.02910092
2019-10-14 08:00:00,0.038137554134870126,0.0034517058651298772,-0.0,0.0,-0.0,-0.0,0.04158926
2019-10-14 09:00:00,0.03903572,-0.0,-0.0,0.0,-0.0,-0.0,0.03903572
2019-10-14 10:00:00,0.15751086464180028,-0.0,-0.0,0.0,0.10061626464180028,0.09558545140971025,0.0568946
2019-10-14 11:00:00,0.19117188356103995,-0.0,-0.0,0.0,0.09704451356103995,0.1877777392926982,0.09412737
2019-10-14 12:00:00,0.19193235962458288,-0.0,-0.0,0.0,0.13325520962458287,0.3143701884360519,0.05867715
2019-10-14 13:00:00,0.17705340114236037,0.0009125199413561745,-0.0,0.0,0.10829462108371654,0.4172500784655826,0.0696713
2019-10-14 14:00:00,0.1388953405513344,0.0005951217008844617,-0.0,0.0,0.06859069225221887,0.4824112361051905,0.07089977
2019-10-14 15:00:00,0.08967144238891095,0.0005157721407665335,-0.0,0.0,0.047809044529677484,0.5278298284083841,0.04237817
2019-10-14 16:00:00,0.04044754422648749,0.0005554469208254976,-0.0,0.0,0.005464221147312993,0.5330208384983315,0.03553877
2019-10-14 17:00:00,0.009921095753666743,0.000714146041061354,-0.0,0.019735108205271905,-0.0,0.512247040387519,0.03037035
2019-10-14 18:00:00,-0.0,0.0011108938416509952,-0.0,0.095833026158349,-0.0,0.41137017074715165,0.09694392
2019-10-14 19:00:00,-0.0,0.0016663407624764928,-0.0,0.07819228923752351,-0.0,0.329062497865548,0.07985863
2019-10-14 20:00:00,-0.0,0.0023408120234788823,-0.0,0.031006127976521115,-0.0,0.2964244684165784,0.03334694
2019-10-14 21:00:00,-0.0,0.0032136571847760933,0.014592673073353388,0.0019980997418705213,-0.0,0.29432120553039887,0.01980443
2019-10-14 22:00:00,-0.0,0.003689754545483662,0.014592673073353388,0.008720442381162952,-0.0,0.28514179249759575,0.02700287
2019-10-14 23:00:00,-0.0,0.004046827566014339,-0.0,0.01578575243398566,-0.0,0.26852521098813714,0.01983258
2019-10-15 00:00:00,-0.0,0.003967478005896411,-0.0,0.00682955199410359,-0.0,0.2613362088890807,0.01079703
2019-10-15 01:00:00,-0.0,0.003808778885660555,-0.0,0.005705399114339445,-0.0,0.25533052561082864,0.009514178
2019-10-15 02:00:00,-0.0,0.003689754545483662,-0.0,0.010143325454516338,-0.0,0.24465334092186408,0.01383308
2019-10-15 03:00:00,-0.0,0.003848453665719519,0.004922171334280481,0.0,-0.0,0.24465334092186408,0.008770625
2019-10-15 04:00:00,-0.0,0.00424520146630916,0.0011256795588356367,0.016108028974855203,-0.0,0.2276975209483323,0.02147891
2019-10-15 05:00:00,-0.0,0.004443575366603981,-0.0,0.03047059463339602,-0.0,0.19562321080791542,0.03491417
2019-10-15 06:00:00,-0.0,0.004800648387134657,0.014592673073353388,0.022497298539511962,-0.0,0.17194184392421863,0.04189062
2019-10-15 07:00:00,0.020605352719154008,0.004443575366603981,-0.0,0.017009261914242013,-0.0,0.15403735769870072,0.04205819
2019-10-15 08:00:00,0.05800025209835943,0.002856584164245416,0.003450003737395145,0.0,-0.0,0.15403735769870072,0.06430683999999999
2019-10-15 09:00:00,0.09272408723619303,0.0024201615835968107,-0.0,0.0,0.04174144881978985,0.19369173407750107,0.0534028
2019-10-15 10:00:00,0.11867156843809067,0.002102763343125098,-0.0,0.0,0.04795998178121576,0.23925371676965604,0.07281435
2019-10-15 11:00:00,0.1457637914577191,0.0022217876833019903,-0.0,0.0,0.05495778914102108,0.29146361645362606,0.09302779
2019-10-15 12:00:00,0.15377698418183455,0.0021821129032430263,-0.0,0.0,0.09753667708507757,0.3841234596844497,0.05842242
2019-10-15 13:00:00,0.14957959751682168,0.0020234137830071695,-0.0,0.0,0.06450851129982886,0.44540654541928715,0.08709449999999999
2019-10-15 14:00:00,0.12706634176811638,0.0019043894428302775,-0.0,0.0,0.053581471210946655,0.4963089430696865,0.07538926
2019-10-15 15:00:00,0.09043460360073147,0.0017853651026533848,-0.0,0.0,0.029256268703384852,0.5241023983379021,0.0629637
2019-10-15 16:00:00,0.05456602664516709,0.0017853651026533848,-0.0,0.0,0.009387831747820471,0.5330208384983315,0.04696356
2019-10-15 17:00:00,0.016026385448230894,0.002102763343125098,-0.0,0.03385655120864401,-0.0,0.4973823635418641,0.0519857
2019-10-15 18:00:00,-0.0,0.003134307624658165,0.014592673073353388,0.05885229930198845,-0.0,0.4354325748029289,0.07657928
2019-10-15 19:00:00,-0.0,0.004007152785955375,0.014592673073353388,0.05718438414069125,-0.0,0.3752384862337802,0.07578421
2019-10-15 20:00:00,-0.0,0.004641949266898801,0.014592673073353388,0.023521917659747815,-0.0,0.3504785729077299,0.04275654
2019-10-15 21:00:00,-0.0,0.004721298827016729,0.004762141918764155,0.02387712925421913,-0.0,0.3253447526401308,0.03336057000000001
2019-10-15 22:00:00,-0.0,0.004681624046957765,0.014592673073353388,0.006339612879688849,-0.0,0.3186714759246688,0.02561391
2019-10-15 23:00:00,-0.0,0.004522924926721909,-0.0,0.014236625073278091,-0.0,0.3036855547949024,0.01875955
2019-10-16 00:00:00,-0.0,0.004403900586545016,-0.0,0.010414299413454984,-0.0,0.2927231343596866,0.0148182
2019-10-16 01:00:00,-0.0,0.004443575366603981,0.004539088633396019,0.0,-0.0,0.2927231343596866,0.008982664
2019-10-16 02:00:00,-0.0,0.004959347507370514,-0.0,0.006251122492629486,-0.0,0.28614300542007665,0.01121047
2019-10-16 03:00:00,-0.0,0.005276745747842227,0.009159664252157773,0.0,-0.0,0.28614300542007665,0.01443641
2019-10-16 04:00:00,-0.0,0.004800648387134657,-0.0,0.020148551612865342,-0.0,0.2649340037223237,0.0249492
2019-10-16 05:00:00,-0.0,0.00424520146630916,0.014592673073353388,0.01525877546033745,-0.0,0.24887213481670528,0.03409665
2019-10-16 06:00:00,-0.0,0.004046827566014339,-0.0,0.035093362433985656,-0.0,0.2119317533072467,0.03914019
2019-10-16 07:00:00,0.023276416960525823,0.003094632844599201,0.014592673073353388,0.0048743071215215875,-0.0,0.20680090370564502,0.04583803
2019-10-16 08:00:00,0.06410554179292358,0.0019043894428302775,-0.0,0.0,0.001987171235753843,0.20868871637961117,0.06402276000000001
2019-10-16 09:00:00,0.09997411874848797,0.0018647146627713133,-0.0,0.0,0.035759643411259284,0.24266037762030748,0.06607919
2019-10-16 10:00:00,0.12363211631492405,0.0020234137830071695,-0.0,0.0,0.05428130009793122,0.29422761271334213,0.07137423
2019-10-16 11:00:00,0.13660585691587285,0.0017853651026533848,-0.0,0.0,0.06205017201852624,0.3531752761309421,0.07634105
2019-10-16 12:00:00,0.12630318055629586,0.0012299181818278874,-0.0,0.0,0.033961578738123735,0.38543877593215964,0.09357152
2019-10-16 13:00:00,0.11027679510806496,0.001031544281533067,-0.0,0.0,0.06059236938959803,0.4430015268522778,0.05071597
2019-10-16 14:00:00,0.0854740557238981,0.001071219061592031,-0.0,0.0,0.006225324785490136,0.4489155853984934,0.08031995
2019-10-16 15:00:00,0.05952657452200046,0.001428292082122708,-0.0,0.0,0.011369646604123172,0.45971674967241044,0.04958522
2019-10-16 16:00:00,0.02518431999007712,0.0024201615835968107,0.014592673073353388,0.01635712535297268,-0.0,0.44249872298507076,0.05855428
2019-10-16 17:00:00,0.004197386665012853,0.0033723563050119497,-0.0,0.0732324070299752,-0.0,0.3654119787429916,0.08080215
2019-10-16 18:00:00,-0.0,0.004721298827016729,-0.0,0.10441720117298327,-0.0,0.25549913540300917,0.1091385
2019-10-16 19:00:00,-0.0,0.005713168328490832,0.014592673073353388,0.07327226859815576,-0.0,0.17837043161547678,0.09357810999999999
2019-10-16 20:00:00,-0.0,0.00626861524931633,0.014592673073353388,0.021900471677330287,-0.0,0.15531730353407647,0.04276176
2019-10-16 21:00:00,-0.0,0.005911542228785652,-0.0,0.01959644777121435,-0.0,0.13468946377490348,0.02550799
2019-10-16 22:00:00,-0.0,0.005157721407665334,-0.0,0.012962108592334666,-0.0,0.121045138940867,0.01811983
2019-10-16 23:00:00,-0.0,0.004443575366603981,0.013184264633396017,0.0,-0.0,0.121045138940867,0.01762784
2019-10-17 00:00:00,-0.0,0.003967478005896411,0.006767791994103589,0.0,-0.0,0.121045138940867,0.01073527
2019-10-17 01:00:00,-0.0,0.0032930067448940213,-0.0,0.0069762832551059795,-0.0,0.11370168288286071,0.01026929
2019-10-17 02:00:00,-0.0,0.0032930067448940213,-0.0,0.00646791425510598,-0.0,0.10689335208801232,0.009760921
2019-10-17 03:00:00,-0.0,0.003848453665719519,0.00614875033428048,0.0,-0.0,0.10689335208801232,0.009997203999999999
2019-10-17 04:00:00,-0.0,0.004641949266898801,-0.0,0.0246442907331012,-0.0,0.08095199342159,0.02928624
2019-10-17 05:00:00,-0.0,0.005633818768372903,0.014592673073353388,0.012630168158273712,-0.0,0.06765707957077556,0.03285666
2019-10-17 06:00:00,-0.0,0.006387639589493222,-0.0,0.03300016041050678,-0.0,0.03292006861234737,0.0393878
2019-10-17 07:00:00,0.011065837571397523,0.006030566568962545,0.014592673073353388,0.016994592786286546,-0.0,0.015031023574151009,0.04868367
2019-10-17 08:00:00,0.04273702786194905,0.003888128445778483,0.011663293692272467,0.0,-0.0,0.015031023574151009,0.05828845
2019-10-17 09:00:00,0.08203983027070577,0.0024201615835968107,-0.0,0.0,0.017561901854302592,0.03171483033573847,0.06689809
2019-10-17 10:00:00,0.11752682662035989,0.0023011372434199187,-0.0,0.0,0.0653873138637798,0.09383277850632928,0.05444065
2019-10-17 11:00:00,0.14232956600452676,0.002499511143714739,-0.0,0.0,0.09356029714824149,0.18271506079715868,0.05126878
2019-10-17 12:00:00,0.1362242763099626,0.002578860703832667,-0.0,0.0,0.03423643701379525,0.21523967596026417,0.1045667
2019-10-17 13:00:00,0.13584269570405233,0.0026978850440095596,-0.0,0.0,0.07739278074806188,0.28876281767092293,0.0611478
2019-10-17 14:00:00,0.11180311753170599,0.002737559824068524,-0.0,0.0,0.039282867355774506,0.32608154165890874,0.07525781000000001
2019-10-17 15:00:00,0.0797503466352442,0.0026978850440095596,0.002400718320746245,0.0,-0.0,0.32608154165890874,0.08484895
2019-10-17 16:00:00,0.03625015756147464,0.0030152832844812724,-0.0,0.022853999154044083,-0.0,0.3020247004441255,0.06211944
2019-10-17 17:00:00,0.007250031512294928,0.002935933724363344,0.014592673073353388,0.05270032168998833,-0.0,0.24655067761255883,0.07747896
2019-10-17 18:00:00,-0.0,0.0035310554252478057,0.014592673073353388,0.03740175150139881,-0.0,0.2071804128742443,0.05552548
2019-10-17 19:00:00,-0.0,0.004284876246368124,0.014592673073353388,0.050595880680278475,-0.0,0.1539215911055301,0.06947342999999999
2019-10-17 20:00:00,-0.0,0.004562599706780873,-0.0,0.04543239029321913,-0.0,0.10609802237582575,0.04999499
2019-10-17 21:00:00,-0.0,0.0046022744868398375,0.014592673073353388,0.006945112439806776,-0.0,0.09878737770234493,0.02614006
2019-10-17 22:00:00,-0.0,0.004165851906191231,-0.0,0.02025462809380877,-0.0,0.07746671655096728,0.02442048
2019-10-17 23:00:00,-0.0,0.0037691041056015905,0.01075466589439841,0.0,-0.0,0.07746671655096728,0.01452377
2019-10-18 00:00:00,-0.0,0.0033723563050119497,0.004775465694988049,0.0,-0.0,0.07746671655096728,0.008147821999999999
2019-10-18 01:00:00,-0.0,0.003094632844599201,0.008893407155400799,0.0,-0.0,0.07746671655096728,0.01198804
2019-10-18 02:00:00,-0.0,0.0033723563050119497,0.006029600694988049,0.0,-0.0,0.07746671655096728,0.009401956999999999
2019-10-18 03:00:00,-0.0,0.004681624046957765,0.004131301953042234,0.0,-0.0,0.07746671655096728,0.008812925999999999
2019-10-18 04:00:00,-0.0,0.005475119648137048,-0.0,0.02630589035186295,-0.0,0.04977630565426944,0.03178101
2019-10-18 05:00:00,-0.0,0.005713168328490832,-0.0,0.026172841671509166,-0.0,0.022225946000049263,0.03188601
2019-10-18 06:00:00,-0.0,0.005435444868078084,0.014592673073353388,0.014175872058568526,-0.0,0.0073039754120823915,0.03420399
2019-10-18 07:00:00,0.020605352719154008,0.004046827566014339,0.014592673073353388,0.006938776641478272,-0.0,-0.0,0.04618363
2019-10-18 08:00:00,0.060671316339731246,0.002856584164245416,0.001958689496023347,0.0,-0.0,-0.0,0.06548659000000001
2019-10-18 09:00:00,0.09997411874848797,0.0026978850440095596,-0.0,0.0,0.03892214379249753,0.03697603660287265,0.06374985999999999
2019-10-18 10:00:00,0.1278295029799369,0.003173982404717129,-0.0,0.0,0.07509070538465401,0.10831220671829395,0.05591278
2019-10-18 11:00:00,0.1419479853986165,0.0037294293255426265,-0.0,0.0,0.06568343472415913,0.17071146970624512,0.07999397999999999
2019-10-18 12:00:00,0.14919801691091142,0.003927803225837447,-0.0,0.0,0.07880438013674888,0.24557563083615658,0.07432143999999999
2019-10-18 13:00:00,0.13660585691587285,0.003689754545483662,-0.0,0.0,0.0764956814613565,0.31824652822444527,0.06379993
2019-10-18 14:00:00,0.11180311753170599,0.003134307624658165,-0.0,0.0,0.059938595156364155,0.3751881936229912,0.05499883
2019-10-18 15:00:00,0.07250031512294929,0.002777234604127488,-0.0,0.0,0.02393249972707677,0.39792406836371413,0.05134505
2019-10-18 16:00:00,0.03625015756147464,0.0033326815249529857,0.003994330240480105,0.003884960673092278,-0.0,0.3938346360762486,0.04746213000000001
2019-10-18 17:00:00,0.008776353935935967,0.004681624046957765,-0.0,0.04811263201710626,-0.0,0.3431897602687683,0.06157061
2019-10-18 18:00:00,-0.0,0.004959347507370514,-0.0,0.0655583924926295,-0.0,0.2741809260660004,0.07051774000000001
2019-10-18 19:00:00,-0.0,0.0047609736070756935,-0.0,0.0727558563929243,-0.0,0.1975958140734485,0.07751683
2019-10-18 20:00:00,-0.0,0.004046827566014339,0.014592673073353388,0.007696939360632272,-0.0,0.189493772641204,0.02633644
2019-10-18 21:00:00,-0.0,0.0047609736070756935,-0.0,0.04114380639292431,-0.0,0.14618450275391526,0.04590478
2019-10-18 22:00:00,-0.0,0.004681624046957765,0.014479025953042237,0.0,-0.0,0.14618450275391526,0.01916065
2019-10-18 23:00:00,-0.0,0.004086502346073303,-0.0,0.015251867653926696,-0.0,0.1301299052234661,0.01933837
2019-10-19 00:00:00,-0.0,0.0032533319648350573,-0.0,0.011640068035164942,-0.0,0.11787720202855564,0.0148934
2019-10-19 01:00:00,-0.0,0.0023011372434199187,-0.0,0.009292012756580082,-0.0,0.10809613596899767,0.01159315
2019-10-19 02:00:00,-0.0,0.0022614624633609543,0.013072667536639045,0.0,-0.0,0.10809613596899767,0.01533413
2019-10-19 03:00:00,-0.0,0.0030152832844812724,-0.0,0.009354646715518727,-0.0,0.09824913942634637,0.01236993
2019-10-19 04:00:00,-0.0,0.004205526686250196,-0.0,0.029636283313749803,-0.0,0.06705305172766238,0.03384181
2019-10-19 05:00:00,-0.0,0.005395770088019119,-0.0,0.024975279911980883,-0.0,0.040763283399261455,0.03037105
2019-10-19 06:00:00,-0.0,0.0065860134897880425,-0.0,0.036753466510211955,-0.0,0.002075423914827821,0.04333948
2019-10-19 07:00:00,0.029000126049179713,0.007895281231733858,-0.0,0.00197165271908643,-0.0,-0.0,0.03886706
2019-10-19 08:00:00,0.07204126476428124,0.010156743695094813,-0.0,0.0,0.013135908459376056,0.012479113036407252,0.0690621
2019-10-19 09:00:00,0.12668476116220612,0.01051381671562549,-0.0,0.0,0.06780698787783163,0.07689575152034729,0.06939158999999999
2019-10-19 10:00:00,0.15988227387639867,0.010474141935566526,-0.0,0.0,0.0834805158119652,0.15620224154171422,0.0868759
2019-10-19 11:00:00,0.17400075629507827,0.010117068915035849,-0.0,0.0,0.07502552521011412,0.22747649049132262,0.1090923
2019-10-19 12:00:00,0.1690402084182449,0.008807801173090032,-0.0,0.0,0.11934360959133494,0.34085291960309083,0.0585044
2019-10-19 13:00:00,0.15186908115228323,0.007458858651085253,-0.0,0.0,0.09002476980336849,0.4263764509162909,0.06930317
2019-10-19 14:00:00,0.12630318055629586,0.006943086510318719,-0.0,0.0,0.04373875706661458,0.4679282701295747,0.08950751
2019-10-19 15:00:00,0.09501357087165459,0.0065066639296701145,-0.0,0.0,0.0521327048013247,0.5174543396908332,0.04938753
2019-10-19 16:00:00,0.056092349068808126,0.00646698914961115,-0.0,0.0,0.016385788218419274,0.5330208384983315,0.04617355
2019-10-19 17:00:00,0.015644804842320635,0.006070241349021509,-0.0,0.06128765380865785,-0.0,0.4685075186997443,0.0830027
2019-10-19 18:00:00,-0.0,0.005594143988313939,0.014592673073353388,0.09009618293833267,-0.0,0.3736694313962362,0.110283
2019-10-19 19:00:00,-0.0,0.005713168328490832,0.014592673073353388,0.06747946859815576,-0.0,0.3026384118192301,0.08778530999999999
2019-10-19 20:00:00,-0.0,0.00599089178890358,0.014592673073353388,0.023161445137743035,-0.0,0.2782579432531848,0.04374501
2019-10-19 21:00:00,-0.0,0.006189265689198402,0.014592673073353388,0.013547291237448212,-0.0,0.26399763668744985,0.03432923
2019-10-19 22:00:00,-0.0,0.006070241349021509,0.01139267865097849,0.0,-0.0,0.26399763668744985,0.01746292
2019-10-19 23:00:00,-0.0,0.005911542228785652,-0.0,0.008151597771214348,-0.0,0.25541700745459267,0.01406314
2019-10-20 00:00:00,-0.0,0.005713168328490832,0.0070858416715091676,0.0,-0.0,0.25541700745459267,0.01279901
2019-10-20 01:00:00,-0.0,0.005514794428196012,0.005555065571803989,0.0,-0.0,0.25541700745459267,0.01106986
2019-10-20 02:00:00,-0.0,0.005435444868078084,-0.0,0.005155755131921917,-0.0,0.2499898967894117,0.0105912
2019-10-20 03:00:00,-0.0,0.005911542228785652,0.004310237771214347,0.0,-0.0,0.2499898967894117,0.01022178
2019-10-20 04:00:00,-0.0,0.005594143988313939,0.014592673073353388,0.003183772938332675,-0.0,0.24663855685432468,0.02337059
2019-10-20 05:00:00,-0.0,0.005554469208254976,0.014592673073353388,0.011269387718391649,-0.0,0.234776043466544,0.03141653000000001
2019-10-20 06:00:00,-0.0,0.005276745747842227,0.014592673073353388,0.01577611117880439,-0.0,0.2181696106467499,0.03564553
2019-10-20 07:00:00,0.014881643630500116,0.004562599706780873,0.014592673073353388,0.01690341358936564,-0.0,0.20037654371057553,0.05094033000000001
2019-10-20 08:00:00,0.04617125331514139,0.0030549580645402364,-0.0,0.0,0.009697081379681623,0.20958877102127307,0.03952913
2019-10-20 09:00:00,0.07822402421160317,0.0022614624633609543,-0.0,0.0,0.03140666667496412,0.23942510436248898,0.04907882
2019-10-20 10:00:00,0.09425040965983407,0.002142438123184062,-0.0,0.0,0.026633977783018126,0.2647273832563562,0.06975887
2019-10-20 11:00:00,0.09234250663028278,0.0018647146627713133,0.005160778706945909,0.0,-0.0,0.2647273832563562,0.099368
2019-10-20 12:00:00,0.08432931390616732,0.0016266659824175286,0.003419080111415146,0.0,-0.0,0.2647273832563562,0.08937506
2019-10-20 13:00:00,0.07402663754659032,0.0015076416422406362,0.014592673073353388,0.025359647737815648,-0.0,0.23803301721655026,0.1154866
2019-10-20 14:00:00,0.056473929674718384,0.0018647146627713133,0.014592673073353388,0.005280092589156909,-0.0,0.23247502501743772,0.07821141
2019-10-20 15:00:00,0.038158060591025944,0.002777234604127488,0.013107494804846562,0.0,-0.0,0.23247502501743772,0.05404278999999999
2019-10-20 16:00:00,0.019460610901423227,0.004483250146662945,0.014592673073353388,0.026528985878560445,-0.0,0.2045497767242162,0.06506552
2019-10-20 17:00:00,0.003815806059102594,0.005832192668667724,0.00013556150888843332,0.039272409763341246,-0.0,0.16321039802596227,0.04905597
2019-10-20 18:00:00,-0.0,0.00579251788860876,-0.0,0.03023002211139124,-0.0,0.13138932211923465,0.03602254
2019-10-20 19:00:00,-0.0,0.006625688269847007,0.014592673073353388,0.04565589865679961,-0.0,0.08333048142786664,0.06687426
2019-10-20 20:00:00,-0.0,0.006744712610023899,0.014592673073353388,0.02129801431662271,-0.0,0.060911518989316425,0.0426354
2019-10-20 21:00:00,-0.0,0.007022436070436647,0.014592673073353388,0.011897760856209966,-0.0,0.04838756019330594,0.03351287
2019-10-20 22:00:00,-0.0,0.00626861524931633,0.014592673073353388,0.001305321677330282,-0.0,0.04701353737506354,0.02216661
2019-10-20 23:00:00,-0.0,0.005832192668667724,0.008644057331332274,0.0,-0.0,0.04701353737506354,0.01447625
2019-10-21 00:00:00,-0.0,0.005197396187724299,0.004242868812275701,0.0,-0.0,0.04701353737506354,0.009440265
2019-10-21 01:00:00,-0.0,0.005276745747842227,0.005645744252157773,0.0,-0.0,0.04701353737506354,0.01092249
2019-10-21 02:00:00,-0.0,0.005157721407665334,0.005117478592334666,0.0,-0.0,0.04701353737506354,0.0102752
2019-10-21 03:00:00,-0.0,0.005475119648137048,0.007505480351862952,0.0,-0.0,0.04701353737506354,0.0129806
2019-10-21 04:00:00,-0.0,0.005475119648137048,0.014592673073353388,0.00018725727850956407,-0.0,0.04681642445031663,0.02025505
2019-10-21 05:00:00,-0.0,0.005713168328490832,0.014592673073353388,0.00820465859815578,-0.0,0.038179941715415805,0.0285105
2019-10-21 06:00:00,-0.0,0.005871867448726688,0.014592673073353388,0.023117619477919925,-0.0,0.013845605422868515,0.04358216
2019-10-21 07:00:00,0.010684256965487263,0.006347964809434258,0.014592673073353388,0.01315332515172509,-0.0,-0.0,0.04477822
2019-10-21 08:00:00,0.035486996349654125,0.005554469208254976,-0.0,0.0,0.003513675557909088,0.0033379917800136333,0.03752779000000001
2019-10-21 09:00:00,0.05685551028062864,0.005554469208254976,-0.0,0.0,0.008982039488883618,0.01187092929445307,0.05342794
2019-10-21 10:00:00,0.0770792823938724,0.0076572325513800735,-0.0,0.0,0.024308834945252482,0.034964322492442926,0.06042768
2019-10-21 11:00:00,0.10417150541350081,0.009204548973679675,-0.0,0.0,0.033959044387180476,0.06722541466026438,0.07941701000000001
2019-10-21 12:00:00,0.13050056722130873,0.00868877683291314,-0.0,0.0,0.04289861405422188,0.10797909801177516,0.09629072999999999
2019-10-21 13:00:00,0.14156640479270624,0.006109916129080473,-0.0,0.0,0.08618792092178672,0.18985762288747254,0.0614884
2019-10-21 14:00:00,0.1278295029799369,0.003927803225837447,-0.0,0.0,0.045993586205774345,0.23355152978295818,0.08576372
2019-10-21 15:00:00,0.09653989329529562,0.0024201615835968107,-0.0,0.0,0.053783984878892424,0.28464631541790597,0.04517607000000001
2019-10-21 16:00:00,0.05571076846289787,0.001388617302063744,-0.0,0.0,0.0023517657649616136,0.2868804928946195,0.05474762
2019-10-21 17:00:00,0.01831586908369245,0.001031544281533067,0.014592673073353388,0.025223273561421088,-0.0,0.2603296786194394,0.05916336
2019-10-21 18:00:00,-0.0,0.0013489425220047798,0.014592673073353388,0.05102292440464184,-0.0,0.20662133714086905,0.06696454
2019-10-21 19:00:00,-0.0,0.0015869912023585644,0.014592673073353388,0.04981655572428804,-0.0,0.15418285743109217,0.06599622
2019-10-21 20:00:00,-0.0,0.0015473164222996004,0.014592673073353388,0.03423191050434701,-0.0,0.11814926742651637,0.0503719
2019-10-21 21:00:00,-0.0,0.001428292082122708,-0.0,0.030615747917877294,-0.0,0.08592216435506658,0.03204404
2019-10-21 22:00:00,-0.0,0.0012299181818278874,-0.0,0.025732981818172115,-0.0,0.05883481507278014,0.0269629
2019-10-21 23:00:00,-0.0,0.0009521947214151387,0.014592673073353388,0.005569492205231471,-0.0,0.052972191698852276,0.02111436
2019-10-22 00:00:00,-0.0,0.0006744712610023899,0.008554901738997612,0.0,-0.0,0.052972191698852276,0.009229373
2019-10-22 01:00:00,-0.0,0.00047609736070756937,0.006074978460723396,0.004297164178569035,-0.0,0.04844886098456908,0.01084824
2019-10-22 02:00:00,-0.0,0.0003967478005896411,0.01327117219941036,0.0,-0.0,0.04844886098456908,0.01366792
2019-10-22 03:00:00,-0.0,0.0005157721407665335,0.010413277859233466,0.0,-0.0,0.04844886098456908,0.01092905
2019-10-22 04:00:00,-0.0,0.0007538208211203181,0.014592673073353388,0.013485196105526292,-0.0,0.03425391771559404,0.02883169
2019-10-22 05:00:00,-0.0,0.001031544281533067,0.014592673073353388,0.018301752645113543,-0.0,0.014988914931263995,0.03392597
2019-10-22 06:00:00,-0.0,0.0013092677419458158,0.014592673073353388,0.014239469184700796,-0.0,-0.0,0.03014141
2019-10-22 07:00:00,0.02765283,-0.0,-0.0,0.0,-0.0,-0.0,0.02765283
2019-10-22 08:00:00,0.07193272,-0.0,-0.0,0.0,-0.0,-0.0,0.07193272
2019-10-22 09:00:00,0.06949393000000001,-0.0,-0.0,0.0,-0.0,-0.0,0.06949393000000001
2019-10-22 10:00:00,0.06988712,-0.0,-0.0,0.0,-0.0,-0.0,0.06988712
2019-10-22 11:00:00,0.089610975098635,-0.0,-0.0,0.0,0.009098225098635011,0.00864331384370326,0.08051275
2019-10-22 12:00:00,0.20206550962458286,-0.0,-0.0,0.0,0.13325520962458287,0.13523576298705697,0.0688103
2019-10-22 13:00:00,0.18851093962458287,-0.0,-0.0,0.0,0.13325520962458287,0.2618282121304107,0.05525573
2019-10-22 14:00:00,0.1690402084182449,-0.0,-0.0,0.0,0.1291287784182449,0.3845005516277433,0.03991143
2019-10-22 15:00:00,0.11828998783218041,-0.0,-0.0,0.0,0.0540014778321804,0.4358019555683147,0.06428851000000001
2019-10-22 16:00:00,0.0648687030047441,-0.0,-0.0,0.00937081699525591,-0.0,0.42593793767857163,0.07423952
2019-10-22 17:00:00,0.01717112726596167,-0.0,-0.0,0.017446972734038328,-0.0,0.4075727032216892,0.0346181
2019-10-22 18:00:00,-0.0,3.967478005896411e-05,-0.0,0.09857311521994104,-0.0,0.3038115293059618,0.09861279
2019-10-22 19:00:00,-0.0,0.00023804868035378468,-0.0,0.05656294131964622,-0.0,0.24427159107475527,0.05680099
2019-10-22 20:00:00,-0.0,0.0006347964809434258,-0.0,0.03999068351905659,-0.0,0.20217613473890622,0.04062548000000001
2019-10-22 21:00:00,-0.0,0.001071219061592031,-0.0,0.02972041093840797,-0.0,0.17089149164584522,0.03079163
2019-10-22 22:00:00,-0.0,0.0011902434017689234,-0.0,0.016183026598231075,-0.0,0.15385672680560197,0.01737327
2019-10-22 23:00:00,-0.0,0.0011902434017689234,-0.0,0.014474746598231076,-0.0,0.13862015143904294,0.01566499
2019-10-23 00:00:00,-0.0,0.0011108938416509952,-0.0,0.008915196158349004,-0.0,0.12923573443025452,0.01002609
2019-10-23 01:00:00,-0.0,0.0009125199413561745,-0.0,0.005317891058643826,-0.0,0.12363795436852418,0.006230411
2019-10-23 02:00:00,-0.0,0.0006744712610023899,-0.0,0.009432438738997611,-0.0,0.1137090714853688,0.01010691
2019-10-23 03:00:00,-0.0,0.0004364225806486052,-0.0,0.007364321419351395,-0.0,0.10595715420184101,0.007800744
2019-10-23 04:00:00,-0.0,0.000357073020530677,-0.0,0.02426772697946932,-0.0,0.08041217843397858,0.0246248
2019-10-23 05:00:00,-0.0,0.00047609736070756937,-0.0,0.02402408263929243,-0.0,0.05512367039261812,0.02450018
2019-10-23 06:00:00,-0.0,0.0005157721407665335,-0.0,0.03739839785923346,-0.0,0.01575693580395132,0.03791417
2019-10-23 07:00:00,0.027473803625538674,0.00047609736070756937,-0.0,0.014969089013753753,-0.0,-0.0,0.04291899
2019-10-23 08:00:00,0.06008761,-0.0,-0.0,0.0,-0.0,-0.0,0.06008761
2019-10-23 09:00:00,0.04212939,-0.0,-0.0,0.0,-0.0,-0.0,0.04212939
2019-10-23 10:00:00,0.03426149,-0.0,-0.0,0.0,-0.0,-0.0,0.03426149
2019-10-23 11:00:00,0.05802831,-0.0,-0.0,0.0,-0.0,-0.0,0.05802831
2019-10-23 12:00:00,0.18868670805727333,-0.0,-0.0,0.0,0.08884287805727335,0.08440073415440968,0.09984383
2019-10-23 13:00:00,0.2125403974920145,-0.0,-0.0,0.0,0.13101039749201449,0.20886061177182344,0.08153
2019-10-23 14:00:00,0.18582975507829633,-0.0,-0.0,0.0,0.11980019507829633,0.32267079709620494,0.06602956
2019-10-23 15:00:00,0.14118482418679598,-0.0,-0.0,0.0,0.08503857418679597,0.4034574425736611,0.05614625
2019-10-23 16:00:00,0.08165824966479551,-0.0,-0.0,0.0,0.050120659664795515,0.45107206925521687,0.03153759
2019-10-23 17:00:00,0.024802739384166862,3.967478005896411e-05,-0.0,0.03222255583577417,-0.0,0.41715358942808617,0.05706497
2019-10-23 18:00:00,-0.0,3.967478005896411e-05,-0.0,0.09313687521994105,-0.0,0.3191147734070956,0.09317655000000001
2019-10-23 19:00:00,-0.0,-0.0,-0.0,0.05746861,-0.0,0.25862149972288506,0.05746861
2019-10-23 20:00:00,-0.0,-0.0,-0.0,0.02614397,-0.0,0.23110153130183242,0.02614397
2019-10-23 21:00:00,-0.0,-0.0,-0.0,0.02895555,-0.0,0.20062200498604296,0.02895555
2019-10-23 22:00:00,-0.0,-0.0,-0.0,0.02529792,-0.0,0.17399261551235876,0.02529792
2019-10-23 23:00:00,-0.0,-0.0,-0.0,0.01055286,-0.0,0.16288434182814823,0.01055286
2019-10-24 00:00:00,-0.0,-0.0,-0.0,0.01550587,-0.0,0.1465623734070956,0.01550587
2019-10-24 01:00:00,-0.0,-0.0,-0.0,0.01071673,-0.0,0.13528160498604297,0.01071673
2019-10-24 02:00:00,-0.0,3.967478005896411e-05,-0.0,0.011756635219941037,-0.0,0.12290619949136819,0.01179631
2019-10-24 03:00:00,-0.0,0.00011902434017689234,-0.0,0.010904975659823108,-0.0,0.11142727774418597,0.011024
2019-10-24 04:00:00,-0.0,0.00011902434017689234,-0.0,0.015680275659823106,-0.0,0.09492172441805638,0.0157993
2019-10-24 05:00:00,-0.0,-0.0,-0.0,0.04130321,-0.0,0.05144466126016164,0.04130321
2019-10-24 06:00:00,-0.0,-0.0,-0.0,0.04349475000000001,-0.0,0.005660713891740576,0.04349475000000001
2019-10-24 07:00:00,0.038921221802846455,-0.0,-0.0,0.005377678197153547,-0.0,-0.0,0.0442989
2019-10-24 08:00:00,0.06013034,-0.0,-0.0,0.0,-0.0,-0.0,0.06013034
2019-10-24 09:00:00,0.06307924,-0.0,-0.0,0.0,-0.0,-0.0,0.06307924
2019-10-24 10:00:00,0.05826821,-0.0,-0.0,0.0,-0.0,-0.0,0.05826821
2019-10-24 11:00:00,0.07738912,-0.0,-0.0,0.0,-0.0,-0.0,0.07738912
2019-10-24 12:00:00,0.18381413570484395,-0.0,-0.0,0.0,0.07023523570484397,0.06672347391960176,0.1135789
2019-10-24 13:00:00,0.20672047962458287,-0.0,-0.0,0.0,0.13325520962458287,0.19331592306295547,0.07346527
2019-10-24 14:00:00,0.203000882344258,-0.0,-0.0,0.0,0.122360422344258,0.3095583242900006,0.08064046000000001
2019-10-24 15:00:00,0.14881643630500116,7.934956011792822e-05,-0.0,0.0,0.0797808658651191,0.3853501468618637,0.06911492
2019-10-24 16:00:00,0.08967144238891095,7.934956011792822e-05,-0.0,0.0,0.031938081949028876,0.4156913247134411,0.05781271
2019-10-24 17:00:00,0.02594748120189764,7.934956011792822e-05,-0.0,0.0023225692379844343,-0.0,0.41324651498924697,0.0283494
2019-10-24 18:00:00,-0.0,7.934956011792822e-05,-0.0,0.09218991043988208,-0.0,0.3162045039998974,0.09226926
2019-10-24 19:00:00,-0.0,3.967478005896411e-05,-0.0,0.08786693521994103,-0.0,0.22371299324206478,0.08790661
2019-10-24 20:00:00,-0.0,-0.0,-0.0,0.04176507,-0.0,0.1797497616631174,0.04176507
2019-10-24 21:00:00,-0.0,-0.0,-0.0,0.03039323,-0.0,0.14775688797890688,0.03039323
2019-10-24 22:00:00,-0.0,-0.0,-0.0,0.01849061,-0.0,0.12829308797890687,0.01849061
2019-10-24 23:00:00,-0.0,3.967478005896411e-05,-0.0,0.013684935219941036,-0.0,0.1138878930105479,0.01372461
2019-10-25 00:00:00,-0.0,7.934956011792822e-05,-0.0,0.007735476439882072,-0.0,0.10574528623172466,0.007814826
2019-10-25 01:00:00,-0.0,0.00011902434017689234,-0.0,0.0073525826598231075,-0.0,0.09800572553717402,0.007471607
2019-10-25 02:00:00,-0.0,0.00015869912023585645,-0.0,0.007864675879764143,-0.0,0.0897271193479486,0.008023375
2019-10-25 03:00:00,-0.0,0.00015869912023585645,-0.0,0.007748870879764142,-0.0,0.08157041315872318,0.00790757
2019-10-25 04:00:00,-0.0,3.967478005896411e-05,-0.0,0.023895255219941035,-0.0,0.0564175129272063,0.02393493
2019-10-25 05:00:00,-0.0,-0.0,-0.0,0.02733093,-0.0,0.027648112927206304,0.02733093
2019-10-25 06:00:00,-0.0,-0.0,-0.0,0.02615573,-0.0,0.00011576555878525576,0.02615573
2019-10-25 07:00:00,0.020605352719154008,-0.0,-0.0,0.00010997728084599298,-0.0,-0.0,0.02071533
2019-10-25 08:00:00,0.0521974,-0.0,-0.0,0.0,-0.0,-0.0,0.0521974
2019-10-25 09:00:00,0.05340713,-0.0,-0.0,0.0,-0.0,-0.0,0.05340713
2019-10-25 10:00:00,0.04162497,-0.0,-0.0,0.0,-0.0,-0.0,0.04162497
2019-10-25 11:00:00,0.0950791597037151,-0.0,-0.0,0.0,0.012348509703715092,0.011731084218529336,0.08273065
2019-10-25 12:00:00,0.18277711023101423,-0.0,-0.0,0.0,0.09315007023101424,0.10022365093799286,0.08962703999999999
2019-10-25 13:00:00,0.18582975507829633,-0.0,-0.0,0.0,0.12659882507829634,0.22049253476237438,0.05923093
2019-10-25 14:00:00,0.17438233690098853,-0.0,-0.0,0.0,0.11933237690098852,0.3338582928183135,0.05504996
2019-10-25 15:00:00,0.14271114661043702,-0.0,-0.0,0.0,0.09953091661043702,0.42841266359822866,0.04318023
2019-10-25 16:00:00,0.08471089451207758,-0.0,-0.0,0.0,0.056723884512077584,0.4823003538847024,0.02798701
2019-10-25 17:00:00,0.022513255748705302,-0.0,-0.0,0.0433157342512947,-0.0,0.43670484414649746,0.06582899
2019-10-25 18:00:00,-0.0,3.967478005896411e-05,-0.0,0.07771133521994103,-0.0,0.3549034386518227,0.07775101
2019-10-25 19:00:00,-0.0,0.00023804868035378468,-0.0,0.07462099131964621,-0.0,0.27635502673640566,0.07485903999999999
2019-10-25 20:00:00,-0.0,0.0009125199413561745,-0.0,0.04000105005864383,-0.0,0.23424865825362268,0.04091357
2019-10-25 21:00:00,-0.0,0.0015869912023585644,-0.0,0.023987008797641436,-0.0,0.20899917530873696,0.025574
2019-10-25 22:00:00,-0.0,0.0018647146627713133,-0.0,0.014936255337228685,-0.0,0.19327680126954888,0.01680097
2019-10-25 23:00:00,-0.0,0.0019837390029482055,-0.0,0.011919060997051794,-0.0,0.18073042127265226,0.0139028
2019-10-26 00:00:00,-0.0,0.001825039882712349,-0.0,0.00999584011728765,-0.0,0.17020848430708632,0.01182088
2019-10-26 01:00:00,-0.0,0.0015869912023585644,-0.0,0.008284832797641434,-0.0,0.16148760767799009,0.009871824
2019-10-26 02:00:00,-0.0,0.0012299181818278874,-0.0,0.007406374818172112,-0.0,0.15369142365886154,0.008636293
2019-10-26 03:00:00,-0.0,0.0009521947214151387,-0.0,0.005805868278584861,-0.0,0.14757998336561431,0.006758063
2019-10-26 04:00:00,-0.0,0.0009125199413561745,-0.0,0.026301070058643825,-0.0,0.1198946464617787,0.02721359
2019-10-26 05:00:00,-0.0,0.0009918695014741027,-0.0,0.03570323049852588,-0.0,0.08231229856859357,0.03669509999999999
2019-10-26 06:00:00,-0.0,0.001031544281533067,-0.0,0.024161425718466932,-0.0,0.05687921886494417,0.02519297
2019-10-26 07:00:00,0.021368513930974525,0.001031544281533067,-0.0,0.025286271787492404,-0.0,0.03026209066758374,0.04768633
2019-10-26 08:00:00,0.07021083148748773,0.0005554469208254976,-0.0,0.0,0.007216398408313229,0.03711766915548131,0.06354988
2019-10-26 09:00:00,0.12325053570901379,0.0006744712610023899,-0.0,0.0,0.06451107697001618,0.09840319227699668,0.05941393
2019-10-26 10:00:00,0.16942178902415517,0.0005554469208254976,-0.0,0.0,0.11847072594498068,0.21095038192472831,0.05150651
2019-10-26 11:00:00,0.18277711023101423,0.00047609736070756937,-0.0,0.0,0.0788109075917218,0.28582074413686404,0.1044423
2019-10-26 12:00:00,0.18010604598964242,0.00047609736070756937,-0.0,0.0,0.09495502335034998,0.3760280163196965,0.08562712
2019-10-26 13:00:00,0.16369807993550128,0.0004364225806486052,-0.0,0.0,0.09628802251614989,0.4675016377100389,0.06784648
2019-10-26 14:00:00,0.11943472964991118,0.0002777234604127488,-0.0,0.0,0.05052670311032392,0.5155020056648466,0.06918575
2019-10-26 15:00:00,0.07402663754659032,0.00015869912023585645,-0.0,0.0,0.018440876666826173,0.5330208384983315,0.05574446
2019-10-26 16:00:00,0.04006596362057723,0.00015869912023585645,-0.0,0.024102437259186905,-0.0,0.5076498519097137,0.0643271
2019-10-26 17:00:00,0.010302676359577004,0.000357073020530677,-0.0,0.04245700061989232,-0.0,0.462958272309827,0.05311675
2019-10-26 18:00:00,-0.0,0.0009918695014741027,0.014592673073353388,0.0981328574251725,-0.0,0.3596605276517507,0.1137174
2019-10-26 19:00:00,-0.0,0.0020234137830071695,0.014592673073353388,0.05922320314363944,-0.0,0.2973203138163408,0.07583929
2019-10-26 20:00:00,-0.0,0.0030549580645402364,0.014592673073353388,0.02601502886210639,-0.0,0.26993607290886035,0.04366266000000001
2019-10-26 21:00:00,-0.0,0.003689754545483662,0.014592673073353388,0.014453012381162948,-0.0,0.2547223756655309,0.03273544
2019-10-26 22:00:00,-0.0,0.003650079765424698,0.014592673073353388,0.004840957161221916,-0.0,0.2496266312852973,0.02308371
2019-10-26 23:00:00,-0.0,0.0034913806451888417,-0.0,0.009094379354811158,-0.0,0.24005360038549609,0.01258576
2019-10-27 00:00:00,-0.0,0.003094632844599201,-0.0,0.009351507155400798,-0.0,0.23020990864296892,0.01244614
2019-10-27 01:00:00,-0.0,0.0028169093841864516,-0.0,0.006684648615813547,-0.0,0.22317343641579676,0.009501557999999998
2019-10-27 02:00:00,-0.0,0.0024598363636557747,-0.0,0.010563283636344224,-0.0,0.21205419048280283,0.01302312
2019-10-27 03:00:00,-0.0,0.0023408120234788823,0.008537857976521117,0.0,-0.0,0.21205419048280283,0.01087867
2019-10-27 04:00:00,-0.0,0.0020234137830071695,0.0018173552157012326,0.0224044210012916,-0.0,0.18847058942881167,0.02624519
2019-10-27 05:00:00,-0.0,0.001825039882712349,0.014592673073353388,0.022524837043934265,-0.0,0.16476023464572298,0.03894255
2019-10-27 06:00:00,-0.0,0.0019837390029482055,-0.0,0.0423470109970518,-0.0,0.12018443359619477,0.04433075
2019-10-27 07:00:00,0.0122105793891283,0.0021821129032430263,-0.0,0.013873407707628673,-0.0,0.10558084653553301,0.0282661
2019-10-27 08:00:00,0.03968438301466697,0.0015869912023585644,0.014592673073353388,0.006438122709621073,-0.0,0.09880387526224767,0.06230217
2019-10-27 09:00:00,0.06868450906384668,0.0009125199413561745,-0.0,0.0,0.009987119005202855,0.10829163831719038,0.05960991
2019-10-27 10:00:00,0.09425040965983407,0.001071219061592031,-0.0,0.0,0.056282968721426095,0.16176045860254518,0.03903866
2019-10-27 11:00:00,0.11371102056125729,0.0011108938416509952,-0.0,0.0,0.04567008440290829,0.20514703878530804,0.06915183
2019-10-27 12:00:00,0.12439527752674456,0.0007538208211203181,-0.0,0.0,0.009397798347864875,0.2140749472157797,0.1157513
2019-10-27 13:00:00,0.11752682662035989,0.0003967478005896411,-0.0,0.0,0.052947234420949535,0.26437481991568174,0.06497634
2019-10-27 14:00:00,0.09921095753666745,0.00019837390029482055,-0.0,0.0,0.04007264143696227,0.3024438292807959,0.05933669
2019-10-27 15:00:00,0.07059241209339799,0.00015869912023585645,-0.0,0.0,0.015688151213633858,0.31734757293374805,0.05506295999999999
2019-10-27 16:00:00,0.038921221802846455,0.0004364225806486052,-0.0,0.01806377561650494,-0.0,0.2983330722847955,0.05742142
2019-10-27 17:00:00,0.010684256965487263,0.001388617302063744,-0.0,0.022396505732448994,-0.0,0.27475780309274395,0.03446938
2019-10-27 18:00:00,-0.0,0.002499511143714739,-0.0,0.08367007885628526,-0.0,0.18668403587560156,0.08616959
2019-10-27 19:00:00,-0.0,0.003134307624658165,0.014592673073353388,0.04025995930198844,-0.0,0.1443051313471927,0.05798693999999999
2019-10-27 20:00:00,-0.0,0.0030152832844812724,0.014592673073353388,0.02527029364216534,-0.0,0.11770482225017655,0.04287825
2019-10-27 21:00:00,-0.0,0.0028169093841864516,-0.0,0.029621440615813545,-0.0,0.08652435844405702,0.03243835
2019-10-27 22:00:00,-0.0,0.0021821129032430263,-0.0,0.024255247096756975,-0.0,0.060992519394839156,0.02643736
2019-10-27 23:00:00,-0.0,0.0017060155425354566,-0.0,0.018289604457464543,-0.0,0.04174030417645543,0.01999562
2019-10-28 00:00:00,-0.0,0.001467966862181672,0.009255153137818327,0.0,-0.0,0.04174030417645543,0.01072312
2019-10-28 01:00:00,-0.0,0.0011505686217099594,0.00439993237829004,0.0,-0.0,0.04174030417645543,0.005550500999999999
2019-10-28 02:00:00,-0.0,0.0008728451612972104,-0.0,0.0066753788387027896,-0.0,0.03471358960939987,0.007548224
2019-10-28 03:00:00,-0.0,0.0007934956011792822,0.008597414398820719,0.0,-0.0,0.03471358960939987,0.00939091
2019-10-28 04:00:00,-0.0,0.0008728451612972104,-0.0,0.01531473483870279,-0.0,0.01859281609497588,0.01618758
2019-10-28 05:00:00,-0.0,0.0009521947214151387,0.014592673073353388,0.0044869322052314715,-0.0,0.01386972956315328,0.0200318
2019-10-28 06:00:00,-0.0,0.0011108938416509952,0.014592673073353388,0.013176243084995617,-0.0,-0.0,0.02887981
2019-10-28 07:00:00,0.019079030295512972,0.0011505686217099594,0.008551161082777068,0.0,-0.0,-0.0,0.02878076
2019-10-28 08:00:00,0.058763413310179945,0.0006347964809434258,-0.0,0.0,0.014964569791123365,0.014216341301567197,0.04443364
2019-10-28 09:00:00,0.09730305450711614,0.000714146041061354,-0.0,0.0,0.0589178505481775,0.07018829932233582,0.03909935
2019-10-28 10:00:00,0.12744792237402663,0.000714146041061354,-0.0,0.0,0.08578486841508799,0.1516839243166694,0.0423772
2019-10-28 11:00:00,0.14500063024589857,0.0009125199413561745,-0.0,0.0,0.08114090018725474,0.2287677794945614,0.06477225
2019-10-28 12:00:00,0.14423746903407805,0.001388617302063744,-0.0,0.0,0.059881826336141794,0.2856555145138961,0.08574426
2019-10-28 13:00:00,0.12935582540357793,0.0016663407624764928,-0.0,0.0,0.08060920616605442,0.3622342603716478,0.05041296
2019-10-28 14:00:00,0.10798731147260339,0.0015076416422406362,-0.0,0.0,0.037240393114844034,0.39761263383074963,0.07225456
2019-10-28 15:00:00,0.07936876602933395,0.0011505686217099594,-0.0,0.0,0.0548173246510439,0.44968909224924136,0.02570201
2019-10-28 16:00:00,0.04311860846785931,0.0007538208211203181,0.0020856607110203707,0.0,-0.0,0.44968909224924136,0.04595809
2019-10-28 17:00:00,0.01144741817730778,0.0007934956011792822,0.014592673073353388,0.025034263148159548,-0.0,0.42333723630381026,0.05186785
2019-10-28 18:00:00,-0.0,0.001388617302063744,0.014592673073353388,0.05576215962458287,-0.0,0.3646402261726704,0.07174345
2019-10-28 19:00:00,-0.0,0.0016663407624764928,0.014592673073353388,0.02070061616417012,-0.0,0.3428501038945966,0.03695963
2019-10-28 20:00:00,-0.0,0.0019837390029482055,0.0022620108489872057,0.02431643014806459,-0.0,0.31725386163347596,0.02856218
2019-10-28 21:00:00,-0.0,0.0024201615835968107,-0.0,0.01874076841640319,-0.0,0.2975267369846305,0.02116093
2019-10-28 22:00:00,-0.0,0.002499511143714739,-0.0,0.01548098885628526,-0.0,0.28123095924117236,0.0179805
2019-10-28 23:00:00,-0.0,0.002142438123184062,0.014592673073353388,2.145880346254847e-05,-0.0,0.28120837102700125,0.01675657
2019-10-29 00:00:00,-0.0,0.001388617302063744,-0.0,0.013157722697936256,-0.0,0.26735813660812097,0.01454634
2019-10-29 01:00:00,-0.0,0.0011505686217099594,0.008231450378290041,0.0,-0.0,0.26735813660812097,0.009382019
2019-10-29 02:00:00,-0.0,0.0008331703812382464,0.014592673073353388,0.00033017654540836404,-0.0,0.26701058234979635,0.01575602
2019-10-29 03:00:00,-0.0,0.0003173982404717129,0.011100161759528287,0.0,-0.0,0.26701058234979635,0.01141756
2019-10-29 04:00:00,-0.0,7.934956011792822e-05,0.014592673073353388,0.012718317366528684,-0.0,0.2536228798587135,0.02739034
2019-10-29 05:00:00,-0.0,3.967478005896411e-05,0.014592673073353388,0.02488303214658765,-0.0,0.22743021444125283,0.03951538
2019-10-29 06:00:00,-0.0,0.00047609736070756937,-0.0,0.04767886263929243,-0.0,0.17724193797883975,0.04815496
2019-10-29 07:00:00,0.019460610901423227,0.0013489425220047798,0.014592673073353388,0.013149863503218605,-0.0,0.1633999763965044,0.04855209
2019-10-29 08:00:00,0.05303970422152606,0.0009521947214151387,-0.0,0.0,0.0011711789429411992,0.16451259639229854,0.05282072
2019-10-29 09:00:00,0.07593454057614162,0.0009918695014741027,-0.0,0.0,0.02164312007761572,0.18507356046603346,0.05528329
2019-10-29 10:00:00,0.09386882905392381,0.0011902434017689234,-0.0,0.0,0.03032714245569272,0.21388434579894156,0.06473193000000001
2019-10-29 11:00:00,0.10226360238394952,0.0009918695014741027,-0.0,0.0,0.05014015188542364,0.261517490090094,0.05311531999999999
2019-10-29 12:00:00,0.10302676359577004,0.0005951217008844617,-0.0,0.0,0.0215932252966545,0.28203105412191576,0.08202866
2019-10-29 13:00:00,0.09463199026574433,0.0002777234604127488,-0.0,0.0,0.017666603726157068,0.29881432766176497,0.07724311
2019-10-29 14:00:00,0.07860560481751343,7.934956011792822e-05,-0.0,0.0,0.01689445437763136,0.31486405932051476,0.0617905
2019-10-29 15:00:00,0.05571076846289787,-0.0,0.00807122153710213,0.0,-0.0,0.31486405932051476,0.06378199
2019-10-29 16:00:00,0.03243435150237205,-0.0,-0.0,0.01527503849762795,-0.0,0.2987850714282748,0.04770939
2019-10-29 17:00:00,0.008776353935935967,0.00015869912023585645,0.014592673073353388,0.041234903870474786,-0.0,0.255379909459354,0.06476263
2019-10-29 18:00:00,-0.0,0.0008331703812382464,0.014592673073353388,0.07733128654540837,-0.0,0.17397855520102942,0.09275713000000001
2019-10-29 19:00:00,-0.0,0.0019440642228892415,0.014592673073353388,0.05272554270375738,-0.0,0.1184779839339164,0.06926228000000001
2019-10-29 20:00:00,-0.0,0.002856584164245416,0.014592673073353388,0.031211312762401196,-0.0,0.08562397049980988,0.04866057
2019-10-29 21:00:00,-0.0,0.003610404985365734,0.014592673073353388,0.024737511941280883,-0.0,0.05958448424583,0.04294059
2019-10-29 22:00:00,-0.0,0.003808778885660555,0.014592673073353388,0.013609608040986059,-0.0,0.045258581044792044,0.03201106
2019-10-29 23:00:00,-0.0,0.0037294293255426265,0.010624450674457372,0.0,-0.0,0.045258581044792044,0.01435388
2019-10-30 00:00:00,-0.0,0.003689754545483662,0.012827325454516338,0.0,-0.0,0.045258581044792044,0.01651708
2019-10-30 01:00:00,-0.0,0.003689754545483662,0.005566386454516337,0.0,-0.0,0.045258581044792044,0.009256140999999999
2019-10-30 02:00:00,-0.0,0.0034913806451888417,0.011888899354811158,0.0,-0.0,0.045258581044792044,0.01538028
2019-10-30 03:00:00,-0.0,0.002935933724363344,0.006135601275636657,0.0,-0.0,0.045258581044792044,0.009071535
2019-10-30 04:00:00,-0.0,0.0023804868035378467,0.014592673073353388,0.005144860123108766,-0.0,0.03984293880994071,0.02211802
2019-10-30 05:00:00,-0.0,0.0021821129032430263,0.014592673073353388,0.006711884023403588,-0.0,0.03277779773267378,0.02348667
2019-10-30 06:00:00,-0.0,0.002102763343125098,0.014592673073353388,0.028706213583521503,-0.0,0.0025607308026511445,0.04540164999999999
2019-10-30 07:00:00,0.03625015756147464,0.0017853651026533848,0.014592673073353388,0.0024326942625185876,-0.0,-0.0,0.05506089
2019-10-30 08:00:00,0.05531893,-0.0,-0.0,0.0,-0.0,-0.0,0.05531893
2019-10-30 09:00:00,0.04704032,-0.0,-0.0,0.0,-0.0,-0.0,0.04704032
2019-10-30 10:00:00,0.07051305000000001,-0.0,-0.0,0.0,-0.0,-0.0,0.07051305000000001
2019-10-30 11:00:00,0.07657804,-0.0,-0.0,0.0,-0.0,-0.0,0.07657804
2019-10-30 12:00:00,0.16800998371132003,-0.0,-0.0,0.0,0.08272312371132001,0.078586967525754,0.08528686
2019-10-30 13:00:00,0.21476632962458286,-0.0,-0.0,0.0,0.13325520962458287,0.20517941666910772,0.08151112
2019-10-30 14:00:00,0.19117188356103995,-0.0,-0.0,0.0,0.12210566356103995,0.32117979705209565,0.06906622
2019-10-30 15:00:00,0.13927692115724466,-0.0,-0.0,0.0,0.08149120115724466,0.39859643815147805,0.05778572
2019-10-30 16:00:00,0.07822402421160317,0.00011902434017689234,-0.0,0.0,0.02770573855178006,0.4249168897756691,0.05063731
2019-10-30 17:00:00,0.021750094536884784,0.00019837390029482055,-0.0,0.03258492156282038,-0.0,0.39061697234112136,0.05453338999999999
2019-10-30 18:00:00,-0.0,0.0003173982404717129,-0.0,0.057526971759528284,-0.0,0.33006226522582843,0.05784437
2019-10-30 19:00:00,-0.0,0.000357073020530677,-0.0,0.05516922697946933,-0.0,0.2719893947211239,0.0555263
2019-10-30 20:00:00,-0.0,0.0004364225806486052,-0.0,0.0394170074193514,-0.0,0.23049780796391187,0.03985343
2019-10-30 21:00:00,-0.0,0.00047609736070756937,-0.0,0.03636088263929243,-0.0,0.19222319465939353,0.03683698
2019-10-30 22:00:00,-0.0,0.0004364225806486052,-0.0,0.026369017419351395,-0.0,0.164466334217971,0.02680544
2019-10-30 23:00:00,-0.0,0.0004364225806486052,-0.0,0.012087257419351396,-0.0,0.15174290535549584,0.01252368
2019-10-31 00:00:00,-0.0,0.0005157721407665335,-0.0,0.012541687859233467,-0.0,0.13854112866156587,0.01305746
2019-10-31 01:00:00,-0.0,0.000714146041061354,-0.0,0.010278073958938646,-0.0,0.12772210344163046,0.01099222
2019-10-31 02:00:00,-0.0,0.0007934956011792822,-0.0,0.00911153339882072,-0.0,0.11813101565339813,0.009905029000000001
2019-10-31 03:00:00,-0.0,0.000714146041061354,-0.0,0.008074719958938647,-0.0,0.10963131043346272,0.008788866000000001
2019-10-31 04:00:00,-0.0,0.0003967478005896411,-0.0,0.022562912199410357,-0.0,0.08588087653934656,0.02295966
2019-10-31 05:00:00,-0.0,0.00011902434017689234,-0.0,0.03185451565982311,-0.0,0.052349807423743296,0.03197354
2019-10-31 06:00:00,-0.0,3.967478005896411e-05,-0.0,0.03667963521994103,-0.0,0.013739665086963261,0.03671931
2019-10-31 07:00:00,0.0366317381673849,-0.0,-0.0,0.013052681832615098,-0.0,-0.0,0.04968442
2019-10-31 08:00:00,0.04180426,-0.0,-0.0,0.0,-0.0,-0.0,0.04180426
2019-10-31 09:00:00,0.05551108,-0.0,-0.0,0.0,-0.0,-0.0,0.05551108
2019-10-31 10:00:00,0.06682468,-0.0,-0.0,0.0,-0.0,-0.0,0.06682468
2019-10-31 11:00:00,0.13075948158419615,-0.0,-0.0,0.0,0.06962640158419614,0.06614508150498632,0.06113308
2019-10-31 12:00:00,0.21993468962458287,-0.0,-0.0,0.0,0.13325520962458287,0.19273753064834004,0.08667948
2019-10-31 13:00:00,0.2243693962752325,-0.0,-0.0,0.0,0.1236377962752325,0.3101934371098109,0.1007316
2019-10-31 14:00:00,0.18582975507829633,-0.0,-0.0,0.0,0.11147291507829632,0.4160927064341924,0.07435684000000001
2019-10-31 15:00:00,0.1285926641917574,-0.0,-0.0,0.0,0.06549680419175741,0.4783146704163619,0.06309586
2019-10-31 16:00:00,0.07173715391112877,0.00019837390029482055,-0.0,0.0,0.0049591978114235935,0.4830259083372143,0.06697633
2019-10-31 17:00:00,0.021750094536884784,0.00023804868035378468,-0.0,0.04655876678276144,-0.0,0.43401668014483386,0.06854691
2019-10-31 18:00:00,-0.0,0.00011902434017689234,-0.0,0.07508872565982311,-0.0,0.35497591629238845,0.07520775
2019-10-31 19:00:00,-0.0,-0.0,-0.0,0.07436678999999999,-0.0,0.2766950847134411,0.07436678999999999
2019-10-31 20:00:00,-0.0,-0.0,-0.0,0.03004904,-0.0,0.24506451629238848,0.03004904
2019-10-31 21:00:00,-0.0,-0.0,-0.0,0.03149867,-0.0,0.2119080215555464,0.03149867
2019-10-31 22:00:00,-0.0,-0.0,-0.0,0.02200876,-0.0,0.1887409057660727,0.02200876
2019-10-31 23:00:00,-0.0,-0.0,-0.0,0.01703449,-0.0,0.17080986366080952,0.01703449
2019-11-01 00:00:00,-0.0,-0.0,-0.0,0.01308161,-0.0,0.15703974787133584,0.01308161
2019-11-01 01:00:00,-0.0,0.00011902434017689234,-0.0,0.012796315659823108,-0.0,0.14356994191362732,0.01291534
2019-11-01 02:00:00,-0.0,0.0002777234604127488,-0.0,0.010163006539587252,-0.0,0.13287204029300917,0.01044073
2019-11-01 03:00:00,-0.0,0.0003173982404717129,-0.0,0.012722411759528287,-0.0,0.11948002791455833,0.01303981
2019-11-01 04:00:00,-0.0,7.934956011792822e-05,-0.0,0.03324238043988207,-0.0,0.08448804850415616,0.03332173
2019-11-01 05:00:00,-0.0,-0.0,-0.0,0.02486584,-0.0,0.058313480083103525,0.02486584
2019-11-01 06:00:00,-0.0,-0.0,-0.0,0.03549298,-0.0,0.020952448504156163,0.03549298
2019-11-01 07:00:00,0.046552833921051646,-0.0,-0.0,0.019904826078948355,-0.0,-0.0,0.06645766
2019-11-01 08:00:00,0.06813168,-0.0,-0.0,0.0,-0.0,-0.0,0.06813168
2019-11-01 09:00:00,0.07106171,-0.0,-0.0,0.0,-0.0,-0.0,0.07106171
2019-11-01 10:00:00,0.08369141999999999,-0.0,-0.0,0.0,-0.0,-0.0,0.08369141999999999
2019-11-01 11:00:00,0.06483619,-0.0,-0.0,0.0,-0.0,-0.0,0.06483619
2019-11-01 12:00:00,0.1890210459336507,-0.0,-0.0,0.0,0.0897463459336507,0.08525902863696816,0.0992747
2019-11-01 13:00:00,0.19786898962458288,-0.0,-0.0,0.0,0.13325520962458287,0.21185147778032187,0.06461378000000001
2019-11-01 14:00:00,0.20092254962458286,-0.0,-0.0,0.0,0.13325520962458287,0.3384439269236756,0.06766733999999999
2019-11-01 15:00:00,0.17235679962458286,-0.0,-0.0,0.0,0.13325520962458287,0.4650363760670293,0.03910159
2019-11-01 16:00:00,0.12477685813265482,0.00019837390029482055,-0.0,0.0,0.07156259203294965,0.5330208384983315,0.05341264
2019-11-01 17:00:00,0.046552833921051646,0.0003173982404717129,-0.0,0.024730957838476654,-0.0,0.506988251299935,0.07160119000000001
2019-11-01 18:00:00,-0.0,0.0004364225806486052,0.009838175359751969,0.11544680205959944,-0.0,0.3854653017635145,0.1257214
2019-11-01 19:00:00,-0.0,0.0003967478005896411,-0.0,0.10288965219941036,-0.0,0.2771604047115036,0.1032864
2019-11-01 20:00:00,-0.0,0.00023804868035378468,-0.0,0.04968538131964621,-0.0,0.22486000332240236,0.04992343
2019-11-01 21:00:00,-0.0,0.00011902434017689234,-0.0,0.04088419565982311,-0.0,0.1818240078910096,0.04100322
2019-11-01 22:00:00,-0.0,3.967478005896411e-05,-0.0,0.023721345219941035,-0.0,0.15685417081738748,0.02376102
2019-11-01 23:00:00,-0.0,-0.0,-0.0,0.02293369,-0.0,0.132713444501598,0.02293369
2019-11-02 00:00:00,-0.0,-0.0,-0.0,0.009424063,-0.0,0.12279337818580852,0.009424063
2019-11-02 01:00:00,-0.0,-0.0,-0.0,0.01135265,-0.0,0.11084322029107167,0.01135265
2019-11-02 02:00:00,-0.0,-0.0,-0.0,0.009116179,-0.0,0.10124724239633483,0.009116179
2019-11-02 03:00:00,-0.0,-0.0,-0.0,0.01391045,-0.0,0.0866046634489664,0.01391045
2019-11-02 04:00:00,-0.0,-0.0,0.014592673073353388,0.011073006926646612,-0.0,0.07494886668407523,0.02566568
2019-11-02 05:00:00,-0.0,-0.0,-0.0,0.03529021,-0.0,0.03780127721039102,0.03529021
2019-11-02 06:00:00,-0.0,-0.0,-0.0,0.0337483,-0.0,0.0022767508946015444,0.0337483
2019-11-02 07:00:00,0.04197386665012853,-0.0,-0.0,0.0021629133498714675,-0.0,-0.0,0.04413678
2019-11-02 08:00:00,0.03979565,-0.0,-0.0,0.0,-0.0,-0.0,0.03979565
2019-11-02 09:00:00,0.04685634,-0.0,-0.0,0.0,-0.0,-0.0,0.04685634
2019-11-02 10:00:00,0.05995357,-0.0,-0.0,0.0,-0.0,-0.0,0.05995357
2019-11-02 11:00:00,0.18270946068319577,-0.0,-0.0,0.0,0.12047931068319578,0.11445534514903599,0.06223015
2019-11-02 12:00:00,0.06910635000000001,-0.0,-0.0,0.0,-0.0,0.11445534514903599,0.06910635000000001
2019-11-02 13:00:00,0.2036688196245829,-0.0,-0.0,0.0,0.13325520962458287,0.2410477942923897,0.07041361
2019-11-02 14:00:00,0.19193504477286047,0.00019837390029482055,-0.0,0.0,0.1129497786731553,0.3483500840318872,0.07918364
2019-11-02 15:00:00,0.1343163732804113,0.0004364225806486052,-0.0,0.0,0.0730433258610599,0.4177412435998941,0.06170947
2019-11-02 16:00:00,0.06906608966975694,0.0008728451612972104,-0.0,0.0,0.011349804831054147,0.4285235581893956,0.05858913
2019-11-02 17:00:00,0.016407966054141153,0.0015869912023585644,-0.0,0.04919305274350028,-0.0,0.3767413974067637,0.06718801
2019-11-02 18:00:00,-0.0,0.002142438123184062,-0.0,0.07647169187681595,-0.0,0.2962448796416943,0.07861413
2019-11-02 19:00:00,-0.0,0.0022217876833019903,-0.0,0.07440266231669801,-0.0,0.2179262877293806,0.07662445
2019-11-02 20:00:00,-0.0,0.002063088563066134,-0.0,0.04289552143693387,-0.0,0.17277310726945022,0.04495861
2019-11-02 21:00:00,-0.0,0.0020234137830071695,-0.0,0.03835576621699283,-0.0,0.13239861651472093,0.04037918
2019-11-02 22:00:00,-0.0,0.0023011372434199187,-0.0,0.016648262756580084,-0.0,0.11487412940253136,0.0189494
2019-11-02 23:00:00,-0.0,0.002142438123184062,-0.0,0.012369861876815939,-0.0,0.10185322216377773,0.0145123
2019-11-03 00:00:00,-0.0,0.002102763343125098,-0.0,0.007160366656874901,-0.0,0.09431599410390942,0.00926313
2019-11-03 01:00:00,-0.0,0.0023011372434199187,-0.0,0.01131315275658008,-0.0,0.08240741225487776,0.01361429
2019-11-03 02:00:00,-0.0,0.0026582102639505956,-0.0,0.006225829736049406,-0.0,0.07585390726956259,0.008884040000000001
2019-11-03 03:00:00,-0.0,0.0030152832844812724,-0.0,0.004967216715518728,-0.0,0.07062525809533235,0.0079825
2019-11-03 04:00:00,-0.0,0.0026185354838916316,-0.0,0.011496984516108368,-0.0,0.05852316913100776,0.01411552
2019-11-03 05:00:00,-0.0,0.0020234137830071695,-0.0,0.025530296216992827,-0.0,0.03164917311312057,0.02755371
2019-11-03 06:00:00,-0.0,0.0017060155425354566,-0.0,0.030066714457464543,-0.0,-0.0,0.03177273
2019-11-03 07:00:00,0.0244342,-0.0,-0.0,0.0,-0.0,-0.0,0.0244342
2019-11-03 08:00:00,0.03427182,-0.0,-0.0,0.0,-0.0,-0.0,0.03427182
2019-11-03 09:00:00,0.03951487,-0.0,-0.0,0.0,-0.0,-0.0,0.03951487
2019-11-03 10:00:00,0.11853949645313883,-0.0,-0.0,0.0,0.07431128645313882,0.07059572213048187,0.04422821
2019-11-03 11:00:00,0.1984219150733349,0.0009521947214151387,-0.0,0.0,0.09441890979475004,0.1602936864354944,0.1049552
2019-11-03 12:00:00,0.19380627962458288,-0.0,-0.0,0.0,0.13325520962458287,0.2868861355788481,0.06055107000000001
2019-11-03 13:00:00,0.183921852048745,0.0029756085044223084,-0.0,0.0,0.13190945055316733,0.41220011360435704,0.05498801
2019-11-03 14:00:00,0.14500063024589857,0.004007152785955375,-0.0,0.0,0.06600052303185394,0.4749006104846183,0.08300726
2019-11-03 15:00:00,0.09272408723619303,0.004483250146662945,-0.0,0.0,0.06117918738285599,0.5330208384983315,0.03602814999999999
2019-11-03 16:00:00,0.04235544725603879,0.004562599706780873,-0.0,0.0025309630371803393,-0.0,0.530356666880247,0.04944901
2019-11-03 17:00:00,0.008776353935935967,0.004522924926721909,-0.0,0.031824691137342126,-0.0,0.4968569919988342,0.04512397
2019-11-03 18:00:00,-0.0,0.004641949266898801,-0.0,0.0524440607331012,-0.0,0.4416527175429382,0.05708601
2019-11-03 19:00:00,-0.0,0.004562599706780873,-0.0,0.04043404029321913,-0.0,0.39909056986586544,0.04499664
2019-11-03 20:00:00,-0.0,0.004324551026427088,-0.0,0.035464718973572916,-0.0,0.36175928673578867,0.03978927
2019-11-03 21:00:00,-0.0,0.004284876246368124,-0.0,0.029848213753631874,-0.0,0.3303401143635446,0.03413309
2019-11-03 22:00:00,-0.0,0.004562599706780873,-0.0,0.013568440293219127,-0.0,0.31605754563384025,0.01813104
2019-11-03 23:00:00,-0.0,0.005038697067488442,-0.0,0.011377802932511559,-0.0,0.30408091096803863,0.0164165
2019-11-04 00:00:00,-0.0,0.005633818768372903,-0.0,0.003167393231627096,-0.0,0.3007468128294838,0.008801212
2019-11-04 01:00:00,-0.0,0.006387639589493222,-0.0,0.004750840410506777,-0.0,0.2957459281868451,0.01113848
2019-11-04 02:00:00,-0.0,0.0065066639296701145,-0.0,0.0036773660703298856,-0.0,0.29187501653386627,0.01018403
2019-11-04 03:00:00,-0.0,0.0068240621701418265,-0.0,0.009635917829858173,-0.0,0.28173194513401556,0.01645998
2019-11-04 04:00:00,-0.0,0.007101785630554576,-0.0,0.031800174369445426,-0.0,0.24825807737670458,0.03890196
2019-11-04 05:00:00,-0.0,0.007141460410613539,-0.0,0.024472689589386462,-0.0,0.22249735149313987,0.03161415
2019-11-04 06:00:00,-0.0,0.007260484750790432,-0.0,0.03391343524920957,-0.0,0.18679899859923507,0.04117392
2019-11-04 07:00:00,0.015644804842320635,0.00626861524931633,-0.0,0.022438799908363033,-0.0,0.16317920922201082,0.04435222
2019-11-04 08:00:00,0.05303970422152606,0.005713168328490832,-0.0,0.0,0.023708312550016892,0.18570210614452687,0.03504456
2019-11-04 09:00:00,0.08203983027070577,0.005673493548431868,-0.0,0.0,0.03557067381913763,0.2194942462727076,0.05214265000000001
2019-11-04 10:00:00,0.10188202177803926,0.006228940469257365,-0.0,0.0,0.06302173224729662,0.2793648919076394,0.04508923
2019-11-04 11:00:00,0.1098952145021547,0.0075778829912621455,-0.0,0.0,0.04980459749341685,0.32667925952638543,0.06766849999999999
2019-11-04 12:00:00,0.10569782783714186,0.008371378592441428,-0.0,0.0,0.038030026429583294,0.36280778463448954,0.07603918
2019-11-04 13:00:00,0.09615831268938536,0.009085524633502783,-0.0,0.0,0.05588510732288814,0.4158986365912333,0.04935873
2019-11-04 14:00:00,0.08242141087661603,0.009799670674564135,-0.0,0.0,0.012047471551180175,0.4273437345648544,0.08017360999999999
2019-11-04 15:00:00,0.06181605815746202,0.009958369794799991,-0.0,0.0,0.012982947952262014,0.4396775351195033,0.05879148
2019-11-04 16:00:00,0.035105415743743866,0.009244223753738639,-0.0,0.0,5.243949748251486e-05,0.4397273526421117,0.04429719999999999
2019-11-04 17:00:00,0.008776353935935967,0.009006175073384854,-0.0,0.049930020990679176,-0.0,0.38716943580981783,0.06771255
2019-11-04 18:00:00,-0.0,0.00849040293261832,-0.0,0.08187065706738167,-0.0,0.3009897967915213,0.09036105999999999
2019-11-04 19:00:00,-0.0,0.007300159530849396,-0.0,0.07056342046915061,-0.0,0.22671251208715226,0.07786358
2019-11-04 20:00:00,-0.0,0.006149590909139437,-0.0,0.03926360909086056,-0.0,0.18538239725466746,0.0454132
2019-11-04 21:00:00,-0.0,0.004999022287429478,-0.0,0.037243217712570525,-0.0,0.14617901018880375,0.04224224
2019-11-04 22:00:00,-0.0,0.004205526686250196,-0.0,0.017205883313749802,-0.0,0.1280675540690671,0.02141141
2019-11-04 23:00:00,-0.0,0.003650079765424698,-0.0,0.010096390234575302,-0.0,0.11743977487477732,0.01374647
2019-11-05 00:00:00,-0.0,0.0033326815249529857,-0.0,0.009612638475047014,-0.0,0.10732120805893836,0.01294532
2019-11-05 01:00:00,-0.0,0.002935933724363344,-0.0,0.007658406275636657,-0.0,0.0992597277687945,0.01059434
2019-11-05 02:00:00,-0.0,0.002499511143714739,-0.0,0.008309898856285261,-0.0,0.09051246581481003,0.01080941
2019-11-05 03:00:00,-0.0,0.0019837390029482055,-0.0,0.009280740997051794,-0.0,0.08074326476528182,0.01126448
2019-11-05 04:00:00,-0.0,0.0012695929618868516,-0.0,0.027417767038113147,-0.0,0.05188245735674167,0.02868736
2019-11-05 05:00:00,-0.0,0.0006347964809434258,0.014592673073353388,0.008674290445703186,-0.0,0.04275162530863305,0.02390176
2019-11-05 06:00:00,-0.0,0.0002777234604127488,0.011379807187562622,0.01920284935202463,-0.0,0.022538099674922915,0.03086038
2019-11-05 07:00:00,0.022513255748705302,7.934956011792822e-05,-0.0,0.02141119469117677,-0.0,-0.0,0.0440038
2019-11-05 08:00:00,0.06421538,-0.0,-0.0,0.0,-0.0,-0.0,0.06421538
2019-11-05 09:00:00,0.092044206542017,-0.0,-0.0,0.0,0.04341754654201701,0.041246669214916154,0.04862666
2019-11-05 10:00:00,0.15721120963502686,-0.0,-0.0,0.0,0.10841046963502685,0.14423661536819166,0.04880074
2019-11-05 11:00:00,0.1690402084182449,0.00015869912023585645,-0.0,0.0,0.09141514753848076,0.23108100552974836,0.07778376000000001
2019-11-05 12:00:00,0.1709481114477962,0.0004364225806486052,-0.0,0.0,0.0892403140284448,0.3158593038567709,0.08214422
2019-11-05 13:00:00,0.16522440235914232,0.0007934956011792822,-0.0,0.0,0.0849495279603216,0.39656135541907644,0.08106837
2019-11-05 14:00:00,0.13202688964494974,0.0012299181818278874,-0.0,0.0,0.08077689782677763,0.47329940835451517,0.05247991
2019-11-05 15:00:00,0.0919609260243725,0.001467966862181672,-0.0,0.0,0.03545380288655418,0.5069805210967416,0.05797509
2019-11-05 16:00:00,0.04998705937424398,0.0012695929618868516,-0.0,0.0,0.004502882336130838,0.5112582593160659,0.04675377
2019-11-05 17:00:00,0.01259215999503856,0.0009918695014741027,-0.0,0.019466420503487337,-0.0,0.49076729036502664,0.03305045
2019-11-05 18:00:00,-0.0,0.0009521947214151387,-0.0,0.11167480527858487,-0.0,0.37321486375598995,0.112627
2019-11-05 19:00:00,-0.0,0.0008331703812382464,-0.0,0.08728986961876176,-0.0,0.28133079047308285,0.08812304
2019-11-05 20:00:00,-0.0,0.0005951217008844617,-0.0,0.04910800829911554,-0.0,0.2296381501582244,0.04970313
2019-11-05 21:00:00,-0.0,0.000357073020530677,-0.0,0.026688236979469322,-0.0,0.20154526912720405,0.02704531
2019-11-05 22:00:00,-0.0,0.000357073020530677,-0.0,0.020947296979469322,-0.0,0.17949548283302583,0.02130437
2019-11-05 23:00:00,-0.0,0.0004364225806486052,-0.0,0.010460497419351395,-0.0,0.1684844329179191,0.01089692
2019-11-06 00:00:00,-0.0,0.00047609736070756937,-0.0,0.009432579639292431,-0.0,0.1585554017186639,0.009908677000000001
2019-11-06 01:00:00,-0.0,0.0005157721407665335,-0.0,0.009940857859233466,-0.0,0.1480913408142076,0.01045663
2019-11-06 02:00:00,-0.0,0.0005554469208254976,-0.0,0.0064597840791745026,-0.0,0.14129156809928708,0.007015231
2019-11-06 03:00:00,-0.0,0.0005157721407665335,-0.0,0.004918656859233466,-0.0,0.13611403456325186,0.005434428999999999
2019-11-06 04:00:00,-0.0,0.0003173982404717129,-0.0,0.02052409175952829,-0.0,0.11450972744795891,0.02084149
2019-11-06 05:00:00,-0.0,7.934956011792822e-05,-0.0,0.04345230043988207,-0.0,0.06877046382703042,0.04353165
2019-11-06 06:00:00,-0.0,-0.0,-0.0,0.03950486,-0.0,0.02718640066913569,0.03950486
2019-11-06 07:00:00,0.01717112726596167,-0.0,-0.0,0.02569177273403833,-0.0,0.0001424293701479746,0.0428629
2019-11-06 08:00:00,0.05800025209835943,-0.0,-0.0,0.00013530790164057588,-0.0,-0.0,0.05813556
2019-11-06 09:00:00,0.09810673260109382,-0.0,-0.0,0.0,0.0419518826010938,0.03985428847103911,0.05615485000000001
2019-11-06 10:00:00,0.14996117812273194,-0.0,-0.0,0.0,0.06892180812273194,0.10533000618763445,0.08103937
2019-11-06 11:00:00,0.1907903029551297,-0.0,-0.0,0.0,0.09439263295512969,0.19500300749500765,0.09639767
2019-11-06 12:00:00,0.2087245914329119,0.0003173982404717129,-0.0,0.0,0.1029882896733836,0.29284188268472205,0.1060537
2019-11-06 13:00:00,0.19002714174330917,0.0008728451612972104,-0.0,0.0,0.12543118690460636,0.4120015102440981,0.06546880000000001
2019-11-06 14:00:00,0.14423746903407805,0.0015473164222996004,-0.0,0.0,0.09579461545637766,0.5030063949276569,0.04999017
2019-11-06 15:00:00,0.0919609260243725,0.0017853651026533848,-0.0,0.0,0.031594151127025884,0.5330208384983315,0.06215214
2019-11-06 16:00:00,0.04197386665012853,0.0017853651026533848,-0.0,0.0055470382472180835,-0.0,0.5271818508696808,0.04930627
2019-11-06 17:00:00,0.009157934541846225,0.001825039882712349,-0.0,0.05610938557544143,-0.0,0.46811933973763725,0.06709236
2019-11-06 18:00:00,-0.0,0.0021821129032430263,-0.0,0.10547078709675697,-0.0,0.3570974585831562,0.1076529
2019-11-06 19:00:00,-0.0,0.0026582102639505956,-0.0,0.0586736697360494,-0.0,0.2953357009662621,0.06133188
2019-11-06 20:00:00,-0.0,0.002737559824068524,-0.0,0.042379260175931466,-0.0,0.25072595341265,0.04511681999999999
2019-11-06 21:00:00,-0.0,0.0026978850440095596,0.014592673073353388,0.011156071882637052,-0.0,0.23898271985197944,0.02844663
2019-11-06 22:00:00,-0.0,0.0026185354838916316,-0.0,0.02212332451610837,-0.0,0.21569500983502327,0.02474186
2019-11-06 23:00:00,-0.0,0.0022614624633609543,-0.0,0.012154017536639045,-0.0,0.2029013071648769,0.01441548
2019-11-07 00:00:00,-0.0,0.0019043894428302775,-0.0,0.010075510557169723,-0.0,0.19229550657838246,0.0119799
2019-11-07 01:00:00,-0.0,0.0016266659824175286,-0.0,0.008764744017582472,-0.0,0.18306946024408513,0.01039141
2019-11-07 02:00:00,-0.0,0.001388617302063744,-0.0,0.006568385697936257,-0.0,0.17615537003573117,0.007957003
2019-11-07 03:00:00,-0.0,0.0011108938416509952,-0.0,0.009182356158349005,-0.0,0.16648973197431116,0.01029325
2019-11-07 04:00:00,-0.0,0.0007538208211203181,-0.0,0.017434549178879682,-0.0,0.1481375749439115,0.01818837
2019-11-07 05:00:00,-0.0,0.0004364225806486052,-0.0,0.03181926741935139,-0.0,0.11464360923933109,0.03225569
2019-11-07 06:00:00,-0.0,0.0002777234604127488,0.014592673073353388,0.021235483466233863,-0.0,0.0922904687485586,0.03610588
2019-11-07 07:00:00,0.017552707871871933,0.00019837390029482055,-0.0,0.023214658227833234,-0.0,0.06785398640347098,0.04096573999999999
2019-11-07 08:00:00,0.05303970422152606,0.0002777234604127488,-0.0,0.01071430231806119,-0.0,0.05657577343709078,0.06403173
2019-11-07 09:00:00,0.09081618420664173,0.0002777234604127488,-0.0,0.0,0.03376698766705447,0.08865441172079253,0.05732692
2019-11-07 10:00:00,0.11752682662035989,0.00023804868035378468,-0.0,0.0,0.05666763530071368,0.14248866525647053,0.06109724
2019-11-07 11:00:00,0.13813217933951388,0.000357073020530677,-0.0,0.0,0.06745184236004456,0.20656791549851286,0.07103741
2019-11-07 12:00:00,0.14767169448727038,0.0006347964809434258,-0.0,0.0,0.07123151096821381,0.274237850918316,0.07707498
2019-11-07 13:00:00,0.13736901812769337,0.0008331703812382464,-0.0,0.0,0.0690237385089316,0.339810402501801,0.06917845
2019-11-07 14:00:00,0.1201978908617317,0.0009125199413561745,-0.0,0.0,0.08001870080308787,0.41582816826473445,0.04109171
2019-11-07 15:00:00,0.08509247511798784,0.0008331703812382464,-0.0,0.0,0.022355665499226088,0.4370660504889992,0.06356998
2019-11-07 16:00:00,0.038158060591025944,0.0009918695014741027,-0.0,0.028969829907499953,-0.0,0.40657149269163084,0.06811976
2019-11-07 17:00:00,0.009921095753666743,0.0015869912023585644,0.014592673073353388,0.0318051499706213,-0.0,0.3730923874593979,0.05790591
2019-11-07 18:00:00,-0.0,0.0019837390029482055,0.014592673073353388,0.0766927879236984,-0.0,0.29236313701339955,0.0932692
2019-11-07 19:00:00,-0.0,0.002578860703832667,0.014592673073353388,0.06094782622281395,-0.0,0.22820753046306907,0.07811936
2019-11-07 20:00:00,-0.0,0.002737559824068524,-0.0,0.05485976017593148,-0.0,0.17046041448840438,0.05759732
2019-11-07 21:00:00,-0.0,0.003094632844599201,-0.0,0.0324054471554008,-0.0,0.13634941748271934,0.03550008
2019-11-07 22:00:00,-0.0,0.0035310554252478057,-0.0,0.023539174574752193,-0.0,0.11157133898298019,0.02707023
2019-11-07 23:00:00,-0.0,0.003650079765424698,-0.0,0.011551150234575302,-0.0,0.09941223347290093,0.01520123
2019-11-08 00:00:00,-0.0,0.0033326815249529857,0.0040835624750470145,0.0,-0.0,0.09941223347290093,0.007416244
2019-11-08 01:00:00,-0.0,0.002856584164245416,-0.0,0.004878462835754584,-0.0,0.09427700943526453,0.007735047
2019-11-08 02:00:00,-0.0,0.002539185923773703,0.0056340785267764894,0.001657632549449807,-0.0,0.09253213306742263,0.009830897
2019-11-08 03:00:00,-0.0,0.0023011372434199187,0.007463395756580082,0.0,-0.0,0.09253213306742263,0.009764533
2019-11-08 04:00:00,-0.0,0.0022217876833019903,0.014592673073353388,0.00573875924334462,-0.0,0.08649133386390197,0.02255322
2019-11-08 05:00:00,-0.0,0.0022217876833019903,-0.0,0.033175272316698014,-0.0,0.05156999458316722,0.03539706
2019-11-08 06:00:00,-0.0,0.0024598363636557747,-0.0,0.026003653636344225,-0.0,0.02419772759754172,0.02846349
2019-11-08 07:00:00,0.014118482418679596,0.0024598363636557747,-0.0,0.022987841217664635,-0.0,-0.0,0.03956616
2019-11-08 08:00:00,0.04683395187681594,0.002142438123184062,-0.0,0.0,-0.0,-0.0,0.04897639
2019-11-08 09:00:00,0.05708062000000001,-0.0,-0.0,0.0,-0.0,-0.0,0.05708062000000001
2019-11-08 10:00:00,0.09267179346756199,-0.0,-0.0,0.0,0.040786353467562,0.0387470357941839,0.05188544
2019-11-08 11:00:00,0.17705340114236037,-0.0,-0.0,0.0,0.07091530114236037,0.10611657187942625,0.1061381
2019-11-08 12:00:00,0.18659291629011684,0.0004364225806486052,-0.0,0.0,0.10913444887076544,0.20979429830665342,0.07789489000000001
2019-11-08 13:00:00,0.17972446538373216,0.0005951217008844617,-0.0,0.0,0.10782924708461662,0.3122320830370392,0.07249034
2019-11-08 14:00:00,0.15568488721138582,0.0007934956011792822,-0.0,0.0,0.10279386281256511,0.40988625270897605,0.05368452
2019-11-08 15:00:00,0.11485576237898808,0.0009125199413561745,-0.0,0.0,0.07049553232034425,0.4768570084133031,0.04527275
2019-11-08 16:00:00,0.06219763876337228,0.0011505686217099594,-0.0,0.0,0.0010496873850822375,0.4778542114291312,0.06229852
2019-11-08 17:00:00,0.011828998783218041,0.0017456903225944208,-0.0,0.02755264089418754,-0.0,0.4488514315405127,0.04112733
2019-11-08 18:00:00,-0.0,0.0024201615835968107,0.010541728791820307,0.13325520962458287,-0.0,0.3085827898304255,0.1462171
2019-11-08 19:00:00,-0.0,0.0026185354838916316,-0.0,0.057276884516108365,-0.0,0.24829133244504825,0.05989542
2019-11-08 20:00:00,-0.0,0.0024201615835968107,-0.0,0.031988198416403185,-0.0,0.21461954463830807,0.03440836
2019-11-08 21:00:00,-0.0,0.0023408120234788823,-0.0,0.027690947976521118,-0.0,0.1854711783472332,0.03003176
2019-11-08 22:00:00,-0.0,0.0021821129032430263,-0.0,0.026738837096756975,-0.0,0.15732503403485742,0.02892095
2019-11-08 23:00:00,-0.0,0.002142438123184062,-0.0,0.022362891876815935,-0.0,0.13378514784873538,0.02450533
2019-11-09 00:00:00,-0.0,0.0023011372434199187,-0.0,0.005248970756580081,-0.0,0.12825991547338791,0.007550108
2019-11-09 01:00:00,-0.0,0.002578860703832667,-0.0,0.008414849296167332,-0.0,0.11940217937215913,0.01099371
2019-11-09 02:00:00,-0.0,0.003094632844599201,-0.0,0.006145568155400799,-0.0,0.11293316026121093,0.009240201
2019-11-09 03:00:00,-0.0,0.004007152785955375,-0.0,0.003986258214044625,-0.0,0.10873709898326922,0.007993411
2019-11-09 04:00:00,-0.0,0.0047609736070756935,-0.0,0.018777186392924305,-0.0,0.08897163962229626,0.02353816
2019-11-09 05:00:00,-0.0,0.005871867448726688,-0.0,0.024650212551273313,-0.0,0.0630240474630612,0.03052208
2019-11-09 06:00:00,-0.0,0.006387639589493222,-0.0,0.037144060410506774,-0.0,0.023925036504633023,0.0435317
2019-11-09 07:00:00,0.017552707871871933,0.005871867448726688,-0.0,0.022728784679401374,-0.0,-0.0,0.04615336
2019-11-09 08:00:00,0.025578106392924307,0.0047609736070756935,-0.0,0.0,-0.0,-0.0,0.03033908
2019-11-09 09:00:00,0.10913205329033418,0.004288501365949139,-0.0,0.0,0.04775626465628332,0.04536845142346915,0.06566429
2019-11-09 10:00:00,0.15377698418183455,0.0029756085044223084,-0.0,0.0,0.10490062268625686,0.14502404297541316,0.05185197
2019-11-09 11:00:00,0.1728560144773475,0.0020234137830071695,-0.0,0.0,0.07386512826035467,0.21519591482275008,0.1010143
2019-11-09 12:00:00,0.18010604598964242,0.0012299181818278874,-0.0,0.0,0.07920326417147029,0.29043901578564685,0.1021327
2019-11-09 13:00:00,0.16522440235914232,0.000714146041061354,-0.0,0.0,0.10378066840020367,0.3890306507658403,0.06215788
2019-11-09 14:00:00,0.1297374060094882,0.0003967478005896411,-0.0,0.0,0.06814299381007782,0.45376649488541426,0.06199116
2019-11-09 15:00:00,0.08394773330025707,0.00019837390029482055,-0.0,0.0,0.015298317200551886,0.46829989622593854,0.06884779
2019-11-09 16:00:00,0.040829124832397756,0.00011902434017689234,-0.0,0.009743990827425351,-0.0,0.4580430637760171,0.05069214
2019-11-09 17:00:00,0.009157934541846225,0.00015869912023585645,-0.0,0.0633186563379179,-0.0,0.3913918465782088,0.07263528999999999
2019-11-09 18:00:00,-0.0,0.00019837390029482055,-0.0,0.08412739609970518,-0.0,0.30283669278904546,0.08432577000000001
2019-11-09 19:00:00,-0.0,0.0002777234604127488,-0.0,0.08066495653958725,-0.0,0.2179262122210589,0.08094267999999999
2019-11-09 20:00:00,-0.0,0.0003173982404717129,-0.0,0.031281791759528284,-0.0,0.18499801036892388,0.03159919
2019-11-09 21:00:00,-0.0,0.0003173982404717129,-0.0,0.021387651759528288,-0.0,0.16248469272731517,0.02170505
2019-11-09 22:00:00,-0.0,0.0004364225806486052,-0.0,0.017143607419351396,-0.0,0.1444387901806295,0.01758003
2019-11-09 23:00:00,-0.0,0.0006744712610023899,-0.0,0.01651731873899761,-0.0,0.12705213887642147,0.01719179
2019-11-10 00:00:00,-0.0,0.001031544281533067,-0.0,0.010021565718466933,-0.0,0.1165031223306668,0.01105311
2019-11-10 01:00:00,-0.0,0.001388617302063744,-0.0,0.006316945697936255,-0.0,0.10985370580652337,0.007705562999999999
2019-11-10 02:00:00,-0.0,0.0019440642228892415,-0.0,0.004469578777110759,-0.0,0.10514888604114363,0.006413643
2019-11-10 03:00:00,-0.0,0.0024201615835968107,-0.0,0.00983305841640319,-0.0,0.09479829823440343,0.01225322
2019-11-10 04:00:00,-0.0,0.0030152832844812724,-0.0,0.008794036715518727,-0.0,0.08554141748122582,0.01180932
2019-11-10 05:00:00,-0.0,0.0035310554252478057,-0.0,0.026899084574752194,-0.0,0.05722659161306561,0.03043014
2019-11-10 06:00:00,-0.0,0.004165851906191231,-0.0,0.03941123809380877,-0.0,0.015741077830109015,0.04357709
2019-11-10 07:00:00,0.02289483635461556,0.004562599706780873,-0.0,0.014954023938603567,-0.0,-0.0,0.04241146
2019-11-10 08:00:00,0.040727430674457374,0.0037294293255426265,-0.0,0.0,-0.0,-0.0,0.04445686
2019-11-10 09:00:00,0.05835382,-0.0,-0.0,0.0,-0.0,-0.0,0.05835382
2019-11-10 10:00:00,0.04963067,-0.0,-0.0,0.0,-0.0,-0.0,0.04963067
2019-11-10 11:00:00,0.13037829630584,-0.0,-0.0,0.0,0.045431646305840005,0.043160063990548,0.08494665
2019-11-10 12:00:00,0.24045470962458287,-0.0,-0.0,0.0,0.13325520962458287,0.16975251313390172,0.1071995
2019-11-10 13:00:00,0.21695299962458287,-0.0,-0.0,0.0,0.13325520962458287,0.29634496227725543,0.08369779
2019-11-10 14:00:00,0.18895099962458287,-0.0,-0.0,0.0,0.13325520962458287,0.42293741142060914,0.05569579
2019-11-10 15:00:00,0.14767169448727038,0.0007538208211203181,-0.0,0.0,0.0972800853083907,0.5153534924635803,0.05114543
2019-11-10 16:00:00,0.07822402421160317,0.0005157721407665335,-0.0,0.0,0.0185972063523697,0.5330208384983315,0.06014259
2019-11-10 17:00:00,0.02289483635461556,0.0005157721407665335,0.013094864306469528,0.025155397198148372,-0.0,0.5065414730265964,0.06166087
2019-11-10 18:00:00,-0.0,0.0005157721407665335,0.011823918234650595,0.13325520962458287,-0.0,0.3662728313165091,0.1455949
2019-11-10 19:00:00,-0.0,0.0003967478005896411,-0.0,0.07657656219941036,-0.0,0.2856659237381824,0.07697331
2019-11-10 20:00:00,-0.0,0.0002777234604127488,-0.0,0.06448989653958725,-0.0,0.21778182211756425,0.06476762
2019-11-10 21:00:00,-0.0,0.00019837390029482055,-0.0,0.02992663609970518,-0.0,0.18628009990734828,0.03012501
2019-11-10 22:00:00,-0.0,0.00023804868035378468,-0.0,0.025255181319646214,-0.0,0.159695698518247,0.02549323
2019-11-10 23:00:00,-0.0,0.000357073020530677,-0.0,0.015710376979469323,-0.0,0.14315845959248982,0.01606745
2019-11-11 00:00:00,-0.0,0.0005554469208254976,-0.0,0.012891753079174503,-0.0,0.12958819319335876,0.0134472
2019-11-11 01:00:00,-0.0,0.0008331703812382464,-0.0,0.009767249618761752,-0.0,0.11930687780518849,0.01060042
2019-11-11 02:00:00,-0.0,0.001031544281533067,-0.0,0.008776720718466934,-0.0,0.11006822441732857,0.009808265
2019-11-11 03:00:00,-0.0,0.0008331703812382464,-0.0,0.007796609618761754,-0.0,0.10186126692389515,0.00862978
2019-11-11 04:00:00,-0.0,0.0005951217008844617,-0.0,0.02732510829911554,-0.0,0.07309799503008932,0.02792023
2019-11-11 05:00:00,-0.0,0.00047609736070756937,-0.0,0.02886015263929243,-0.0,0.04271888698872887,0.02933625
2019-11-11 06:00:00,-0.0,0.00047609736070756937,-0.0,0.04058294263929243,-0.0,-0.0,0.04105904
2019-11-11 07:00:00,0.02130373,-0.0,-0.0,0.0,-0.0,-0.0,0.02130373
2019-11-11 08:00:00,0.0551694,-0.0,-0.0,0.0,-0.0,-0.0,0.0551694
2019-11-11 09:00:00,0.05751867,-0.0,-0.0,0.0,-0.0,-0.0,0.05751867
2019-11-11 10:00:00,0.05949952,-0.0,-0.0,0.0,-0.0,-0.0,0.05949952
2019-11-11 11:00:00,0.06868394000000001,-0.0,-0.0,0.0,-0.0,-0.0,0.06868394000000001
2019-11-11 12:00:00,0.09290629,-0.0,-0.0,0.0,-0.0,-0.0,0.09290629
2019-11-11 13:00:00,0.14146073077766957,-0.0,-0.0,0.0,0.09417779077766958,0.08946890123878609,0.04728294
2019-11-11 14:00:00,0.19346287962458286,-0.0,-0.0,0.0,0.13325520962458287,0.2160613503821398,0.06020767
2019-11-11 15:00:00,0.1792647296245829,-0.0,-0.0,0.0,0.13325520962458287,0.3426537995254935,0.04600952000000001
2019-11-11 16:00:00,0.11409260116716755,-0.0,-0.0,0.0,0.06293265116716754,0.4024398181343027,0.05115995
2019-11-11 17:00:00,0.039302802408756714,3.967478005896411e-05,-0.0,0.018209062811184333,-0.0,0.3832723835962139,0.05755154000000001
2019-11-11 18:00:00,-0.0,3.967478005896411e-05,-0.0,0.07456210521994104,-0.0,0.30478595704890754,0.07460178
2019-11-11 19:00:00,-0.0,-0.0,-0.0,0.05532648,-0.0,0.24654755704890752,0.05532648
2019-11-11 20:00:00,-0.0,3.967478005896411e-05,-0.0,0.046760775219941035,-0.0,0.19732568839633802,0.04680045
2019-11-11 21:00:00,-0.0,3.967478005896411e-05,-0.0,0.03603471521994103,-0.0,0.1593944092174527,0.03607439
2019-11-11 22:00:00,-0.0,0.00011902434017689234,-0.0,0.02317542565982311,-0.0,0.13499922431237577,0.02329445
2019-11-11 23:00:00,-0.0,0.00023804868035378468,-0.0,0.015848551319646215,-0.0,0.11831653871274816,0.0160866
2019-11-12 00:00:00,-0.0,0.0004364225806486052,-0.0,0.010258117419351396,-0.0,0.1075185203765888,0.01069454
2019-11-12 01:00:00,-0.0,0.0005554469208254976,-0.0,0.009750103079174503,-0.0,0.09725525397745774,0.01030555
2019-11-12 02:00:00,-0.0,0.00047609736070756937,-0.0,0.008375785639292432,-0.0,0.08843863751504465,0.008851883000000001
2019-11-12 03:00:00,-0.0,0.0002777234604127488,-0.0,0.0065586295395872515,-0.0,0.08153481694705807,0.006836353
2019-11-12 04:00:00,-0.0,0.00011902434017689234,-0.0,0.013609195659823107,-0.0,0.0672093478314548,0.01372822
2019-11-12 05:00:00,-0.0,3.967478005896411e-05,-0.0,0.031466695219941034,-0.0,0.034086510757832665,0.03150637
2019-11-12 06:00:00,-0.0,3.967478005896411e-05,-0.0,0.03238218521994103,-0.0,-0.0,0.03242186
2019-11-12 07:00:00,0.02264718,-0.0,-0.0,0.0,-0.0,-0.0,0.02264718
2019-11-12 08:00:00,0.04775956999999999,-0.0,-0.0,0.0,-0.0,-0.0,0.04775956999999999
2019-11-12 09:00:00,0.06956606,-0.0,-0.0,0.0,-0.0,-0.0,0.06956606
2019-11-12 10:00:00,0.07771612,-0.0,-0.0,0.0,-0.0,-0.0,0.07771612
2019-11-12 11:00:00,0.05949085,-0.0,-0.0,0.0,-0.0,-0.0,0.05949085
2019-11-12 12:00:00,0.1246762,-0.0,-0.0,0.0,-0.0,-0.0,0.1246762
2019-11-12 13:00:00,0.16939884370953268,-0.0,-0.0,0.0,0.09945992370953266,0.09448692752405602,0.06993892
2019-11-12 14:00:00,0.19242949962458286,-0.0,-0.0,0.0,0.13325520962458287,0.22107937666740973,0.05917429
2019-11-12 15:00:00,0.18185154962458286,-0.0,-0.0,0.0,0.13325520962458287,0.34767182581076345,0.04859633999999999
2019-11-12 16:00:00,0.11676366540853937,7.934956011792822e-05,-0.0,0.0,0.0536565049686573,0.3986455055309879,0.06318651
2019-11-12 17:00:00,0.04540809210332086,7.934956011792822e-05,-0.0,0.00042760833656120545,-0.0,0.3981953914925024,0.04591505
2019-11-12 18:00:00,-0.0,3.967478005896411e-05,-0.0,0.07515145521994103,-0.0,0.3190885965241434,0.07519113
2019-11-12 19:00:00,-0.0,7.934956011792822e-05,-0.0,0.06733688043988206,-0.0,0.2482076697453202,0.06741623
2019-11-12 20:00:00,-0.0,7.934956011792822e-05,-0.0,0.038867450439882066,-0.0,0.20729456401912855,0.0389468
2019-11-12 21:00:00,-0.0,7.934956011792822e-05,-0.0,0.03398119043988207,-0.0,0.17152488987188427,0.03406054
2019-11-12 22:00:00,-0.0,7.934956011792822e-05,-0.0,0.021171800439882073,-0.0,0.1492387841456926,0.02125115
2019-11-12 23:00:00,-0.0,7.934956011792822e-05,-0.0,0.014666150439882071,-0.0,0.1338007310510799,0.0147455
2019-11-13 00:00:00,-0.0,3.967478005896411e-05,-0.0,0.009294297219941036,-0.0,0.12401726029324722,0.009333972
2019-11-13 01:00:00,-0.0,3.967478005896411e-05,-0.0,0.011323615219941036,-0.0,0.11209766532488824,0.01136329
2019-11-13 02:00:00,-0.0,7.934956011792822e-05,-0.0,0.010074880439882071,-0.0,0.10149252801974921,0.01015423
2019-11-13 03:00:00,-0.0,0.00011902434017689234,-0.0,0.008399767659823107,-0.0,0.09265066732519858,0.008518791999999999
2019-11-13 04:00:00,-0.0,0.00019837390029482055,-0.0,0.01906925609970518,-0.0,0.07257776616761417,0.01926763
2019-11-13 05:00:00,-0.0,0.00023804868035378468,-0.0,0.029848851319646215,-0.0,0.04115792267324974,0.0300869
2019-11-13 06:00:00,-0.0,0.0002777234604127488,-0.0,0.03910002653958725,-0.0,-0.0,0.03937775
2019-11-13 07:00:00,0.04341296,-0.0,-0.0,0.0,-0.0,-0.0,0.04341296
2019-11-13 08:00:00,0.06637530999999999,-0.0,-0.0,0.0,-0.0,-0.0,0.06637530999999999
2019-11-13 09:00:00,0.03918493,-0.0,-0.0,0.0,-0.0,-0.0,0.03918493
2019-11-13 10:00:00,0.04756548999999999,-0.0,-0.0,0.0,-0.0,-0.0,0.04756548999999999
2019-11-13 11:00:00,0.08917021,-0.0,-0.0,0.0,-0.0,-0.0,0.08917021
2019-11-13 12:00:00,0.06413854897806143,-0.0,-0.0,0.0,0.010288118978061431,0.00977371302915836,0.05385043
2019-11-13 13:00:00,0.2099203596245829,-0.0,-0.0,0.0,0.13325520962458287,0.13636616217251207,0.07666515
2019-11-13 14:00:00,0.21212757962458287,-0.0,-0.0,0.0,0.13325520962458287,0.2629586113158658,0.07887237
2019-11-13 15:00:00,0.17554860962458285,-0.0,-0.0,0.0,0.13325520962458287,0.3895510604592195,0.04229339999999999
2019-11-13 16:00:00,0.12210579389128301,3.967478005896411e-05,-0.0,0.0,0.05398642867134197,0.44083816769699435,0.06815904
2019-11-13 17:00:00,0.04617125331514139,0.00015869912023585645,-0.0,0.00997616756462276,-0.0,0.430336938681602,0.05630612
2019-11-13 18:00:00,-0.0,0.0005951217008844617,-0.0,0.11122567829911553,-0.0,0.31325727731411196,0.1118208
2019-11-13 19:00:00,-0.0,0.001388617302063744,-0.0,0.09472676269793626,-0.0,0.21354489552681066,0.09611538
2019-11-13 20:00:00,-0.0,0.0023804868035378467,-0.0,0.04987203319646215,-0.0,0.16104801847790315,0.05225252
2019-11-13 21:00:00,-0.0,0.0032533319648350573,-0.0,0.021804068035164943,-0.0,0.13809636791457164,0.0250574
2019-11-13 22:00:00,-0.0,0.0032533319648350573,-0.0,0.02369892803516494,-0.0,0.1131501278775559,0.02695226
2019-11-13 23:00:00,-0.0,0.0030549580645402364,-0.0,0.012490731935459763,-0.0,0.10000198899812458,0.01554569
2019-11-14 00:00:00,-0.0,0.00289625894430438,-0.0,0.00403137305569562,-0.0,0.09575843841318182,0.006927632
2019-11-14 01:00:00,-0.0,0.0028169093841864516,-0.0,0.0074093906158135495,-0.0,0.0879590798702202,0.0102263
2019-11-14 02:00:00,-0.0,0.0026978850440095596,-0.0,0.0062105169559904414,-0.0,0.08142169360075657,0.008908402000000001
2019-11-14 03:00:00,-0.0,0.002737559824068524,-0.0,0.006206222175931477,-0.0,0.07488882815240765,0.008943782
2019-11-14 04:00:00,-0.0,0.002935933724363344,-0.0,0.017232246275636656,-0.0,0.056749621546474324,0.02016818
2019-11-14 05:00:00,-0.0,0.0033326815249529857,-0.0,0.016166848475047017,-0.0,0.03973188630958273,0.01949953
2019-11-14 06:00:00,-0.0,0.003967478005896411,-0.0,0.03774529199410359,-0.0,-0.0,0.04171277
2019-11-14 07:00:00,0.023509615894398407,0.0037691041056015905,-0.0,0.0,-0.0,-0.0,0.02727872
2019-11-14 08:00:00,0.06393645,-0.0,-0.0,0.0,-0.0,-0.0,0.06393645
2019-11-14 09:00:00,0.05904158,-0.0,-0.0,0.0,-0.0,-0.0,0.05904158
2019-11-14 10:00:00,0.04798745,-0.0,-0.0,0.0,-0.0,-0.0,0.04798745
2019-11-14 11:00:00,0.08024831,-0.0,-0.0,0.0,-0.0,-0.0,0.08024831
2019-11-14 12:00:00,0.21552250889091812,-0.0,-0.0,0.0,0.12871970889091813,0.12228372344637223,0.0868028
2019-11-14 13:00:00,0.21392107962458287,-0.0,-0.0,0.0,0.13325520962458287,0.24887617258972594,0.08066587
2019-11-14 14:00:00,0.18668093962458288,-0.0,-0.0,0.0,0.13325520962458287,0.37546862173307965,0.05342573
2019-11-14 15:00:00,0.17438233690098853,0.002142438123184062,-0.0,0.0,0.1232220750241726,0.4925295930060436,0.0533027
2019-11-14 16:00:00,0.0976846351130264,0.002063088563066134,-0.0,0.0,0.04262236367609253,0.5330208384983315,0.05712536
2019-11-14 17:00:00,0.02671064241371816,0.002777234604127488,0.014592673073353388,0.008074549908800967,-0.0,0.524521312278541,0.0521551
2019-11-14 18:00:00,-0.0,0.003888128445778483,0.014592673073353388,0.04177565848086813,-0.0,0.4805469349302588,0.06025646
2019-11-14 19:00:00,-0.0,0.005078371847547406,-0.0,0.06626428815245258,-0.0,0.4107950526645192,0.07134265999999999
2019-11-14 20:00:00,-0.0,0.006149590909139437,0.014592673073353388,0.01937100601750718,-0.0,0.39040452001451165,0.04011327
2019-11-14 21:00:00,-0.0,0.006625688269847007,0.008584101730152994,0.0,-0.0,0.39040452001451165,0.01520979
2019-11-14 22:00:00,-0.0,0.006784387390082864,0.014592673073353388,0.002041219536563747,-0.0,0.38825586787076033,0.02341828
2019-11-14 23:00:00,-0.0,0.00626861524931633,0.00719053475068367,0.0,-0.0,0.38825586787076033,0.01345915
2019-11-15 00:00:00,-0.0,0.006228940469257365,0.005015659530742635,0.0,-0.0,0.38825586787076033,0.0112446
2019-11-15 01:00:00,-0.0,0.00626861524931633,0.0003067977506836699,0.0,-0.0,0.38825586787076033,0.006575413
2019-11-15 02:00:00,-0.0,0.005911542228785652,0.01076241777121435,0.0,-0.0,0.38825586787076033,0.01667396
2019-11-15 03:00:00,-0.0,0.005276745747842227,0.007532734252157773,0.0,-0.0,0.38825586787076033,0.01280948
2019-11-15 04:00:00,-0.0,0.004403900586545016,0.014592673073353388,0.004945986340101597,-0.0,0.38304956646012706,0.02394256
2019-11-15 05:00:00,-0.0,0.004126177126132268,0.009336050764039172,0.025299112109828558,-0.0,0.35641892213399173,0.03876134
2019-11-15 06:00:00,-0.0,0.004205526686250196,0.014592673073353388,0.012169600240396415,-0.0,0.343608816617785,0.0309678
2019-11-15 07:00:00,0.020986933325064266,0.003967478005896411,0.014592673073353388,0.022555915595685934,-0.0,0.31986574756969455,0.062103
2019-11-15 08:00:00,0.05151338179788502,0.002539185923773703,0.014592673073353388,0.0004593192049878927,-0.0,0.3193822536697073,0.06910456000000001
2019-11-15 09:00:00,0.06219763876337228,0.0015076416422406362,-0.0,0.0,0.009484250405612918,0.3283922915550396,0.05422103
2019-11-15 10:00:00,0.0694476702756672,0.001071219061592031,-0.0,0.0,0.008520789337259228,0.33648704142543584,0.0619981
2019-11-15 11:00:00,0.07555295997023136,0.0005951217008844617,-0.0,0.0,0.008258671671115825,0.34433277951299585,0.06788941
2019-11-15 12:00:00,0.0732634763347698,0.00023804868035378468,0.011708964984876419,0.0,-0.0,0.34433277951299585,0.08521049
2019-11-15 13:00:00,0.058381832704269686,0.00011902434017689234,-0.0,0.0,0.0022000070444465752,0.3464227862052201,0.05630085
2019-11-15 14:00:00,0.045026511497410604,3.967478005896411e-05,0.014592673073353388,0.0004498906491770451,-0.0,0.3459492171008232,0.06010875
2019-11-15 15:00:00,0.028236964837359192,7.934956011792822e-05,0.014592673073353388,0.0004689625291694876,-0.0,0.3454555723332764,0.04337795
2019-11-15 16:00:00,0.011828998783218041,0.00019837390029482055,0.014592673073353388,0.032580014243133754,-0.0,0.31116082049839877,0.05920006
2019-11-15 17:00:00,0.0003815806059102594,0.0004364225806486052,0.014592673073353388,0.06753658374008774,-0.0,0.24006967971935908,0.08294726
2019-11-15 18:00:00,-0.0,0.0013092677419458158,0.014592673073353388,0.0957732591847008,-0.0,0.13925572268283193,0.1116752
2019-11-15 19:00:00,-0.0,0.0024598363636557747,0.014592673073353388,0.06333098056299082,-0.0,0.07259153261652582,0.08038348999999999
2019-11-15 20:00:00,-0.0,0.0037294293255426265,0.014592673073353388,0.02215483760110399,-0.0,0.049270650931153195,0.04047694
2019-11-15 21:00:00,-0.0,0.0057528431085497956,0.014592673073353388,0.013805653818096819,-0.0,0.03473838375420918,0.03415117
2019-11-15 22:00:00,-0.0,0.007101785630554576,-0.0,0.015647444369445422,-0.0,0.01826738968110873,0.02274923
2019-11-15 23:00:00,-0.0,0.006943086510318719,0.004696743489681281,0.0,-0.0,0.01826738968110873,0.01163983
2019-11-16 00:00:00,-0.0,0.006387639589493222,-0.0,0.0,0.004271130589493222,0.02232496374112729,0.002116509
2019-11-16 01:00:00,-0.0,0.006149590909139437,0.003324556090860563,0.0,-0.0,0.02232496374112729,0.009474147
2019-11-16 02:00:00,-0.0,0.006347964809434258,0.005477135190565742,0.0,-0.0,0.02232496374112729,0.0118251
2019-11-16 03:00:00,-0.0,0.00626861524931633,0.00437846475068367,0.0,-0.0,0.02232496374112729,0.01064708
2019-11-16 04:00:00,-0.0,0.006228940469257365,0.014592673073353388,0.003710766457389247,-0.0,0.018418893785980717,0.02453238
2019-11-16 05:00:00,-0.0,0.006705037829964935,0.014592673073353388,0.017497949096681682,-0.0,-0.0,0.03879566
2019-11-16 06:00:00,-0.0,0.007062110850495611,0.01156842914950439,0.0,-0.0,-0.0,0.01863054
2019-11-16 07:00:00,0.048094773431037456,0.006030566568962545,-0.0,0.0,-0.0,-0.0,0.05412534
2019-11-16 08:00:00,0.05704643,-0.0,-0.0,0.0,-0.0,-0.0,0.05704643
2019-11-16 09:00:00,0.04154593612897371,0.007419183871026289,-0.0,0.0,-0.0,-0.0,0.04896512
2019-11-16 10:00:00,0.02112477002926853,0.007220809970731468,-0.0,0.0,-0.0,-0.0,0.02834558
2019-11-16 11:00:00,0.08473430695009403,0.006665363049905971,-0.0,0.0,-0.0,-0.0,0.09139967
2019-11-16 12:00:00,0.08063383,-0.0,-0.0,0.0,-0.0,-0.0,0.08063383
2019-11-16 13:00:00,0.06692336,-0.0,-0.0,0.0,-0.0,-0.0,0.06692336
2019-11-16 14:00:00,0.18266037962458287,-0.0,-0.0,0.0,0.13325520962458287,0.1265924491433537,0.04940517
2019-11-16 15:00:00,0.19350561415053819,-0.0,-0.0,0.0,0.12745709415053819,0.247676688586365,0.06604852
2019-11-16 16:00:00,0.12439527752674456,0.002102763343125098,-0.0,0.0,0.08904901086986966,0.3322732489127412,0.03744903
2019-11-16 17:00:00,0.045026511497410604,0.0018647146627713133,-0.0,0.013170173839818083,-0.0,0.31840990802872216,0.0600614
2019-11-16 18:00:00,-0.0,0.0024598363636557747,-0.0,0.07107800363634423,-0.0,0.24359095683257037,0.07353784000000001
2019-11-16 19:00:00,-0.0,0.003094632844599201,-0.0,0.0635161171554008,-0.0,0.1767318861426748,0.06661075
2019-11-16 20:00:00,-0.0,0.0033723563050119497,-0.0,0.02728926369498805,-0.0,0.14800634541110844,0.03066162
2019-11-16 21:00:00,-0.0,0.0034120310850709133,-0.0,0.010364028914929086,-0.0,0.13709684129013044,0.01377606
2019-11-16 22:00:00,-0.0,0.0033326815249529857,-0.0,0.018904468475047016,-0.0,0.11719740079008095,0.02223715
2019-11-16 23:00:00,-0.0,0.003173982404717129,-0.0,0.008065117595282872,-0.0,0.10870780332136214,0.0112391
2019-11-17 00:00:00,-0.0,0.00289625894430438,-0.0,0.00613896705569562,-0.0,0.10224573273641938,0.009035226
2019-11-17 01:00:00,-0.0,0.002578860703832667,-0.0,0.009234739296167332,-0.0,0.09252495452992744,0.0118136
2019-11-17 02:00:00,-0.0,0.0023011372434199187,-0.0,0.009324602756580081,-0.0,0.08270958320721157,0.01162574
2019-11-17 03:00:00,-0.0,0.0022614624633609543,-0.0,0.008065727536639046,-0.0,0.07421934369495994,0.01032719
2019-11-17 04:00:00,-0.0,0.002102763343125098,-0.0,0.021787456656874902,-0.0,0.05128517879298637,0.02389022
2019-11-17 05:00:00,-0.0,0.0019837390029482055,-0.0,0.019686760997051793,-0.0,0.030562272480300273,0.0216705
2019-11-17 06:00:00,-0.0,0.002499511143714739,-0.0,0.029034158856285262,-0.0,-0.0,0.03153367
2019-11-17 07:00:00,0.05009629,-0.0,-0.0,0.0,-0.0,-0.0,0.05009629
2019-11-17 08:00:00,0.04355772,-0.0,-0.0,0.0,-0.0,-0.0,0.04355772
2019-11-17 09:00:00,0.0518865,-0.0,-0.0,0.0,-0.0,-0.0,0.0518865
2019-11-17 10:00:00,0.04545808,-0.0,-0.0,0.0,-0.0,-0.0,0.04545808
2019-11-17 11:00:00,0.07252739,-0.0,-0.0,0.0,-0.0,-0.0,0.07252739
2019-11-17 12:00:00,0.1149793,-0.0,-0.0,0.0,-0.0,-0.0,0.1149793
2019-11-17 13:00:00,0.06404229496444724,-0.0,-0.0,0.0,0.023427464964447253,0.02225609171622489,0.04061483
2019-11-17 14:00:00,0.20199402962458288,-0.0,-0.0,0.0,0.13325520962458287,0.1488485408595786,0.06873882
2019-11-17 15:00:00,0.17015202962458287,-0.0,-0.0,0.0,0.13325520962458287,0.2754409900029323,0.03689682
2019-11-17 16:00:00,0.12325053570901379,-0.0,-0.0,0.0,0.08292920570901378,0.3542237354264954,0.04032133
2019-11-17 17:00:00,0.046934414526961905,-0.0,-0.0,0.0,0.002917344526961907,0.3569952127271092,0.04401707
2019-11-17 18:00:00,-0.0,0.00019837390029482055,-0.0,0.08363473609970518,-0.0,0.2689586484116301,0.08383311
2019-11-17 19:00:00,-0.0,0.00047609736070756937,-0.0,0.07306104263929242,-0.0,0.1920522877386907,0.07353713999999999
2019-11-17 20:00:00,-0.0,0.000714146041061354,-0.0,0.03263029395893865,-0.0,0.15770460988717636,0.03334444
2019-11-17 21:00:00,-0.0,0.0009521947214151387,-0.0,0.02405114527858486,-0.0,0.13238761485708703,0.02500334
2019-11-17 22:00:00,-0.0,0.0011505686217099594,-0.0,0.02219662137829004,-0.0,0.10902275024836067,0.02334719
2019-11-17 23:00:00,-0.0,0.0013092677419458158,-0.0,0.009831782258054183,-0.0,0.09867350576619838,0.01114105
2019-11-18 00:00:00,-0.0,0.0015076416422406362,-0.0,0.004274513357759364,-0.0,0.09417401802118852,0.005782155000000001
2019-11-18 01:00:00,-0.0,0.0017456903225944208,-0.0,0.008543289677405579,-0.0,0.08518108151865633,0.01028898
2019-11-18 02:00:00,-0.0,0.0018647146627713133,-0.0,0.006762515337228688,-0.0,0.0780626443215735,0.008627230000000001
2019-11-18 03:00:00,-0.0,0.0019440642228892415,-0.0,0.007578433777110759,-0.0,0.07008534560882533,0.009522498
2019-11-18 04:00:00,-0.0,0.0021821129032430263,-0.0,0.020645397096756973,-0.0,0.04835334866487063,0.02282751
2019-11-18 05:00:00,-0.0,0.0026185354838916316,-0.0,0.01699039451610837,-0.0,0.030468722858440767,0.01960893
2019-11-18 06:00:00,-0.0,0.0030152832844812724,-0.0,0.028945286715518728,-0.0,-0.0,0.03196057
2019-11-18 07:00:00,0.028614860175931477,0.002737559824068524,-0.0,0.0,-0.0,-0.0,0.03135242
2019-11-18 08:00:00,0.04128412,-0.0,-0.0,0.0,-0.0,-0.0,0.04128412
2019-11-18 09:00:00,0.05235063,-0.0,-0.0,0.0,-0.0,-0.0,0.05235063
2019-11-18 10:00:00,0.0625429,-0.0,-0.0,0.0,-0.0,-0.0,0.0625429
2019-11-18 11:00:00,0.1046012,-0.0,-0.0,0.0,-0.0,-0.0,0.1046012
2019-11-18 12:00:00,0.1699791637213353,-0.0,-0.0,0.0,0.04344516372133529,0.04127290553526852,0.126534
2019-11-18 13:00:00,0.21243882962458288,-0.0,-0.0,0.0,0.13325520962458287,0.16786535467862224,0.07918362000000001
2019-11-18 14:00:00,0.20543601962458286,-0.0,-0.0,0.0,0.13325520962458287,0.29445780382197595,0.07218081
2019-11-18 15:00:00,0.1587375320586679,7.934956011792822e-05,-0.0,0.0,0.09872569161878582,0.3882472108598225,0.06009119
2019-11-18 16:00:00,0.08967144238891095,0.00015869912023585645,-0.0,0.0,0.055319381509146816,0.440800623293512,0.03451075999999999
2019-11-18 17:00:00,0.02594748120189764,0.00047609736070756937,-0.0,0.022204161437394794,-0.0,0.41742782178046484,0.04862774
2019-11-18 18:00:00,-0.0,0.0011108938416509952,-0.0,0.080045126158349,-0.0,0.33316979424536064,0.08115602
2019-11-18 19:00:00,-0.0,0.0017456903225944208,-0.0,0.061359739677405586,-0.0,0.2685805945849337,0.06310543
2019-11-18 20:00:00,-0.0,0.0023011372434199187,-0.0,0.03181676275658008,-0.0,0.23508926536748098,0.0341179
2019-11-18 21:00:00,-0.0,0.0024598363636557747,-0.0,0.040345013636344226,-0.0,0.19262082996080285,0.04280485
2019-11-18 22:00:00,-0.0,0.002499511143714739,-0.0,0.01466927885628526,-0.0,0.17717948379629206,0.01716879
2019-11-18 23:00:00,-0.0,0.0023804868035378467,-0.0,0.013867883196462155,-0.0,0.16258171201054242,0.01624837
2019-11-19 00:00:00,-0.0,0.0021821129032430263,-0.0,0.013825797096756975,-0.0,0.1480282413823772,0.01600791
2019-11-19 01:00:00,-0.0,0.001825039882712349,-0.0,0.008170970117287651,-0.0,0.13942722020628492,0.00999601
2019-11-19 02:00:00,-0.0,0.001467966862181672,-0.0,0.006010391137818328,-0.0,0.13310049269279195,0.007478358
2019-11-19 03:00:00,-0.0,0.0011108938416509952,-0.0,0.008148018158349006,-0.0,0.12452363147347721,0.009258912000000001
2019-11-19 04:00:00,-0.0,0.0009918695014741027,-0.0,0.0174491604985259,-0.0,0.10615609410660784,0.01844103
2019-11-19 05:00:00,-0.0,0.0009918695014741027,-0.0,0.04913326049852589,-0.0,0.05443687252921216,0.05012513
2019-11-19 06:00:00,-0.0,0.0011108938416509952,-0.0,0.03867369615834901,-0.0,0.013727718678318465,0.03978459
2019-11-19 07:00:00,0.04350018907376957,0.0012299181818278874,-0.0,0.013041332744402542,-0.0,-0.0,0.05777144
2019-11-19 08:00:00,0.04405088,-0.0,-0.0,0.0,-0.0,-0.0,0.04405088
2019-11-19 09:00:00,0.06374671,-0.0,-0.0,0.0,-0.0,-0.0,0.06374671
2019-11-19 10:00:00,0.0505498,-0.0,-0.0,0.0,-0.0,-0.0,0.0505498
2019-11-19 11:00:00,0.07488100016189164,-0.0,-0.0,0.0,0.02687147016189165,0.025527896653797066,0.04800952999999999
2019-11-19 12:00:00,0.19887881962458287,-0.0,-0.0,0.0,0.13325520962458287,0.15212034579715078,0.06562361
2019-11-19 13:00:00,0.19741549962458288,-0.0,-0.0,0.0,0.13325520962458287,0.2787127949405045,0.06416029000000001
2019-11-19 14:00:00,0.21292197809792476,0.00011902434017689234,-0.0,0.0,0.13093251243810167,0.4030986817567011,0.08210849
2019-11-19 15:00:00,0.15606646781729608,0.00011902434017689234,-0.0,0.0,0.09840571215747296,0.4965841083063004,0.05777978
2019-11-19 16:00:00,0.08165824966479551,0.00015869912023585645,-0.0,0.0,0.020819208785031365,0.5163623566520802,0.06099774
2019-11-19 17:00:00,0.020223772113243745,0.0003967478005896411,-0.0,0.0646184900861666,-0.0,0.44834289340348377,0.08523900999999999
2019-11-19 18:00:00,-0.0,0.001031544281533067,-0.0,0.12463555571846693,-0.0,0.3171475715945712,0.1256671
2019-11-19 19:00:00,-0.0,0.002142438123184062,-0.0,0.07093003187681594,-0.0,0.24248438014529122,0.07307247
2019-11-19 20:00:00,-0.0,0.002935933724363344,-0.0,0.04154560627563666,-0.0,0.1987521630130421,0.04448154
2019-11-19 21:00:00,-0.0,0.003689754545483662,-0.0,0.028633755454516338,-0.0,0.16861136779776176,0.03232351
2019-11-19 22:00:00,-0.0,0.003808778885660555,-0.0,0.018555621114339445,-0.0,0.1490791350458255,0.0223644
2019-11-19 23:00:00,-0.0,0.003967478005896411,-0.0,0.015837121994103587,-0.0,0.13240848031519015,0.0198046
2019-11-20 00:00:00,-0.0,0.004205526686250196,-0.0,0.011889373313749802,-0.0,0.11989335051124299,0.0160949
2019-11-20 01:00:00,-0.0,0.004284876246368124,-0.0,0.007665303753631876,-0.0,0.11182460971794628,0.01195018
2019-11-20 02:00:00,-0.0,0.004443575366603981,-0.0,0.00714367463339602,-0.0,0.10430495220910836,0.01158725
2019-11-20 03:00:00,-0.0,0.004483250146662945,-0.0,0.006164759853337054,-0.0,0.09781573131085883,0.01064801
2019-11-20 04:00:00,-0.0,0.004324551026427088,-0.0,0.015134618973572912,-0.0,0.08188455344393997,0.01945917
2019-11-20 05:00:00,-0.0,0.004324551026427088,-0.0,0.027935408973572908,-0.0,0.05247885978754743,0.03225996
2019-11-20 06:00:00,-0.0,0.004364225806486053,-0.0,0.03092743419351395,-0.0,0.01992366589963801,0.03529166
2019-11-20 07:00:00,0.02594748120189764,0.003967478005896411,-0.0,0.007180280792205937,-0.0,0.012365475592052814,0.03709523999999999
2019-11-20 08:00:00,0.08051350784706472,0.0028169093841864516,-0.0,0.0,0.018304747231251167,0.02975498546174142,0.06502567000000001
2019-11-20 09:00:00,0.13011898661539845,0.0026185354838916316,-0.0,0.0,0.06733524209929007,0.09372346545606698,0.06540228000000001
2019-11-20 10:00:00,0.1625533381177705,0.0034913806451888417,-0.0,0.0,0.10071499876295936,0.18940271428087838,0.06532972
2019-11-20 11:00:00,0.17552707871871934,0.005118046627606371,-0.0,0.0,0.11095319534632571,0.2948082498598878,0.06969193
2019-11-20 12:00:00,0.15644804842320634,0.0065066639296701145,-0.0,0.0,0.05900141235287645,0.3508595915951204,0.1039533
2019-11-20 13:00:00,0.130882147827219,0.007934956011792822,-0.0,0.0,0.04885187383901181,0.3972688717421816,0.08996523000000001
2019-11-20 14:00:00,0.08432931390616732,0.0082920290323235,-0.0,0.0,0.03624950293849082,0.4317058995337479,0.05637184
2019-11-20 15:00:00,0.05761867149244917,0.009720321114446207,-0.0,0.010402107393104633,-0.0,0.42075631280416403,0.07774110000000001
2019-11-20 16:00:00,0.028236964837359192,0.012973653079281266,-0.0,0.03231806208335954,-0.0,0.3867373000848382,0.07352868
2019-11-20 17:00:00,0.003815806059102594,0.016187310264057356,-0.0,0.05184249367684004,-0.0,0.33216625410921713,0.07184560999999999
2019-11-20 18:00:00,-0.0,0.016663407624764925,-0.0,0.09230969237523508,-0.0,0.23499815687212758,0.1089731
2019-11-20 19:00:00,-0.0,0.014719343401875685,-0.0,0.04872979659812432,-0.0,0.18370363413725987,0.06344914
2019-11-20 20:00:00,-0.0,0.011227962756686843,-0.0,0.034561187243313155,-0.0,0.1473234370390355,0.04578915
2019-11-20 21:00:00,-0.0,0.009402922873974495,-0.0,0.026564667126025506,-0.0,0.11936062953795602,0.03596759
2019-11-20 22:00:00,-0.0,0.008450728152559355,-0.0,0.013538301847440645,-0.0,0.1051097854880185,0.02198903
2019-11-20 23:00:00,-0.0,0.007419183871026289,-0.0,0.013258536128973712,-0.0,0.09115343166804617,0.02067772
2019-11-21 00:00:00,-0.0,0.006784387390082864,-0.0,0.002082836609917136,-0.0,0.0889609720786597,0.008867224
2019-11-21 01:00:00,-0.0,0.006705037829964935,-0.0,0.003865472170035065,-0.0,0.08489205400493859,0.01057051
2019-11-21 02:00:00,-0.0,0.006982761290377683,-0.0,0.0020597437096223177,-0.0,0.08272390273165194,0.009042505000000001
2019-11-21 03:00:00,-0.0,0.007181135190672504,-0.0,0.003921714809327495,-0.0,0.07859578187972825,0.01110285
2019-11-21 04:00:00,-0.0,0.00761755777132111,-0.0,0.017719552228678888,-0.0,0.059943621639013636,0.02533711
2019-11-21 05:00:00,-0.0,0.007974630791851787,-0.0,0.022005519208148215,-0.0,0.036779917209383936,0.02998015
2019-11-21 06:00:00,-0.0,0.007458858651085253,-0.0,0.034940921348914744,-0.0,-0.0,0.04239978
2019-11-21 07:00:00,0.03031997173015299,0.006625688269847007,-0.0,0.0,-0.0,-0.0,0.03694566
2019-11-21 08:00:00,0.05406674,-0.0,-0.0,0.0,-0.0,-0.0,0.05406674
2019-11-21 09:00:00,0.05986119,-0.0,-0.0,0.0,-0.0,-0.0,0.05986119
2019-11-21 10:00:00,0.05074968,-0.0,-0.0,0.0,-0.0,-0.0,0.05074968
2019-11-21 11:00:00,0.07819386,-0.0,-0.0,0.0,-0.0,-0.0,0.07819386
2019-11-21 12:00:00,0.14087402783546896,-0.0,-0.0,0.0,0.03718702783546895,0.0353276764436955,0.103687
2019-11-21 13:00:00,0.07273867448673306,0.008926825513266925,-0.0,0.0,-0.0,0.0353276764436955,0.08166549999999999
2019-11-21 14:00:00,0.20259684962458285,-0.0,-0.0,0.0,0.13325520962458287,0.1619201255870492,0.06934164
2019-11-21 15:00:00,0.18658700962458286,-0.0,-0.0,0.0,0.13325520962458287,0.2885125747304029,0.0533318
2019-11-21 16:00:00,0.13126372843312922,0.006784387390082864,-0.0,0.0,0.0949930658232121,0.3787559872624544,0.04305505
2019-11-21 17:00:00,0.0507502205860645,0.007022436070436647,-0.0,0.0,0.011861026656501149,0.3900239625861305,0.04591163
2019-11-21 18:00:00,-0.0,0.007141460410613539,-0.0,0.09771653958938646,-0.0,0.28716444722888157,0.104858
2019-11-21 19:00:00,-0.0,0.006784387390082864,-0.0,0.06627625260991715,-0.0,0.21739997079738985,0.07306064000000001
2019-11-21 20:00:00,-0.0,0.006665363049905971,-0.0,0.04131909695009403,-0.0,0.17390618453413298,0.04798446
2019-11-21 21:00:00,-0.0,0.006625688269847007,-0.0,0.02544640173015299,-0.0,0.147120498502393,0.03207209
2019-11-21 22:00:00,-0.0,0.006308290029375294,-0.0,0.016827109970624705,-0.0,0.1294077511648933,0.0231354
2019-11-21 23:00:00,-0.0,0.005633818768372903,-0.0,0.009390111231627096,-0.0,0.11952342355265426,0.01502393
2019-11-22 00:00:00,-0.0,0.005157721407665334,-0.0,0.010715328592334665,-0.0,0.10824413029756513,0.01587305
2019-11-22 01:00:00,-0.0,0.004800648387134657,-0.0,0.0066548216128653435,-0.0,0.10123905491560162,0.01145547
2019-11-22 02:00:00,-0.0,0.005078371847547406,-0.0,0.006345498152452593,-0.0,0.09455958317617784,0.01142387
2019-11-22 03:00:00,-0.0,0.00599089178890358,-0.0,0.00634153821109642,-0.0,0.08788427979607634,0.01233243
2019-11-22 04:00:00,-0.0,0.007141460410613539,-0.0,0.02736778958938646,-0.0,0.05907608022830112,0.03450925
2019-11-22 05:00:00,-0.0,0.007934956011792822,-0.0,0.032677683988207175,-0.0,0.02467851813545146,0.04061264
2019-11-22 06:00:00,-0.0,0.00761755777132111,-0.0,0.02344459222867889,-0.0,-0.0,0.03106215
2019-11-22 07:00:00,0.0519074643108016,0.006189265689198402,-0.0,0.0,-0.0,-0.0,0.05809673
2019-11-22 08:00:00,0.07865125999999999,-0.0,-0.0,0.0,-0.0,-0.0,0.07865125999999999
2019-11-22 09:00:00,0.06908679999999999,-0.0,-0.0,0.0,-0.0,-0.0,0.06908679999999999
2019-11-22 10:00:00,0.05981375041050678,0.006387639589493222,-0.0,0.0,-0.0,-0.0,0.06620139
2019-11-22 11:00:00,0.09433425,-0.0,-0.0,0.0,-0.0,-0.0,0.09433425
2019-11-22 12:00:00,0.1146367,-0.0,-0.0,0.0,-0.0,-0.0,0.1146367
2019-11-22 13:00:00,0.20020585962458287,-0.0,-0.0,0.0,0.13325520962458287,0.1265924491433537,0.06695065
2019-11-22 14:00:00,0.18291564936004023,-0.0,-0.0,0.0,0.10519773936004025,0.22653030153539194,0.07771791
2019-11-22 15:00:00,0.17402653962458287,-0.0,-0.0,0.0,0.13325520962458287,0.35312275067874566,0.04077133
2019-11-22 16:00:00,0.12668476116220612,0.002578860703832667,-0.0,0.0,0.07401376186603878,0.4234358244514825,0.05524986
2019-11-22 17:00:00,0.0488423175565132,0.002935933724363344,-0.0,0.023853888719123452,-0.0,0.39832646790503673,0.07563214
2019-11-22 18:00:00,-0.0,0.004403900586545016,-0.0,0.09861699941345498,-0.0,0.2945191001013999,0.1030209
2019-11-22 19:00:00,-0.0,0.005475119648137048,-0.0,0.07785481035186297,-0.0,0.21256666815207048,0.08332993000000001
2019-11-22 20:00:00,-0.0,0.005475119648137048,-0.0,0.039850830351862945,-0.0,0.17061842567642527,0.04532595
2019-11-22 21:00:00,-0.0,0.005316420527901191,-0.0,0.031288319472098806,-0.0,0.1376833525479002,0.03660474
2019-11-22 22:00:00,-0.0,0.0048403231671936215,-0.0,0.02514398683280638,-0.0,0.1112159979870514,0.02998431
2019-11-22 23:00:00,-0.0,0.004086502346073303,-0.0,0.016326097653926695,-0.0,0.09403063203554961,0.0204126
2019-11-23 00:00:00,-0.0,0.003650079765424698,-0.0,0.002677754234575302,-0.0,0.09121194336757561,0.006327834
2019-11-23 01:00:00,-0.0,0.0034517058651298772,-0.0,0.010612934134870123,-0.0,0.08004043375192285,0.01406464
2019-11-23 02:00:00,-0.0,0.003650079765424698,-0.0,0.0014262742345753018,-0.0,0.0785390924523699,0.005076354
2019-11-23 03:00:00,-0.0,0.004086502346073303,-0.0,0.006693817653926696,-0.0,0.07149296860613127,0.01078032
2019-11-23 04:00:00,-0.0,0.004721298827016729,-0.0,0.022598511172983272,-0.0,0.04770506210825415,0.02731981
2019-11-23 05:00:00,-0.0,0.005633818768372903,-0.0,0.025463321231627097,-0.0,0.02090156607496247,0.03109714
2019-11-23 06:00:00,-0.0,0.005911542228785652,-0.0,0.01985648777121435,-0.0,-0.0,0.02576803
2019-11-23 07:00:00,0.05151338179788502,0.00024406820211498453,-0.0,0.0,-0.0,-0.0,0.05175745
2019-11-23 08:00:00,0.0834169,-0.0,-0.0,0.0,-0.0,-0.0,0.0834169
2019-11-23 09:00:00,0.05141034,-0.0,-0.0,0.0,-0.0,-0.0,0.05141034
2019-11-23 10:00:00,0.05685999000000001,-0.0,-0.0,0.0,-0.0,-0.0,0.05685999000000001
2019-11-23 11:00:00,0.06667933999999999,-0.0,-0.0,0.0,-0.0,-0.0,0.06667933999999999
2019-11-23 12:00:00,0.109133,-0.0,-0.0,0.0,-0.0,-0.0,0.109133
2019-11-23 13:00:00,0.19445279962458287,-0.0,-0.0,0.0,0.13325520962458287,0.1265924491433537,0.06119759
2019-11-23 14:00:00,0.10060045053560797,-0.0,-0.0,0.0,0.04436077053560797,0.16873518115218128,0.05623968
2019-11-23 15:00:00,0.18775245962458287,-0.0,-0.0,0.0,0.13325520962458287,0.295327630295535,0.05449725
2019-11-23 16:00:00,0.12096105207355223,0.001031544281533067,-0.0,0.0,0.0723852363550853,0.364093604832866,0.04960736
2019-11-23 17:00:00,0.05036863998015424,0.0016663407624764928,-0.0,0.01028942925736926,-0.0,0.35326262666721414,0.06232441
2019-11-23 18:00:00,-0.0,0.0030152832844812724,-0.0,0.06967023671551872,-0.0,0.27992553538772075,0.07268552
2019-11-23 19:00:00,-0.0,0.004641949266898801,-0.0,0.0654519107331012,-0.0,0.2110287872476142,0.07009386000000001
2019-11-23 20:00:00,-0.0,0.005475119648137048,-0.0,0.03211482035186296,-0.0,0.17722371319302163,0.03758994
2019-11-23 21:00:00,-0.0,0.005038697067488442,-0.0,0.031685242932511556,-0.0,0.14387082589564104,0.03672394
2019-11-23 22:00:00,-0.0,0.0048403231671936215,-0.0,0.02217653683280638,-0.0,0.12052710291373958,0.02701686
2019-11-23 23:00:00,-0.0,0.0048403231671936215,-0.0,0.01176916683280638,-0.0,0.10813850624762761,0.01660949
2019-11-24 00:00:00,-0.0,0.004562599706780873,-0.0,0.009560540293219125,-0.0,0.09807477962318642,0.01412314
2019-11-24 01:00:00,-0.0,0.004165851906191231,-0.0,0.009425038093808768,-0.0,0.0881536868928614,0.01359089
2019-11-24 02:00:00,-0.0,0.004443575366603981,-0.0,0.0031237936333960194,-0.0,0.08486548306823402,0.007567369
2019-11-24 03:00:00,-0.0,0.004641949266898801,-0.0,0.009092280733101199,-0.0,0.07529466124391697,0.01373423
2019-11-24 04:00:00,-0.0,0.0046022744868398375,-0.0,0.009871185513160163,-0.0,0.0649039396511168,0.01447346
2019-11-24 05:00:00,-0.0,0.004126177126132268,-0.0,0.029149342873867737,-0.0,0.034220420836519175,0.03327552
2019-11-24 06:00:00,-0.0,0.0035707302053067697,-0.0,0.032509399794693215,-0.0,-0.0,0.03608012999999999
2019-11-24 07:00:00,0.030641645835754582,0.002856584164245416,-0.0,0.0,-0.0,-0.0,0.03349823
2019-11-24 08:00:00,0.06024709,-0.0,-0.0,0.0,-0.0,-0.0,0.06024709
2019-11-24 09:00:00,0.05780672,-0.0,-0.0,0.0,-0.0,-0.0,0.05780672
2019-11-24 10:00:00,0.05845758,-0.0,-0.0,0.0,-0.0,-0.0,0.05845758
2019-11-24 11:00:00,0.07252203,-0.0,-0.0,0.0,-0.0,-0.0,0.07252203
2019-11-24 12:00:00,0.1026005,-0.0,-0.0,0.0,-0.0,-0.0,0.1026005
2019-11-24 13:00:00,0.1981720547934686,-0.0,-0.0,0.0,0.1069209247934686,0.10157487855379516,0.09125113
2019-11-24 14:00:00,0.18616329962458286,-0.0,-0.0,0.0,0.13325520962458287,0.22816732769714887,0.05290809
2019-11-24 15:00:00,0.18891298962458286,-0.0,-0.0,0.0,0.13325520962458287,0.3547597768405026,0.05565778
2019-11-24 16:00:00,0.1240136969208343,0.0013092677419458158,-0.0,0.0,0.07129865466278013,0.4224934987701437,0.05402431
2019-11-24 17:00:00,0.04540809210332086,0.0018647146627713133,-0.0,0.01827699323390783,-0.0,0.40325455852392494,0.0655498
2019-11-24 18:00:00,-0.0,0.0030152832844812724,0.005079707090935866,0.13325520962458287,-0.0,0.2629859168138377,0.1413502
2019-11-24 19:00:00,-0.0,0.003808778885660555,-0.0,0.05760043111433944,-0.0,0.20235388406190147,0.06140921
2019-11-24 20:00:00,-0.0,0.004403900586545016,-0.0,0.03981307941345499,-0.0,0.16044537941615938,0.04421698
2019-11-24 21:00:00,-0.0,0.004681624046957765,-0.0,0.026394935953042237,-0.0,0.13266123630769389,0.03107656
2019-11-24 22:00:00,-0.0,0.004999022287429478,-0.0,0.01854530771257052,-0.0,0.11313985976814597,0.02354433
2019-11-24 23:00:00,-0.0,0.005435444868078084,-0.0,0.011322335131921917,-0.0,0.10122161226085974,0.01675778
2019-11-25 00:00:00,-0.0,0.005395770088019119,-0.0,0.00537898991198088,-0.0,0.09555951761666934,0.01077476
2019-11-25 01:00:00,-0.0,0.005237070967783263,-0.0,0.007211189032216736,-0.0,0.08796879231959909,0.01244826
2019-11-25 02:00:00,-0.0,0.005276745747842227,-0.0,0.004699053252157774,-0.0,0.08302242047522249,0.009975799
2019-11-25 03:00:00,-0.0,0.004959347507370514,-0.0,0.004146645492629486,-0.0,0.07865753048298092,0.009105993
2019-11-25 04:00:00,-0.0,0.004959347507370514,-0.0,0.008859772492629488,-0.0,0.06933145417494989,0.01381912
2019-11-25 05:00:00,-0.0,0.004721298827016729,-0.0,0.030908491172983273,-0.0,0.03679620030865171,0.03562979
2019-11-25 06:00:00,-0.0,0.004562599706780873,-0.0,0.034956390293219126,-0.0,-0.0,0.03951899
2019-11-25 07:00:00,0.0366317381673849,0.00027536183261509667,-0.0,0.0,-0.0,-0.0,0.0369071
2019-11-25 08:00:00,0.053549,-0.0,-0.0,0.0,-0.0,-0.0,0.053549
2019-11-25 09:00:00,0.04197177,-0.0,-0.0,0.0,-0.0,-0.0,0.04197177
2019-11-25 10:00:00,0.05857692,-0.0,-0.0,0.0,-0.0,-0.0,0.05857692
2019-11-25 11:00:00,0.1866266880232525,-0.0,-0.0,0.0,0.11801409802325248,0.11211339312208986,0.06861259
2019-11-25 12:00:00,0.20643510779745033,-0.0,-0.0,0.0,0.10459460779745033,0.21147827052966767,0.1018405
2019-11-25 13:00:00,0.17323759508325776,0.0021821129032430263,-0.0,0.0,0.12019083798650079,0.3256595666168434,0.05522887
2019-11-25 14:00:00,0.1285926641917574,0.0011902434017689234,-0.0,0.0,0.07317370759352634,0.39517458883069345,0.0566092
2019-11-25 15:00:00,0.07364505694068006,0.0006744712610023899,-0.0,0.0,0.02649228820168245,0.4203422626222918,0.04782724
2019-11-25 16:00:00,0.03243435150237205,0.000714146041061354,-0.0,0.0,0.0020092775434334027,0.4222510762885535,0.03113922
2019-11-25 17:00:00,0.00572370908865389,0.001071219061592031,-0.0,0.04261194184975408,-0.0,0.37739640065723346,0.04940687
2019-11-25 18:00:00,-0.0,0.0017853651026533848,-0.0,0.09178039489734661,-0.0,0.28078545866002647,0.09356576
2019-11-25 19:00:00,-0.0,0.002539185923773703,-0.0,0.0827246540762263,-0.0,0.1937068754218935,0.08526384000000001
2019-11-25 20:00:00,-0.0,0.004086502346073303,-0.0,0.0338322976539267,-0.0,0.15809393052302328,0.0379188
2019-11-25 21:00:00,-0.0,0.00599089178890358,-0.0,0.014426498211096421,-0.0,0.14290814293239548,0.02041739
2019-11-25 22:00:00,-0.0,0.006943086510318719,-0.0,0.016271263489681283,-0.0,0.12578049715378362,0.02321435
2019-11-25 23:00:00,-0.0,0.008569752492736248,-0.0,0.00992102750726375,-0.0,0.11533731030403231,0.01849078
2019-11-26 00:00:00,-0.0,0.009006175073384854,-0.0,0.003745884926615147,-0.0,0.11139427353917426,0.01275206
2019-11-26 01:00:00,-0.0,0.008053980351969714,-0.0,0.005949219648030286,-0.0,0.10513193706756344,0.0140032
2019-11-26 02:00:00,-0.0,0.007101785630554576,-0.0,0.001307257369445424,-0.0,0.10375587667867352,0.008409043
2019-11-26 03:00:00,-0.0,0.006625688269847007,-0.0,0.005195581730152993,-0.0,0.09828684327851248,0.01182127
2019-11-26 04:00:00,-0.0,0.006982761290377683,-0.0,0.014906548709622314,-0.0,0.08259573937364688,0.02188931
2019-11-26 05:00:00,-0.0,0.007300159530849396,-0.0,0.023282890469150604,-0.0,0.05808743361664624,0.03058305
2019-11-26 06:00:00,-0.0,0.00761755777132111,-0.0,0.03575808222867889,-0.0,0.020447347060142146,0.04337564
2019-11-26 07:00:00,0.02594748120189764,0.007379509090967324,-0.0,0.01942497970713504,-0.0,-0.0,0.05275197
2019-11-26 08:00:00,0.04939419222867889,0.00761755777132111,-0.0,0.0,-0.0,-0.0,0.05701175
2019-11-26 09:00:00,0.04725003580637929,0.00916487419362071,-0.0,0.0,-0.0,-0.0,0.05641491
2019-11-26 10:00:00,0.07909948678347581,0.010672515835861346,-0.0,0.0,0.026817572619337142,0.025476693988370283,0.06295443
2019-11-26 11:00:00,0.1690402084182449,0.01158503577721752,-0.0,0.0,0.11080577419546243,0.13074217947405958,0.06981947
2019-11-26 12:00:00,0.16942178902415517,0.011346987096863735,-0.0,0.0,0.0777290761210189,0.20458480178902755,0.1030397
2019-11-26 13:00:00,0.1625533381177705,0.010632841055802382,-0.0,0.0,0.09950371917357288,0.2991133350039218,0.07368246
2019-11-26 14:00:00,0.1446190496399883,0.00956162199421035,-0.0,0.0,0.08927924163419865,0.3839286145564105,0.06490143000000001
2019-11-26 15:00:00,0.11332943995534703,0.008450728152559355,-0.0,0.0,0.05888029810790639,0.43986489775892157,0.06289987
2019-11-26 16:00:00,0.07021083148748773,0.007181135190672504,-0.0,0.0,0.021186526678160233,0.4599920981031738,0.05620544
2019-11-26 17:00:00,0.023657997566436082,0.0065066639296701145,-0.0,0.029879548503893804,-0.0,0.4285399417832856,0.06004421
2019-11-26 18:00:00,-0.0,0.006546338709729079,-0.0,0.08300583129027092,-0.0,0.3411653825303688,0.08955217
2019-11-26 19:00:00,-0.0,0.006149590909139437,-0.0,0.09376459909086056,-0.0,0.2424658045399893,0.09991419
2019-11-26 20:00:00,-0.0,0.005713168328490832,-0.0,0.04829373167150917,-0.0,0.19163029751734809,0.0540069
2019-11-26 21:00:00,-0.0,0.005276745747842227,-0.0,0.02509284425215777,-0.0,0.16521677725191886,0.03036959
2019-11-26 22:00:00,-0.0,0.005554469208254976,-0.0,0.018012570791745026,-0.0,0.14625617641850303,0.02356704
2019-11-26 23:00:00,-0.0,0.005951217008844617,-0.0,0.013666572991155382,-0.0,0.1318703101120237,0.01961779
2019-11-27 00:00:00,-0.0,0.006109916129080473,-0.0,0.009039003870919528,-0.0,0.1223555691952663,0.01514892
2019-11-27 01:00:00,-0.0,0.006109916129080473,-0.0,0.003818359870919527,-0.0,0.118336243015351,0.009928276
2019-11-27 02:00:00,-0.0,0.006070241349021509,-0.0,0.0023873906509784904,-0.0,0.11582320022484734,0.008457632
2019-11-27 03:00:00,-0.0,0.005871867448726688,-0.0,0.008504972551273311,-0.0,0.10687059753929648,0.01437684
2019-11-27 04:00:00,-0.0,0.006030566568962545,-0.0,0.022830643431037457,-0.0,0.08283834129609915,0.02886121
2019-11-27 05:00:00,-0.0,0.006228940469257365,-0.0,0.031308419530742634,-0.0,0.0498821102111069,0.03753736
2019-11-27 06:00:00,-0.0,0.006625688269847007,-0.0,0.043578871730153,-0.0,0.004009613653051115,0.05020456
2019-11-27 07:00:00,0.046552833921051646,0.0057528431085497956,-0.0,0.00380913297039856,-0.0,-0.0,0.05611481
2019-11-27 08:00:00,0.06050222,-0.0,-0.0,0.0,-0.0,-0.0,0.06050222
2019-11-27 09:00:00,0.04073025,-0.0,-0.0,0.0,-0.0,-0.0,0.04073025
2019-11-27 10:00:00,0.07659045,-0.0,-0.0,0.0,-0.0,-0.0,0.07659045
2019-11-27 11:00:00,0.14164940856610084,-0.0,-0.0,0.0,0.05191685856610083,0.049321015637795784,0.08973255000000001
2019-11-27 12:00:00,0.1858448888327311,0.007974630791851787,-0.0,0.0,0.13325520962458287,0.1759134647811495,0.06056431
2019-11-27 13:00:00,0.20661816962458288,-0.0,-0.0,0.0,0.13325520962458287,0.3025059139245032,0.07336296
2019-11-27 14:00:00,0.20303885525503068,0.0064273143695521865,-0.0,0.0,0.13325520962458287,0.4290983630678569,0.07621096
2019-11-27 15:00:00,0.15186908115228323,0.005038697067488442,-0.0,0.0,0.09344314821977168,0.51786935387664,0.06346463
2019-11-27 16:00:00,0.0797503466352442,0.003689754545483662,-0.0,0.0,0.015948931180727863,0.5330208384983315,0.06749117
2019-11-27 17:00:00,0.020223772113243745,0.0034120310850709133,-0.0,0.06823791680168534,-0.0,0.4611914523912943,0.09187372
2019-11-27 18:00:00,-0.0,0.004483250146662945,-0.0,0.12022174985333706,-0.0,0.33464224201936055,0.124705
2019-11-27 19:00:00,-0.0,0.005871867448726688,0.014592673073353388,0.09336645947791992,-0.0,0.2363617583583922,0.113831
2019-11-27 20:00:00,-0.0,0.00646698914961115,-0.0,0.03883668085038885,-0.0,0.19548104167377237,0.04530367
2019-11-27 21:00:00,-0.0,0.006109916129080473,0.014592673073353388,0.014342050797566142,-0.0,0.18038414609738695,0.03504464
2019-11-27 22:00:00,-0.0,0.006228940469257365,0.014592673073353388,0.006994896457389247,-0.0,0.17302109719487196,0.02781651
2019-11-27 23:00:00,-0.0,0.006228940469257365,-0.0,0.010419689530742637,-0.0,0.162053002951985,0.01664863
2019-11-28 00:00:00,-0.0,0.007181135190672504,-0.0,0.0014358428093274953,-0.0,0.16054158946848238,0.008616977999999999
2019-11-28 01:00:00,-0.0,0.007022436070436647,-0.0,0.0,0.004273800070436647,0.1646016995353972,0.002748636
2019-11-28 02:00:00,-0.0,0.006863736950200791,0.001368276049799209,0.0,-0.0,0.1646016995353972,0.008232013
2019-11-28 03:00:00,-0.0,0.0064273143695521865,-0.0,0.0,0.0018016163695521864,0.16631323508647178,0.004625698
2019-11-28 04:00:00,-0.0,0.007538208211203181,-0.0,0.011112331788796819,-0.0,0.15461604372984356,0.01865054
2019-11-28 05:00:00,-0.0,0.007776256891556966,-0.0,0.009824803108443036,-0.0,0.14427414572095615,0.01760106
2019-11-28 06:00:00,-0.0,0.007419183871026289,0.014592673073353388,0.014826353055620327,-0.0,0.12866745829398737,0.03683821
2019-11-28 07:00:00,0.0122105793891283,0.006625688269847007,0.014592673073353388,0.008842699267671303,-0.0,0.11935935380170179,0.04227164
2019-11-28 08:00:00,0.04311860846785931,0.005871867448726688,0.0014697540834140016,0.0,-0.0,0.11935935380170179,0.05046023
2019-11-28 09:00:00,0.06410554179292358,0.004959347507370514,-0.0,0.0,0.024252149300294096,0.1423988956369812,0.04481274
2019-11-28 10:00:00,0.07593454057614162,0.0034517058651298772,-0.0,0.0,0.02955713644127149,0.1704781752561891,0.04982911
2019-11-28 11:00:00,0.07097399269930825,0.0018647146627713133,-0.0,0.0,0.03048358736207956,0.1994375832501647,0.04235512
2019-11-28 12:00:00,0.06334238058110306,0.0011108938416509952,0.014592673073353388,0.010415602503892554,-0.0,0.18847379114080412,0.08946155
2019-11-28 13:00:00,0.047315995132872164,0.0006744712610023899,-0.0,0.0,0.011055626393874557,0.19897663621498496,0.03693484
2019-11-28 14:00:00,0.029000126049179713,0.001071219061592031,0.014592673073353388,0.01396539181587487,-0.0,0.18427622377722194,0.05862941
2019-11-28 15:00:00,0.014500063024589857,0.0026978850440095596,0.014592673073353388,0.004705628858047197,-0.0,0.17932293024243542,0.03649625
2019-11-28 16:00:00,0.008394773330025706,0.00761755777132111,0.014592673073353388,0.014659915825299791,-0.0,0.1638914399000146,0.04526491999999999
2019-11-28 17:00:00,0.0022894836354615563,0.012814953959045408,-0.0,0.012239032405493037,-0.0,0.15100824789423245,0.02734347
2019-11-28 18:00:00,-0.0,0.014401945161403971,0.014592673073353388,0.04085018176524265,-0.0,0.10800805656239808,0.06984480000000001
2019-11-28 19:00:00,-0.0,0.014798692961993614,0.014592673073353388,0.007483673964652998,-0.0,0.10013050502065808,0.03687504
2019-11-28 20:00:00,-0.0,0.014878042522111543,0.014592673073353388,0.00658691440453507,-0.0,0.09319691091062117,0.03605763
2019-11-28 21:00:00,-0.0,0.012695929618868515,0.014592673073353388,0.0020396573077780932,-0.0,0.09104990321822318,0.02932826
2019-11-28 22:00:00,-0.0,0.007895281231733858,0.011151998768266141,0.0,-0.0,0.09104990321822318,0.01904728
2019-11-28 23:00:00,-0.0,0.003689754545483662,0.009244655454516339,0.0,-0.0,0.09104990321822318,0.01293441
2019-11-29 00:00:00,-0.0,0.002856584164245416,0.0062924638357545835,0.0,-0.0,0.09104990321822318,0.009149048
2019-11-29 01:00:00,-0.0,0.003927803225837447,0.004236355774162552,0.0,-0.0,0.09104990321822318,0.008164158999999999
2019-11-29 02:00:00,-0.0,0.004165851906191231,0.00811041809380877,0.0,-0.0,0.09104990321822318,0.01227627
2019-11-29 03:00:00,-0.0,0.003888128445778483,0.007450071554221517,0.0,-0.0,0.09104990321822318,0.0113382
2019-11-29 04:00:00,-0.0,0.003650079765424698,-0.0,0.012431550234575301,-0.0,0.07796406086603865,0.01608163
2019-11-29 05:00:00,-0.0,0.0035707302053067697,-0.0,0.01899671979469323,-0.0,0.05796751371372998,0.02256745
2019-11-29 06:00:00,-0.0,0.003848453665719519,0.011852653067683652,0.01325404326659683,-0.0,0.044015889222575426,0.02895515
2019-11-29 07:00:00,0.01297374060094882,0.003610404985365734,0.014592673073353388,0.03444400134033206,-0.0,0.007759045706436414,0.06562082
2019-11-29 08:00:00,0.04311860846785931,0.002578860703832667,-0.0,0.0,0.012400209171691975,0.01953924441954379,0.03329726
2019-11-29 09:00:00,0.06906608966975694,0.0019043894428302775,-0.0,0.0,0.03117449911258722,0.04915501857650165,0.03979598
2019-11-29 10:00:00,0.08394773330025707,0.0017853651026533848,-0.0,0.0,0.02199458840291045,0.07004987755926657,0.06373851
2019-11-29 11:00:00,0.0957767320834751,0.0017853651026533848,-0.0,0.0,0.03753637718612849,0.10570943588608864,0.06002572
2019-11-29 12:00:00,0.09921095753666745,0.0019043894428302775,-0.0,0.0,0.026562706979497724,0.13094400751661148,0.07455264
2019-11-29 13:00:00,0.09348724844801355,0.0021821129032430263,-0.0,0.0,0.03319622135125658,0.16248041780030523,0.06247314
2019-11-29 14:00:00,0.07784244360569291,0.0023011372434199187,-0.0,0.0,0.04911526084911283,0.2091399156069624,0.03102832
2019-11-29 15:00:00,0.05761867149244917,0.002737559824068524,-0.0,0.0,0.018188781316517688,0.2264192578576542,0.04216745
2019-11-29 16:00:00,0.03128960968464127,0.003689754545483662,0.012259035769875068,0.0,-0.0,0.2264192578576542,0.0472384
2019-11-29 17:00:00,0.006868450906384669,0.005594143988313939,-0.0,0.030072385105301393,-0.0,0.1947641156415475,0.04253498
2019-11-29 18:00:00,-0.0,0.0076572325513800735,0.014592673073353388,0.05126083437526654,-0.0,0.14080534261495115,0.07351074
2019-11-29 19:00:00,-0.0,0.008847475953148998,-0.0,0.073062744046851,-0.0,0.06389719098668693,0.08191021999999999
2019-11-29 20:00:00,-0.0,0.010355117595389634,0.013183782404610368,0.0,-0.0,0.06389719098668693,0.0235389
2019-11-29 21:00:00,-0.0,0.010355117595389634,0.014592673073353388,0.0032360893312569795,-0.0,0.06049078116431117,0.02818388
2019-11-29 22:00:00,-0.0,0.00916487419362071,0.01104956580637929,0.0,-0.0,0.06049078116431117,0.02021444
2019-11-29 23:00:00,-0.0,0.008530077712677284,-0.0,0.0,0.0004224637126772849,0.06089212169135459,0.008107613999999999
2019-11-30 00:00:00,-0.0,0.008093655132028678,-0.0,0.005723374867971321,-0.0,0.05486751656717426,0.01381703
2019-11-30 01:00:00,-0.0,0.007379509090967324,0.005552160909032675,0.0,-0.0,0.05486751656717426,0.01293167
2019-11-30 02:00:00,-0.0,0.0076572325513800735,0.005009847448619927,0.0,-0.0,0.05486751656717426,0.01266708
2019-11-30 03:00:00,-0.0,0.0076572325513800735,0.0005066654486199258,0.0,-0.0,0.05486751656717426,0.008163898
2019-11-30 04:00:00,-0.0,0.00849040293261832,0.00991548706738168,0.0,-0.0,0.05486751656717426,0.01840589
2019-11-30 05:00:00,-0.0,0.00916487419362071,0.014592673073353388,0.027873732733025895,-0.0,0.02552674526925226,0.05163127999999999
2019-11-30 06:00:00,-0.0,0.00956162199421035,-0.0,0.024250408005789648,-0.0,-0.0,0.03381203
2019-11-30 07:00:00,0.01717112726596167,0.00956162199421035,0.003585730739827979,0.0,-0.0,-0.0,0.03031848
2019-11-30 08:00:00,0.05410539601544792,-0.0,-0.0,0.0,0.00676574601544792,0.006427458714675524,0.04733965
2019-11-30 09:00:00,0.09425040965983407,0.009879020234682064,-0.0,0.0,0.05383721989451613,0.05757281761446585,0.05029221
2019-11-30 10:00:00,0.12210579389128301,0.01051381671562549,-0.0,0.0,0.058753850606908506,0.11338897569102893,0.07386575999999999
2019-11-30 11:00:00,0.14347430782225754,0.010117068915035849,-0.0,0.0,0.09172152673729339,0.20052442609145765,0.06186985
2019-11-30 12:00:00,0.15835595145275763,0.00916487419362071,-0.0,0.0,0.08659622564637834,0.28279084045551706,0.0809246
2019-11-30 13:00:00,0.1595006932704884,0.008053980351969714,-0.0,0.0,0.09629278362245813,0.3742689848968523,0.07126189
2019-11-30 14:00:00,0.1446190496399883,0.006982761290377683,-0.0,0.0,0.09359526093036599,0.46318448278069996,0.05800655
2019-11-30 15:00:00,0.11790840722627015,0.006070241349021509,-0.0,0.0,0.04760048857529166,0.508404946927227,0.07637816
2019-11-30 16:00:00,0.06868450906384668,0.005276745747842227,-0.0,0.0,0.025911464811688906,0.5330208384983315,0.04804979
2019-11-30 17:00:00,0.020223772113243745,0.005435444868078084,-0.0,0.03886706301867818,-0.0,0.49210814058393343,0.06452628
2019-11-30 18:00:00,-0.0,0.00626861524931633,0.014592673073353388,0.08423431167733027,-0.0,0.4034404440814805,0.1050956
2019-11-30 19:00:00,-0.0,0.006625688269847007,-0.0,0.06887496173015298,-0.0,0.33094048436553003,0.07550064999999999
2019-11-30 20:00:00,-0.0,0.007022436070436647,-0.0,0.03156210392956334,-0.0,0.2977172170712528,0.03858453999999999
2019-11-30 21:00:00,-0.0,0.006784387390082864,-0.0,0.026044672609917136,-0.0,0.27030177221870844,0.03282906
2019-11-30 22:00:00,-0.0,0.00579251788860876,-0.0,0.01874648211139124,-0.0,0.25056863315408606,0.024539
2019-11-30 23:00:00,-0.0,0.004641949266898801,-0.0,0.0137728407331012,-0.0,0.23607090606661113,0.01841479
2019-12-01 00:00:00,-0.0,0.004483250146662945,-0.0,0.004574503853337054,-0.0,0.23125563885257214,0.009057754
2019-12-01 01:00:00,-0.0,0.004046827566014339,-0.0,0.010246112433985662,-0.0,0.22047025734311354,0.01429294
2019-12-01 02:00:00,-0.0,0.003610404985365734,-0.0,0.005819585014634266,-0.0,0.21434437838034062,0.009429990000000001
2019-12-01 03:00:00,-0.0,0.003610404985365734,-0.0,0.005623520014634264,-0.0,0.20842488362809403,0.009233924999999999
2019-12-01 04:00:00,-0.0,0.003650079765424698,0.014592673073353388,0.013966437161221914,-0.0,0.1937233708268078,0.03220919
2019-12-01 05:00:00,-0.0,0.0037691041056015905,-0.0,0.026947585894398413,-0.0,0.16535749093796737,0.03071669
2019-12-01 06:00:00,-0.0,0.003888128445778483,-0.0,0.023535541554221516,-0.0,0.14058323667036576,0.02742367
2019-12-01 07:00:00,0.020223772113243745,0.0037294293255426265,-0.0,0.022771568561213627,-0.0,0.11661316450066721,0.04672477
2019-12-01 08:00:00,0.06563186421656461,0.002777234604127488,-0.0,0.0,0.012459938820692101,0.1284501063803247,0.05594916
2019-12-01 09:00:00,0.10378992480759056,0.0024598363636557747,-0.0,0.0,0.06845207117124633,0.1934795739930087,0.03779769
2019-12-01 10:00:00,0.130882147827219,0.0026582102639505956,-0.0,0.0,0.07377603809116959,0.2635668101796198,0.05976432
2019-12-01 11:00:00,0.14118482418679598,0.0026185354838916316,-0.0,0.0,0.044608439670687616,0.305944827866773,0.09919491999999999
2019-12-01 12:00:00,0.13775059873360362,0.0023408120234788823,-0.0,0.0,0.05487590075708251,0.3580769335860014,0.08521551
2019-12-01 13:00:00,0.13126372843312922,0.0018647146627713133,-0.0,0.0,0.030129243095900538,0.3866997145271069,0.1029992
2019-12-01 14:00:00,0.1156189235908086,0.0012299181818278874,-0.0,0.0,0.03674676177263647,0.4216091382111115,0.08010208
2019-12-01 15:00:00,0.08318457208843655,0.0006744712610023899,-0.0,0.0,0.03111863334943895,0.4511718398930785,0.05274040999999999
2019-12-01 16:00:00,0.041210705438308015,0.0004364225806486052,-0.0,0.00824504198104338,-0.0,0.4424928483340855,0.04989217
2019-12-01 17:00:00,0.009157934541846225,0.00047609736070756937,-0.0,0.049196298097446196,-0.0,0.39070727138940525,0.05883032999999999
2019-12-01 18:00:00,-0.0,0.0009521947214151387,-0.0,0.10954860527858486,-0.0,0.2753929500435265,0.1105008
2019-12-01 19:00:00,-0.0,0.001467966862181672,0.014592673073353388,0.05119828006446494,-0.0,0.2215000236598792,0.06725892
2019-12-01 20:00:00,-0.0,0.002063088563066134,-0.0,0.05361724143693387,-0.0,0.16506082214731724,0.05568033
2019-12-01 21:00:00,-0.0,0.0024598363636557747,-0.0,0.026157653636344223,-0.0,0.13752644989853385,0.02861749
2019-12-01 22:00:00,-0.0,0.002539185923773703,0.014592673073353388,0.0048611510028729096,-0.0,0.13240944884287817,0.02199301
2019-12-01 23:00:00,-0.0,0.0024598363636557747,0.007781203636344225,0.0,-0.0,0.13240944884287817,0.01024104
2019-12-02 00:00:00,-0.0,0.0024201615835968107,0.00581123741640319,0.0,-0.0,0.13240944884287817,0.008231399
2019-12-02 01:00:00,-0.0,0.0021821129032430263,-0.0,0.008800017096756974,-0.0,0.12314627295155504,0.01098213
2019-12-02 02:00:00,-0.0,0.0019043894428302775,-0.0,0.0068346315571697226,-0.0,0.11595192394400797,0.008739021
2019-12-02 03:00:00,-0.0,0.0016663407624764928,-0.0,0.007894800237523507,-0.0,0.10764160790450954,0.009561140999999999
2019-12-02 04:00:00,-0.0,0.0017456903225944208,-0.0,0.02239756967740558,-0.0,0.08406521877039841,0.02414326
2019-12-02 05:00:00,-0.0,0.0017456903225944208,-0.0,0.029631409677405577,-0.0,0.05287426121523464,0.0313771
2019-12-02 06:00:00,-0.0,0.0017060155425354566,-0.0,0.015530884457464544,-0.0,0.0365259617863246,0.0172369
2019-12-02 07:00:00,0.01717112726596167,0.001428292082122708,0.002310749421396731,0.01773455123051889,-0.0,0.017858013122620506,0.03864472
2019-12-02 08:00:00,0.05761867149244917,0.000714146041061354,-0.0,0.016965112466489483,-0.0,-0.0,0.07529793
2019-12-02 09:00:00,0.05239896,-0.0,-0.0,0.0,-0.0,-0.0,0.05239896
2019-12-02 10:00:00,0.08391629630585867,-0.0,-0.0,0.0,0.04277207630585868,0.040633472490565745,0.04114422
2019-12-02 11:00:00,0.13736901812769337,-0.0,-0.0,0.0,0.06777861812769337,0.10502315971187444,0.0695904
2019-12-02 12:00:00,0.14309272721634728,0.0006744712610023899,-0.0,0.0,0.06395538847734968,0.16578077876535663,0.07981181
2019-12-02 13:00:00,0.13240847025086,0.0005951217008844617,-0.0,0.0,0.06887139195174447,0.23120860111951386,0.0641322
2019-12-02 14:00:00,0.11485576237898808,0.0004364225806486052,-0.0,0.0,0.08027375495963668,0.3074686683311687,0.03501843
2019-12-02 15:00:00,0.0797503466352442,0.0002777234604127488,-0.0,0.0,0.03762628009565695,0.34321363442204283,0.04240179
2019-12-02 16:00:00,0.03625015756147464,0.000357073020530677,-0.0,0.0,0.00533876058200532,0.3482854569749479,0.03126847
2019-12-02 17:00:00,0.00648687030047441,0.0007538208211203181,-0.0,0.037287458878405275,-0.0,0.3090355002608371,0.04452815
2019-12-02 18:00:00,-0.0,0.0017853651026533848,-0.0,0.07338600489734662,-0.0,0.2317870740531038,0.07517137
2019-12-02 19:00:00,-0.0,0.0032533319648350573,-0.0,0.03682348803516494,-0.0,0.1930255077002986,0.04007682
2019-12-02 20:00:00,-0.0,0.004443575366603981,-0.0,0.016672294633396017,-0.0,0.17547572387567123,0.02111587
2019-12-02 21:00:00,-0.0,0.005038697067488442,-0.0,0.03046518293251156,-0.0,0.14340711026250116,0.03550388
2019-12-02 22:00:00,-0.0,0.005276745747842227,-0.0,0.015085224252157773,-0.0,0.12752792683917719,0.02036197
2019-12-02 23:00:00,-0.0,0.005038697067488442,-0.0,0.005924822932511557,-0.0,0.12129127112074396,0.01096352
2019-12-03 00:00:00,-0.0,0.005395770088019119,-0.0,0.00848104991198088,-0.0,0.11236385016076408,0.01387682
2019-12-03 01:00:00,-0.0,0.005038697067488442,-0.0,0.008934442932511558,-0.0,0.10295917338969929,0.01397314
2019-12-03 02:00:00,-0.0,0.0047609736070756935,-0.0,0.004288216392924305,-0.0,0.09844526139714739,0.009049189999999999
2019-12-03 03:00:00,-0.0,0.0057528431085497956,-0.0,0.003139822891450205,-0.0,0.09514018466930507,0.008892666
2019-12-03 04:00:00,-0.0,0.00626861524931633,-0.0,0.01555397475068367,-0.0,0.07876757966858543,0.02182259
2019-12-03 05:00:00,-0.0,0.0069034117302597545,-0.0,0.026498608269740244,-0.0,0.05087430780570096,0.03340202
2019-12-03 06:00:00,-0.0,0.006784387390082864,-0.0,0.02654866260991714,-0.0,0.022928347163682923,0.03333305
2019-12-03 07:00:00,0.027473803625538674,0.006030566568962545,-0.0,0.021781929805498777,-0.0,-0.0,0.0552863
2019-12-03 08:00:00,0.05903731941345499,0.004403900586545016,-0.0,0.0,-0.0,-0.0,0.06344122
2019-12-03 09:00:00,0.05980795,-0.0,-0.0,0.0,-0.0,-0.0,0.05980795
2019-12-03 10:00:00,0.07372555,-0.0,-0.0,0.0,-0.0,-0.0,0.07372555
2019-12-03 11:00:00,0.07283789,-0.0,-0.0,0.0,-0.0,-0.0,0.07283789
2019-12-03 12:00:00,0.10723467052935984,-0.0,-0.0,0.0,0.03321409052935985,0.031553386002891856,0.07402057999999999
2019-12-03 13:00:00,0.19880349567924516,0.0037294293255426265,-0.0,0.0,0.1250511650047878,0.15035199275744027,0.07748176
2019-12-03 14:00:00,0.1438558884281678,0.0032533319648350573,-0.0,0.0,0.09293696039300285,0.23864210513079298,0.05417226
2019-12-03 15:00:00,0.08089508845297498,0.0033326815249529857,-0.0,0.0,0.03350914997792797,0.27047579760982454,0.05071862
2019-12-03 16:00:00,0.02976328726100023,0.00646698914961115,-0.0,0.000663973589388623,-0.0,0.26977687804204703,0.03689425
2019-12-03 17:00:00,0.003815806059102594,0.013806823460519509,-0.0,0.0489358004803779,-0.0,0.21826550911533346,0.06655843
2019-12-03 18:00:00,-0.0,0.020035763929776875,-0.0,0.052316046070223124,-0.0,0.16319598693615123,0.07235181
2019-12-03 19:00:00,-0.0,0.02182112903243026,-0.0,0.07172787096756975,-0.0,0.0876929648650252,0.09354900000000001
2019-12-03 20:00:00,-0.0,0.023051047214258148,-0.0,0.029251072785741853,-0.0,0.05690236193266536,0.05230212
2019-12-03 21:00:00,-0.0,0.02035316217024859,-0.0,0.01660688782975141,-0.0,0.0394214273750323,0.03696005
2019-12-03 22:00:00,-0.0,0.017734626686356957,-0.0,0.005981223313643043,-0.0,0.03312540283435541,0.02371585
2019-12-03 23:00:00,-0.0,0.015671538123290824,-0.0,0.0,0.0005255081232908246,0.033624635551481694,0.01514603
2019-12-04 00:00:00,-0.0,0.014362270381345008,-0.0,0.0,0.0022554703813450084,0.03576733241375945,0.0121068
2019-12-04 01:00:00,-0.0,0.013806823460519509,-0.0,0.0,0.006800995460519509,0.04222827810125298,0.007005828
2019-12-04 02:00:00,-0.0,0.013251376539694014,-0.0,0.0,0.0035492495396940126,0.04560006516396229,0.009702127000000001
2019-12-04 03:00:00,-0.0,0.012338856598337838,-0.0,0.0005634934016621618,-0.0,0.04500691421484423,0.01290235
2019-12-04 04:00:00,-0.0,0.012299181818278875,-0.0,0.0021011881817211246,-0.0,0.04279513718145357,0.01440037
2019-12-04 05:00:00,-0.0,0.01321170175963505,-0.0,0.014380738240364949,-0.0,0.027657517981069413,0.02759244
2019-12-04 06:00:00,-0.0,0.012100807917984053,-0.0,0.026274642082015943,-0.0,-0.0,0.03837545
2019-12-04 07:00:00,0.012231657683195228,0.011307312316804772,-0.0,0.0,-0.0,-0.0,0.02353897
2019-12-04 08:00:00,0.05021538,-0.0,-0.0,0.0,-0.0,-0.0,0.05021538
2019-12-04 09:00:00,0.04782829340166216,0.012338856598337838,-0.0,0.0,-0.0,-0.0,0.06016715
2019-12-04 10:00:00,0.03042491,-0.0,-0.0,0.0,-0.0,-0.0,0.03042491
2019-12-04 11:00:00,0.043513490117180885,0.015354139882819112,-0.0,0.0,-0.0,-0.0,0.05886763
2019-12-04 12:00:00,0.028760950938301208,0.014600319061698792,-0.0,0.0,-0.0,-0.0,0.04336127
2019-12-04 13:00:00,0.02249999653948049,0.013806823460519509,-0.0,0.0,-0.0,-0.0,0.03630682
2019-12-04 14:00:00,0.1610665318313378,0.013053002639399193,-0.0,0.0,0.09951818447073697,0.09454227524720012,0.07460135
2019-12-04 15:00:00,0.03469412258054184,0.013092677419458158,-0.0,0.0,-0.0,0.09454227524720012,0.0477868
2019-12-04 16:00:00,0.10569782783714186,0.014044872140873294,-0.0,0.0,0.07093151997801515,0.1619272192263145,0.04881118
2019-12-04 17:00:00,0.03434225453192334,0.016068285923880467,-0.0,0.014215649544196192,-0.0,0.14696337760084482,0.06462619
2019-12-04 18:00:00,-0.0,0.017972675366710742,-0.0,0.05250304463328925,-0.0,0.09169701482896139,0.07047571999999999
2019-12-04 19:00:00,-0.0,0.01948031700895138,-0.0,0.03654987299104862,-0.0,0.053223464312068106,0.05603019
2019-12-04 20:00:00,-0.0,0.01959934134912827,-0.0,0.01637540865087173,-0.0,0.0359861920479926,0.03597475
2019-12-04 21:00:00,-0.0,0.020908609091074087,-0.0,0.0139624409089259,-0.0,0.021288885828070602,0.03487104999999999
2019-12-04 22:00:00,-0.0,0.019519991789010344,-0.0,0.002709848210989657,-0.0,0.018436414027028857,0.02222984
2019-12-04 23:00:00,-0.0,0.019242268328597593,-0.0,0.0,0.006718978328597594,0.02481944343919657,0.01252329
2019-12-05 00:00:00,-0.0,0.017258529325649388,-0.0,0.0,0.010748215325649386,0.03503024799856349,0.006510314000000001
2019-12-05 01:00:00,-0.0,0.015195440762583255,-0.0,0.0,0.008737337762583255,0.04333071887301758,0.006458103000000001
2019-12-05 02:00:00,-0.0,0.014401945161403971,-0.0,0.0,0.007252532161403971,0.05022062442635135,0.007149413
2019-12-05 03:00:00,-0.0,0.013767148680460545,-0.0,0.0,0.007018733680460546,0.05688842142278887,0.006748415
2019-12-05 04:00:00,-0.0,0.012219832258160946,-0.0,0.015069427741839054,-0.0,0.04102586590506355,0.02728926
2019-12-05 05:00:00,-0.0,0.010870889736156167,-0.0,0.01770315026384383,-0.0,0.0223909708904911,0.02857404
2019-12-05 06:00:00,-0.0,0.009442597654033458,-0.0,0.021271422345966545,-0.0,-0.0,0.03071402
2019-12-05 07:00:00,0.04168057,-0.0,-0.0,0.0,-0.0,-0.0,0.04168057
2019-12-05 08:00:00,0.06082426,-0.0,-0.0,0.0,-0.0,-0.0,0.06082426
2019-12-05 09:00:00,0.05586596,-0.0,-0.0,0.0,-0.0,-0.0,0.05586596
2019-12-05 10:00:00,0.05553419,-0.0,-0.0,0.0,-0.0,-0.0,0.05553419
2019-12-05 11:00:00,0.03285620434007013,0.01341007565992987,-0.0,0.0,-0.0,-0.0,0.04626628
2019-12-05 12:00:00,0.07188195697936256,0.013886173020637438,-0.0,0.0,-0.0,-0.0,0.08576813
2019-12-05 13:00:00,0.056855631260895635,0.012854628739104373,-0.0,0.0,-0.0,-0.0,0.06971026000000001
2019-12-05 14:00:00,0.061920989595443246,-0.0,-0.0,0.0,0.004468969595443248,0.004245521115671086,0.05745202
2019-12-05 15:00:00,0.1682770472064244,0.012100807917984053,-0.0,0.0,0.12318075512440844,0.1212672384838591,0.0571971
2019-12-05 16:00:00,0.11294785934943677,0.012695929618868515,-0.0,0.0,0.09827397896830528,0.21462751850374912,0.02736981
2019-12-05 17:00:00,0.04197386665012853,0.013925847800696401,-0.0,0.0,0.005045694450824936,0.2194209282320328,0.05085402
2019-12-05 18:00:00,-0.0,0.015393814662878076,-0.0,0.06625465533712192,-0.0,0.14967918577190445,0.08164847
2019-12-05 19:00:00,-0.0,0.017060155425354568,-0.0,0.05303417457464543,-0.0,0.09385373885122505,0.07009433
2019-12-05 20:00:00,-0.0,0.018250398827123492,-0.0,0.025935811172876504,-0.0,0.06655288498503927,0.04418621
2019-12-05 21:00:00,-0.0,0.018290073607182458,-0.0,0.010892836392817542,-0.0,0.055086741413652385,0.02918291
2019-12-05 22:00:00,-0.0,0.016742757184882856,-0.0,0.007724482815117145,-0.0,0.046955706871423815,0.02446724
2019-12-05 23:00:00,-0.0,0.014838367742052577,-0.0,0.002792292257947422,-0.0,0.04401645186305811,0.01763066
2019-12-06 00:00:00,-0.0,0.013846498240578474,-0.0,0.0,0.0041552442405784745,0.04796393389160766,0.009691254
2019-12-06 01:00:00,-0.0,0.014322595601286044,-0.0,0.0,0.0013039756012860441,0.0492027107128294,0.01301862
2019-12-06 02:00:00,-0.0,0.0144812947215219,-0.0,0.0,0.0043641847215219,0.05334868619827521,0.01011711
2019-12-06 03:00:00,-0.0,0.01408454692093226,-0.0,0.0,0.003067416920932259,0.05626273227316085,0.01101713
2019-12-06 04:00:00,-0.0,0.014203571261109152,-0.0,0.007575018738890849,-0.0,0.04828902833748627,0.02177859
2019-12-06 05:00:00,-0.0,0.013608449560224691,-0.0,0.014614520439775309,-0.0,0.032905322611407,0.02822297
2019-12-06 06:00:00,-0.0,0.012894303519163337,-0.0,0.03126005648083666,-0.0,-0.0,0.04415436
2019-12-06 07:00:00,0.03557905208201594,0.012100807917984053,-0.0,0.0,-0.0,-0.0,0.04767986
2019-12-06 08:00:00,0.06887958999999999,-0.0,-0.0,0.0,-0.0,-0.0,0.06887958999999999
2019-12-06 09:00:00,0.067824669618655,0.014362270381345008,-0.0,0.0,-0.0,-0.0,0.08218694000000001
2019-12-06 10:00:00,0.05679937,-0.0,-0.0,0.0,-0.0,-0.0,0.05679937
2019-12-06 11:00:00,0.052149791114232666,0.017337878885767318,-0.0,0.0,-0.0,-0.0,0.06948766999999999
2019-12-06 12:00:00,0.04898727231659124,0.01575088768340875,-0.0,0.0,-0.0,-0.0,0.06473815999999999
2019-12-06 13:00:00,0.1476108785835872,-0.0,-0.0,0.0,0.0746844285835872,0.07095020715440783,0.07292645
2019-12-06 14:00:00,0.19847999962458288,-0.0,-0.0,0.0,0.13325520962458287,0.19754265629776155,0.06522479
2019-12-06 15:00:00,0.16789546660051413,0.014124221700991223,-0.0,0.0,0.12388211830150536,0.31523066868419164,0.05813757
2019-12-06 16:00:00,0.10913205329033418,0.014163896481050186,-0.0,0.0,0.07079071977138437,0.3824818524670068,0.05250523
2019-12-06 17:00:00,0.038158060591025944,0.014798692961993614,-0.0,0.03288981644698044,-0.0,0.34786099304913265,0.08584657
2019-12-06 18:00:00,-0.0,0.015790562463467717,-0.0,0.09437253753653228,-0.0,0.24852147985278286,0.1101631
2019-12-06 19:00:00,-0.0,0.01638568416435218,-0.0,0.05483914583564782,-0.0,0.1907960631836799,0.07122483
2019-12-06 20:00:00,-0.0,0.016663407624764925,-0.0,0.034766162375235075,-0.0,0.15420010278869561,0.05142957
2019-12-06 21:00:00,-0.0,0.017417228445885245,-0.0,0.025208501554114755,-0.0,0.12766483799489062,0.04262573
2019-12-06 22:00:00,-0.0,0.017536252786062138,-0.0,0.011211817213937863,-0.0,0.11586292513811393,0.02874807
2019-12-06 23:00:00,-0.0,0.01614763548399839,-0.0,0.0009845445160016099,-0.0,0.11482656248969118,0.01713218
2019-12-07 00:00:00,-0.0,0.014362270381345008,-0.0,0.00025248961865499166,-0.0,0.11456078394373856,0.01461476
2019-12-07 01:00:00,-0.0,0.013251376539694014,-0.0,7.843346030598532e-05,-0.0,0.11447822240657436,0.01332981
2019-12-07 02:00:00,-0.0,0.011346987096863735,-0.0,0.0013041529031362648,-0.0,0.11310542987695724,0.01265114
2019-12-07 03:00:00,-0.0,0.011029588856392023,-0.0,0.0011236311436079761,-0.0,0.11192266025210673,0.01215322
2019-12-07 04:00:00,-0.0,0.00964097155432828,-0.0,0.023751148445671718,-0.0,0.08692145136192597,0.03339212
2019-12-07 05:00:00,-0.0,0.009244223753738639,-0.0,0.037801106246261366,-0.0,0.04713081320796664,0.04704533
2019-12-07 06:00:00,-0.0,0.008768126393031069,-0.0,0.03696555360696893,-0.0,0.008219704147999342,0.04573368
2019-12-07 07:00:00,0.04044754422648749,0.00868877683291314,-0.0,0.007808718940599375,-0.0,-0.0,0.05694504
2019-12-07 08:00:00,0.06100101,-0.0,-0.0,0.0,-0.0,-0.0,0.06100101
2019-12-07 09:00:00,0.09178588,-0.0,-0.0,0.0,-0.0,-0.0,0.09178588
2019-12-07 10:00:00,0.08203508999999999,-0.0,-0.0,0.0,-0.0,-0.0,0.08203508999999999
2019-12-07 11:00:00,0.08345180205264066,0.01840909794735935,-0.0,0.0,-0.0,-0.0,0.1018609
2019-12-07 12:00:00,0.09807359,-0.0,-0.0,0.0,-0.0,-0.0,0.09807359
2019-12-07 13:00:00,0.03798013612886695,0.020948283871133053,-0.0,0.0,-0.0,-0.0,0.05892842
2019-12-07 14:00:00,0.20441781962458289,-0.0,-0.0,0.0,0.13325520962458287,0.1265924491433537,0.07116261
2019-12-07 15:00:00,0.1576165892781879,-0.0,-0.0,0.0,0.08034571927818789,0.2029208824576322,0.07727087
2019-12-07 16:00:00,0.11180311753170599,0.021464056011899584,-0.0,0.0,0.08457383354360558,0.2832660243240575,0.04869334
2019-12-07 17:00:00,0.038158060591025944,0.020234137830071698,-0.0,0.011891571578902367,-0.0,0.27074858055679185,0.07028377000000001
2019-12-07 18:00:00,-0.0,0.018488447507477277,-0.0,0.06450645249252272,-0.0,0.20284705161729427,0.0829949
2019-12-07 19:00:00,-0.0,0.01670308240482389,-0.0,0.06530459759517611,-0.0,0.13410536993816152,0.08200768
2019-12-07 20:00:00,-0.0,0.015314465102760147,-0.0,0.04700609489723985,-0.0,0.08462527004633011,0.06232056
2019-12-07 21:00:00,-0.0,0.013251376539694014,-0.0,0.018476943460305983,-0.0,0.06517585587758697,0.03172832
2019-12-07 22:00:00,-0.0,0.012418206158455767,-0.0,0.009444873841544233,-0.0,0.05523388341280356,0.02186308
2019-12-07 23:00:00,-0.0,0.011783409677512341,-0.0,0.00825495032248766,-0.0,0.04654446202071129,0.02003836
2019-12-08 00:00:00,-0.0,0.010275768035271705,-0.0,0.0,0.0004608630352717063,0.04698228190421941,0.009814904999999999
2019-12-08 01:00:00,-0.0,0.00956162199421035,-0.0,0.0,0.00036135199421035054,0.04732556629871924,0.00920027
2019-12-08 02:00:00,-0.0,0.009879020234682064,-0.0,0.0,0.0028007002346820643,0.0499862315216672,0.00707832
2019-12-08 03:00:00,-0.0,0.008847475953148998,-0.0,0.0,0.0015516649531489984,0.05146031322715875,0.007295810999999999
2019-12-08 04:00:00,-0.0,0.007974630791851787,-0.0,0.012874629208148214,-0.0,0.03790807195542379,0.02084926
2019-12-08 05:00:00,-0.0,0.007260484750790432,-0.0,0.01893132524920957,-0.0,0.01798036116678214,0.02619181
2019-12-08 06:00:00,-0.0,0.007776256891556966,-0.0,0.017081343108443035,-0.0,-0.0,0.0248576
2019-12-08 07:00:00,0.020977317829858174,0.0068240621701418265,-0.0,0.0,-0.0,-0.0,0.02780138
2019-12-08 08:00:00,0.04179763,-0.0,-0.0,0.0,-0.0,-0.0,0.04179763
2019-12-08 09:00:00,0.05416217,-0.0,-0.0,0.0,-0.0,-0.0,0.05416217
2019-12-08 10:00:00,0.039180807448619924,0.0076572325513800735,-0.0,0.0,-0.0,-0.0,0.04683804
2019-12-08 11:00:00,0.04579849310844303,0.007776256891556966,-0.0,0.0,-0.0,-0.0,0.05357475
2019-12-08 12:00:00,0.06995922,-0.0,-0.0,0.0,-0.0,-0.0,0.06995922
2019-12-08 13:00:00,0.06278913222867888,0.00761755777132111,-0.0,0.0,-0.0,-0.0,0.07040669
2019-12-08 14:00:00,0.16545569467611448,-0.0,-0.0,0.0,0.11843649467611447,0.11251466994230874,0.0470192
2019-12-08 15:00:00,0.15721120963502686,0.009283898533797602,-0.0,0.0,0.11808841816882445,0.22469866720269197,0.04840669
2019-12-08 16:00:00,0.09539515147756485,0.011029588856392023,-0.0,0.0,0.053250120333956874,0.275286281519951,0.05317462
2019-12-08 17:00:00,0.03167119029055153,0.01341007565992987,-0.0,0.003462974049518605,-0.0,0.27164104567835246,0.04854424
2019-12-08 18:00:00,-0.0,0.015949261583703574,-0.0,0.06980931841629642,-0.0,0.19815755260856674,0.08575858
2019-12-08 19:00:00,-0.0,0.016941131085177676,-0.0,0.053155228914822335,-0.0,0.1422046800666485,0.07009636000000001
2019-12-08 20:00:00,-0.0,0.016742757184882856,-0.0,0.017029892815117145,-0.0,0.12427847710336729,0.03377265
2019-12-08 21:00:00,-0.0,0.01670308240482389,-0.0,0.01113638759517611,-0.0,0.11255596384528717,0.02783947
2019-12-08 22:00:00,-0.0,0.015512839003054968,-0.0,0.0056689909969450305,-0.0,0.1065886049011345,0.02118183
2019-12-08 23:00:00,-0.0,0.013608449560224691,-0.0,0.0037285804397753086,-0.0,0.10266378338558155,0.01733703
2019-12-09 00:00:00,-0.0,0.01206113313792509,-0.0,0.0,4.4873137925088846e-05,0.10270641286661038,0.01201626
2019-12-09 01:00:00,-0.0,0.011029588856392023,-0.0,0.0,0.0028849008563920225,0.1054470686801828,0.008144688
2019-12-09 02:00:00,-0.0,0.010236093255212741,-0.0,0.0010382467447872593,-0.0,0.10435417736988042,0.01127434
2019-12-09 03:00:00,-0.0,0.009482272434092422,-0.0,0.002288217565907578,-0.0,0.10194552730050403,0.01177049
2019-12-09 04:00:00,-0.0,0.008252354252264536,-0.0,0.019778315747735465,-0.0,0.08112624756604565,0.02803067
2019-12-09 05:00:00,-0.0,0.00781593167161593,-0.0,0.02867147832838407,-0.0,0.05094574406248348,0.03648741
2019-12-09 06:00:00,-0.0,0.0069034117302597545,-0.0,0.030658478269740247,-0.0,0.018673661673283225,0.03756189
2019-12-09 07:00:00,0.04273702786194905,0.005673493548431868,-0.0,0.017739978589619065,-0.0,-0.0,0.06615049999999999
2019-12-09 08:00:00,0.06678956999999999,-0.0,-0.0,0.0,-0.0,-0.0,0.06678956999999999
2019-12-09 09:00:00,0.05477301,-0.0,-0.0,0.0,-0.0,-0.0,0.05477301
2019-12-09 10:00:00,0.03872596,-0.0,-0.0,0.0,-0.0,-0.0,0.03872596
2019-12-09 11:00:00,0.1223102,-0.0,-0.0,0.0,-0.0,-0.0,0.1223102
2019-12-09 12:00:00,0.09432863999999999,-0.0,-0.0,0.0,-0.0,-0.0,0.09432863999999999
2019-12-09 13:00:00,0.07911125436944542,0.007101785630554576,-0.0,0.0,-0.0,-0.0,0.08621304
2019-12-09 14:00:00,0.18760405356850096,-0.0,-0.0,0.0,0.10686217356850097,0.10151906489007592,0.08074187999999999
2019-12-09 15:00:00,0.1709481114477962,0.006228940469257365,-0.0,0.0,0.10919531191705356,0.2052546112112768,0.06798174
2019-12-09 16:00:00,0.11218469813761625,0.005951217008844617,-0.0,0.0,0.06625489514646087,0.2681967616004146,0.05188102
2019-12-09 17:00:00,0.04044754422648749,0.006308290029375294,-0.0,0.0014841157441372113,-0.0,0.2666345345013228,0.04823995
2019-12-09 18:00:00,-0.0,0.007339834310908361,-0.0,0.051404355689091644,-0.0,0.2125246864075421,0.05874419
2019-12-09 19:00:00,-0.0,0.008768126393031069,-0.0,0.06474715360696894,-0.0,0.1443697878738906,0.07351528
2019-12-09 20:00:00,-0.0,0.010712190615920311,-0.0,0.018454979384079688,-0.0,0.12494349378538566,0.02916717
2019-12-09 21:00:00,-0.0,0.011386661876922699,-0.0,0.0166899381230773,-0.0,0.10737513786635693,0.0280766
2019-12-09 22:00:00,-0.0,0.01098991407633306,-0.0,0.013383455923666939,-0.0,0.09328728952565489,0.02437337
2019-12-09 23:00:00,-0.0,0.010791540176038238,-0.0,0.008757629823961763,-0.0,0.08406873181622146,0.01954917
2019-12-10 00:00:00,-0.0,0.009045849853443817,-0.0,0.005569860146556183,-0.0,0.07820572113563601,0.01461571
2019-12-10 01:00:00,-0.0,0.0074985334311442175,-0.0,0.0028016465688557833,-0.0,0.07525661948420886,0.01030018
2019-12-10 02:00:00,-0.0,0.007260484750790432,-0.0,0.000942918249209568,-0.0,0.07426407395872511,0.008203403
2019-12-10 03:00:00,-0.0,0.006943086510318719,-0.0,0.002551572489681282,-0.0,0.07157820818011323,0.009494659
2019-12-10 04:00:00,-0.0,0.006625688269847007,-0.0,0.007917361730152993,-0.0,0.06324414320100483,0.01454305
2019-12-10 05:00:00,-0.0,0.0065066639296701145,-0.0,0.029569696070329887,-0.0,0.03211814733749969,0.03607636
2019-12-10 06:00:00,-0.0,0.006308290029375294,-0.0,0.030512239970624702,-0.0,-0.0,0.03682053
2019-12-10 07:00:00,0.052121422492629486,0.004959347507370514,-0.0,0.0,-0.0,-0.0,0.05708077
2019-12-10 08:00:00,0.05606822,-0.0,-0.0,0.0,-0.0,-0.0,0.05606822
2019-12-10 09:00:00,0.04837862211139124,0.00579251788860876,-0.0,0.0,-0.0,-0.0,0.05417114
2019-12-10 10:00:00,0.05728658,-0.0,-0.0,0.0,-0.0,-0.0,0.05728658
2019-12-10 11:00:00,0.06827146,-0.0,-0.0,0.0,-0.0,-0.0,0.06827146
2019-12-10 12:00:00,0.06502116284378864,-0.0,-0.0,0.0,0.007380812843788641,0.007011772201599209,0.05764035
2019-12-10 13:00:00,0.19061468563626893,0.005594143988313939,-0.0,0.0,0.13325520962458287,0.13360422134495292,0.06295362
2019-12-10 14:00:00,0.19613117962458287,-0.0,-0.0,0.0,0.13325520962458287,0.26019667048830664,0.06287597
2019-12-10 15:00:00,0.19804033446742464,0.004007152785955375,-0.0,0.0,0.11827401725338,0.3725569868790176,0.08377347
2019-12-10 16:00:00,0.12554001934447534,0.002935933724363344,-0.0,0.0,0.06012074306883869,0.42967169279441436,0.06835521
2019-12-10 17:00:00,0.04769757573878242,0.002499511143714739,-0.0,0.0,0.0016861668824971615,0.43127355133278666,0.04851092
2019-12-10 18:00:00,-0.0,0.003927803225837447,-0.0,0.12634859677416255,-0.0,0.29827502841261555,0.1302764
2019-12-10 19:00:00,-0.0,0.005356095307960156,-0.0,0.07039479469203985,-0.0,0.2241752445262578,0.07575089
2019-12-10 20:00:00,-0.0,0.0064273143695521865,-0.0,0.033506695630447815,-0.0,0.18890503859947064,0.03993401
2019-12-10 21:00:00,-0.0,0.007062110850495611,-0.0,0.03607125914950439,-0.0,0.15093529212630813,0.04313337
2019-12-10 22:00:00,-0.0,0.007181135190672504,-0.0,0.021321794809327495,-0.0,0.12849129759017391,0.02850293
2019-12-10 23:00:00,-0.0,0.006943086510318719,-0.0,0.008514743489681282,-0.0,0.11952840970629887,0.01545783
2019-12-11 00:00:00,-0.0,0.006665363049905971,-0.0,0.004383996950094028,-0.0,0.11491367607462094,0.01104936
2019-12-11 01:00:00,-0.0,0.005832192668667724,-0.0,0.009619567331332277,-0.0,0.10478781572585012,0.01545176
2019-12-11 02:00:00,-0.0,0.004999022287429478,-0.0,0.004926791712570523,-0.0,0.0996017191863022,0.009925814000000002
2019-12-11 03:00:00,-0.0,0.004721298827016729,-0.0,0.005759281172983271,-0.0,0.09353931795158296,0.01048058
2019-12-11 04:00:00,-0.0,0.004284876246368124,-0.0,0.021062393753631878,-0.0,0.07136837715828626,0.02534727
2019-12-11 05:00:00,-0.0,0.004086502346073303,-0.0,0.0378828276539267,-0.0,0.03149171646994237,0.04196933
2019-12-11 06:00:00,-0.0,0.004284876246368124,-0.0,0.029899493753631875,-0.0,1.8565150329873904e-05,0.03418437
2019-12-11 07:00:00,0.05303970422152606,0.003808778885660555,-0.0,1.763689281338021e-05,-0.0,-0.0,0.05686612
2019-12-11 08:00:00,0.05838388,-0.0,-0.0,0.0,-0.0,-0.0,0.05838388
2019-12-11 09:00:00,0.04089145,-0.0,-0.0,0.0,-0.0,-0.0,0.04089145
2019-12-11 10:00:00,0.06422813,-0.0,-0.0,0.0,-0.0,-0.0,0.06422813
2019-12-11 11:00:00,0.03936942,-0.0,-0.0,0.0,-0.0,-0.0,0.03936942
2019-12-11 12:00:00,0.08619721161286534,0.004800648387134657,-0.0,0.0,-0.0,-0.0,0.09099786
2019-12-11 13:00:00,0.1697438199222555,-0.0,-0.0,0.0,0.0927524299222555,0.08811480842614272,0.07699138999999999
2019-12-11 14:00:00,0.20396432962458289,-0.0,-0.0,0.0,0.13325520962458287,0.21470725756949643,0.07070912
2019-12-11 15:00:00,0.19788852962458287,-0.0,-0.0,0.0,0.13325520962458287,0.34129970671285015,0.06463332
2019-12-11 16:00:00,0.11676366540853937,0.003094632844599201,-0.0,0.0,0.051846378253138564,0.39055376605333175,0.06801192
2019-12-11 17:00:00,0.040829124832397756,0.0032533319648350573,-0.0,0.03398141320276718,-0.0,0.35478385741884,0.07806387
2019-12-11 18:00:00,-0.0,0.004046827566014339,-0.0,0.06527852243398566,-0.0,0.2860696232778025,0.06932535
2019-12-11 19:00:00,-0.0,0.004999022287429478,-0.0,0.07387391771257053,-0.0,0.20830760463299142,0.07887294
2019-12-11 20:00:00,-0.0,0.005633818768372903,-0.0,0.033441201231627096,-0.0,0.17310634017864712,0.03907502
2019-12-11 21:00:00,-0.0,0.005832192668667724,-0.0,0.044371767331332274,-0.0,0.12639921667198156,0.05020396
2019-12-11 22:00:00,-0.0,0.005435444868078084,-0.0,0.013832315131921916,-0.0,0.11183888495416901,0.01926776
2019-12-11 23:00:00,-0.0,0.005237070967783263,-0.0,0.011335519032216738,-0.0,0.09990675965709876,0.01657259
2019-12-12 00:00:00,-0.0,0.0049196727273115495,-0.0,0.00044152727268845053,-0.0,0.0994419941069004,0.0053612
2019-12-12 01:00:00,-0.0,0.004522924926721909,-0.0,0.007919125073278091,-0.0,0.09110607297713398,0.01244205
2019-12-12 02:00:00,-0.0,0.00424520146630916,-0.0,0.00809223853369084,-0.0,0.08258792715219626,0.01233744
2019-12-12 03:00:00,-0.0,0.00424520146630916,-0.0,0.0032537295336908384,-0.0,0.0791629486956796,0.007498930999999999
2019-12-12 04:00:00,-0.0,0.004284876246368124,-0.0,0.017417543753631876,-0.0,0.0608286921129092,0.02170242
2019-12-12 05:00:00,-0.0,0.004324551026427088,-0.0,0.02152820897357291,-0.0,0.038167419509148245,0.02585276
2019-12-12 06:00:00,-0.0,0.00424520146630916,-0.0,0.03625904853369084,-0.0,-0.0,0.04050425
2019-12-12 07:00:00,0.036911531114339445,0.003808778885660555,-0.0,0.0,-0.0,-0.0,0.04072031
2019-12-12 08:00:00,0.04103171,-0.0,-0.0,0.0,-0.0,-0.0,0.04103171
2019-12-12 09:00:00,0.05075048,-0.0,-0.0,0.0,-0.0,-0.0,0.05075048
2019-12-12 10:00:00,0.06868174173015298,0.006625688269847007,-0.0,0.0,-0.0,-0.0,0.07530743
2019-12-12 11:00:00,0.06690590134891475,0.007458858651085253,-0.0,0.0,-0.0,-0.0,0.07436476
2019-12-12 12:00:00,0.09210693,-0.0,-0.0,0.0,-0.0,-0.0,0.09210693
2019-12-12 13:00:00,0.19498194962458287,-0.0,-0.0,0.0,0.13325520962458287,0.1265924491433537,0.06172674
2019-12-12 14:00:00,0.058273896790590966,-0.0,-0.0,0.0,0.02078707679059097,0.14634017209441513,0.03748682
2019-12-12 15:00:00,0.18357950795296696,0.00781593167161593,-0.0,0.0,0.13325520962458287,0.27293262123776885,0.05814023
2019-12-12 16:00:00,0.12248737449719327,0.007141460410613539,-0.0,0.0,0.07675317490780681,0.34584813740018533,0.05287566
2019-12-12 17:00:00,0.03968438301466697,0.007220809970731468,-0.0,0.022235947014601548,-0.0,0.3224418773848153,0.06914113999999999
2019-12-12 18:00:00,-0.0,0.006784387390082864,-0.0,0.052023912609917136,-0.0,0.2676798641112183,0.0588083
2019-12-12 19:00:00,-0.0,0.006189265689198402,-0.0,0.0630820243108016,-0.0,0.20127773325774295,0.06927129
2019-12-12 20:00:00,-0.0,0.006149590909139437,-0.0,0.030940919090860563,-0.0,0.16870834474104762,0.03709051
2019-12-12 21:00:00,-0.0,0.005871867448726688,-0.0,0.023905672551273315,-0.0,0.14354447889760202,0.02977754
2019-12-12 22:00:00,-0.0,0.006189265689198402,-0.0,0.019269484310801596,-0.0,0.12326081120202141,0.02545875
2019-12-12 23:00:00,-0.0,0.005713168328490832,-0.0,0.010890071671509165,-0.0,0.11179757786359071,0.01660324
2019-12-13 00:00:00,-0.0,0.005276745747842227,-0.0,0.005692394252157774,-0.0,0.10580558391395095,0.01096914
2019-12-13 01:00:00,-0.0,0.0049196727273115495,-0.0,0.001777087272688451,-0.0,0.10393496573217363,0.00669676
2019-12-13 02:00:00,-0.0,0.0049196727273115495,-0.0,0.0029919362726884505,-0.0,0.10078555912934369,0.007911609
2019-12-13 03:00:00,-0.0,0.0046022744868398375,-0.0,0.006464645513160162,-0.0,0.09398066911549088,0.01106692
2019-12-13 04:00:00,-0.0,0.004562599706780873,-0.0,0.017937160293219127,-0.0,0.0750994477542076,0.02249976
2019-12-13 05:00:00,-0.0,0.004641949266898801,-0.0,0.0336406707331012,-0.0,0.03968821540357475,0.03828262
2019-12-13 06:00:00,-0.0,0.004443575366603981,-0.0,0.03770380463339602,-0.0,-0.0,0.04214738
2019-12-13 07:00:00,0.04513243457475219,0.0035310554252478057,-0.0,0.0,-0.0,-0.0,0.04866349
2019-12-13 08:00:00,0.0541308,-0.0,-0.0,0.0,-0.0,-0.0,0.0541308
2019-12-13 09:00:00,0.06726079,-0.0,-0.0,0.0,-0.0,-0.0,0.06726079
2019-12-13 10:00:00,0.05918677,-0.0,-0.0,0.0,-0.0,-0.0,0.05918677
2019-12-13 11:00:00,0.0691503968914502,0.0057528431085497956,-0.0,0.0,-0.0,-0.0,0.07490324
2019-12-13 12:00:00,0.058600410791745036,0.005554469208254976,-0.0,0.0,-0.0,-0.0,0.06415488000000001
2019-12-13 13:00:00,0.21056731962458286,-0.0,-0.0,0.0,0.13325520962458287,0.1265924491433537,0.07731211
2019-12-13 14:00:00,0.16826875421332274,-0.0,-0.0,0.0,0.10314627421332274,0.2245814096460103,0.06512248
2019-12-13 15:00:00,0.19765875386151438,0.005038697067488442,-0.0,0.0,0.1261294209290028,0.34440435952856296,0.07656803
2019-12-13 16:00:00,0.11981631025582144,0.005356095307960156,-0.0,0.0,0.05522896556378161,0.3968718768141555,0.06994344
2019-12-13 17:00:00,0.040829124832397756,0.006189265689198402,-0.0,0.0054681294784038464,-0.0,0.3911159510474146,0.05248652
2019-12-13 18:00:00,-0.0,0.00646698914961115,-0.0,0.07986170085038885,-0.0,0.3070510027838474,0.08632869
2019-12-13 19:00:00,-0.0,0.005871867448726688,-0.0,0.0621843125512733,-0.0,0.2415938316772439,0.06805618
2019-12-13 20:00:00,-0.0,0.0065066639296701145,-0.0,0.04376287607032989,-0.0,0.19552764634005457,0.05026954
2019-12-13 21:00:00,-0.0,0.0064273143695521865,-0.0,0.02369192563044781,-0.0,0.17058877725537266,0.03011924
2019-12-13 22:00:00,-0.0,0.006070241349021509,-0.0,0.01363686865097849,-0.0,0.1562341786753953,0.01970711
2019-12-13 23:00:00,-0.0,0.005594143988313939,-0.0,0.010761466011686061,-0.0,0.14490631971572576,0.01635561
2019-12-14 00:00:00,-0.0,0.005713168328490832,-0.0,0.009267491671509167,-0.0,0.13515106532466348,0.01498066
2019-12-14 01:00:00,-0.0,0.005237070967783263,-0.0,0.0023551910322167366,-0.0,0.13267191686969848,0.007592262
2019-12-14 02:00:00,-0.0,0.004324551026427088,-0.0,0.009172788973572911,-0.0,0.1230163495290954,0.01349734
2019-12-14 03:00:00,-0.0,0.004324551026427088,-0.0,0.006529228973572912,-0.0,0.11614347692533444,0.01085378
2019-12-14 04:00:00,-0.0,0.0047609736070756935,-0.0,0.014078236392924305,-0.0,0.10132428072225623,0.01883921
2019-12-14 05:00:00,-0.0,0.004681624046957765,-0.0,0.04596702595304224,-0.0,0.05293793761379072,0.05064865
2019-12-14 06:00:00,-0.0,0.004641949266898801,-0.0,0.050291040733101186,-0.0,-0.0,0.05493298999999999
2019-12-14 07:00:00,0.02943711,-0.0,-0.0,0.0,-0.0,-0.0,0.02943711
2019-12-14 08:00:00,0.07498013,-0.0,-0.0,0.0,-0.0,-0.0,0.07498013
2019-12-14 09:00:00,0.05500604,-0.0,-0.0,0.0,-0.0,-0.0,0.05500604
2019-12-14 10:00:00,0.05663422,-0.0,-0.0,0.0,-0.0,-0.0,0.05663422
2019-12-14 11:00:00,0.07265409234596654,0.009442597654033458,-0.0,0.0,-0.0,-0.0,0.08209669
2019-12-14 12:00:00,0.1115944,-0.0,-0.0,0.0,-0.0,-0.0,0.1115944
2019-12-14 13:00:00,0.16632233851013667,0.009720321114446207,-0.0,0.0,0.13325520962458287,0.1265924491433537,0.04278745
2019-12-14 14:00:00,0.21018758444695232,-0.0,-0.0,0.0,0.1273207644469523,0.2475471753679584,0.08286682000000001
2019-12-14 15:00:00,0.1778165623541809,0.007895281231733858,-0.0,0.0,0.12955925358591475,0.3706284662745774,0.05615259
2019-12-14 16:00:00,0.1156189235908086,0.006665363049905971,-0.0,0.0,0.06142094664071456,0.42897836558325625,0.06086334
2019-12-14 17:00:00,0.04350018907376957,0.00579251788860876,-0.0,0.025418373037621678,-0.0,0.40222218343839133,0.07471108
2019-12-14 18:00:00,-0.0,0.0047609736070756935,-0.0,0.0980558263929243,-0.0,0.29900552407741837,0.1028168
2019-12-14 19:00:00,-0.0,0.0049196727273115495,-0.0,0.05753809727268845,-0.0,0.23843910589564105,0.06245777
2019-12-14 20:00:00,-0.0,0.005078371847547406,-0.0,0.04878251815245258,-0.0,0.18708908678779623,0.05386088999999999
2019-12-14 21:00:00,-0.0,0.004959347507370514,-0.0,0.03125536249262948,-0.0,0.1541887052166073,0.03621471
2019-12-14 22:00:00,-0.0,0.00424520146630916,-0.0,0.018047908533690843,-0.0,0.13519090676009063,0.02229311
2019-12-14 23:00:00,-0.0,0.0032533319648350573,-0.0,0.018150628035164942,-0.0,0.11608498251254858,0.02140396
2019-12-15 00:00:00,-0.0,0.0034120310850709133,-0.0,0.009781708914929087,-0.0,0.10578844681262323,0.01319374
2019-12-15 01:00:00,-0.0,0.0034120310850709133,-0.0,0.008445228914929086,-0.0,0.09689873216532945,0.01185726
2019-12-15 02:00:00,-0.0,0.0030549580645402364,-0.0,0.006943236935459765,-0.0,0.08959006170695075,0.009998195000000001
2019-12-15 03:00:00,-0.0,0.0030152832844812724,-0.0,0.008284196715518728,-0.0,0.08086985463798366,0.01129948
2019-12-15 04:00:00,-0.0,0.002856584164245416,-0.0,0.023074705835754585,-0.0,0.05658069060034725,0.02593129
2019-12-15 05:00:00,-0.0,0.0029756085044223084,-0.0,0.028718161495577696,-0.0,0.026351046920791783,0.03169377
2019-12-15 06:00:00,-0.0,0.0035310554252478057,-0.0,0.025033494574752194,-0.0,-0.0,0.02856455
2019-12-15 07:00:00,0.03942112105569562,0.00289625894430438,-0.0,0.0,-0.0,-0.0,0.04231738
2019-12-15 08:00:00,0.05515712,-0.0,-0.0,0.0,-0.0,-0.0,0.05515712
2019-12-15 09:00:00,0.0483194,-0.0,-0.0,0.0,-0.0,-0.0,0.0483194
2019-12-15 10:00:00,0.03791118947209881,0.005316420527901191,-0.0,0.0,-0.0,-0.0,0.04322761
2019-12-15 11:00:00,0.08953127000000001,-0.0,-0.0,0.0,-0.0,-0.0,0.08953127000000001
2019-12-15 12:00:00,0.06959974532434315,0.005633818768372903,-0.0,0.0,0.0026639540927160606,0.0025307563880802575,0.07256960999999999
2019-12-15 13:00:00,0.19848273821691756,0.005157721407665334,-0.0,0.0,0.13325520962458287,0.12912320553143397,0.07038525
2019-12-15 14:00:00,0.19211985962458286,-0.0,-0.0,0.0,0.13325520962458287,0.2557156546747877,0.05886465
2019-12-15 15:00:00,0.16575200962458286,-0.0,-0.0,0.0,0.13325520962458287,0.3823081038181414,0.0324968
2019-12-15 16:00:00,0.09386882905392381,0.0029756085044223084,-0.0,0.0,0.03149924755834612,0.41223238899857023,0.06534519
2019-12-15 17:00:00,0.02403957817234634,0.00289625894430438,-0.0,0.031298182883349276,-0.0,0.3792869333318868,0.05823402
2019-12-15 18:00:00,-0.0,0.0037294293255426265,-0.0,0.07111315067445736,-0.0,0.30443098525351064,0.07484257999999999
2019-12-15 19:00:00,-0.0,0.004681624046957765,-0.0,0.06774974595304223,-0.0,0.23311546319767673,0.07243137
2019-12-15 20:00:00,-0.0,0.005078371847547406,-0.0,0.041141068152452595,-0.0,0.18980907566877928,0.04621944
2019-12-15 21:00:00,-0.0,0.004641949266898801,-0.0,0.0283959107331012,-0.0,0.15991864331814643,0.03303786
2019-12-15 22:00:00,-0.0,0.004046827566014339,-0.0,0.018779742433985662,-0.0,0.1401504933876352,0.02282657
2019-12-15 23:00:00,-0.0,0.004007152785955375,-0.0,0.019048877214044628,-0.0,0.12009904368864084,0.02305603
2019-12-16 00:00:00,-0.0,0.003848453665719519,-0.0,0.004267420334280481,-0.0,0.11560702228413507,0.008115874
2019-12-16 01:00:00,-0.0,0.003650079765424698,-0.0,0.004443699234575301,-0.0,0.11092944414247685,0.008093778999999999
2019-12-16 02:00:00,-0.0,0.0035310554252478057,-0.0,0.010731194574752195,-0.0,0.09963344985326401,0.01426225
2019-12-16 03:00:00,-0.0,0.0035707302053067697,-0.0,0.008133859794693232,-0.0,0.09107149217463956,0.01170459
2019-12-16 04:00:00,-0.0,0.0033326815249529857,-0.0,0.022093218475047017,-0.0,0.06781547272722165,0.0254259
2019-12-16 05:00:00,-0.0,0.0032136571847760933,-0.0,0.03513000281522391,-0.0,0.030836522395407007,0.03834366
2019-12-16 06:00:00,-0.0,0.002935933724363344,-0.0,0.029294696275636658,-0.0,-0.0,0.03223063
2019-12-16 07:00:00,0.03457243753663905,0.0022614624633609543,-0.0,0.0,-0.0,-0.0,0.0368339
2019-12-16 08:00:00,0.04049593,-0.0,-0.0,0.0,-0.0,-0.0,0.04049593
2019-12-16 09:00:00,0.05772379,-0.0,-0.0,0.0,-0.0,-0.0,0.05772379
2019-12-16 10:00:00,0.05273675999999999,-0.0,-0.0,0.0,-0.0,-0.0,0.05273675999999999
2019-12-16 11:00:00,0.08442127,-0.0,-0.0,0.0,-0.0,-0.0,0.08442127
2019-12-16 12:00:00,0.13437203760298283,-0.0,-0.0,0.0,0.059001877602982845,0.056051783722833703,0.07537015999999999
2019-12-16 13:00:00,0.19830169962458288,-0.0,-0.0,0.0,0.13325520962458287,0.18264423286618742,0.06504649000000001
2019-12-16 14:00:00,0.18048762659555267,0.0030549580645402364,-0.0,0.0,0.12077796466009291,0.29738329929327567,0.06276462000000001
2019-12-16 15:00:00,0.13927692115724466,0.0026185354838916316,-0.0,0.0,0.08000531664113629,0.37338835010235516,0.06189014
2019-12-16 16:00:00,0.08165824966479551,0.0021821129032430263,-0.0,0.0,0.036889212568038544,0.4084331020419918,0.04695115
2019-12-16 17:00:00,0.020986933325064266,0.0023011372434199187,-0.0,0.030950409431515828,-0.0,0.3758537236930278,0.05423848000000001
2019-12-16 18:00:00,-0.0,0.0028169093841864516,-0.0,0.06670412061581354,-0.0,0.30563885988690825,0.06952103
2019-12-16 19:00:00,-0.0,0.0032533319648350573,-0.0,0.06410056803516494,-0.0,0.23816457774462937,0.0673539
2019-12-16 20:00:00,-0.0,0.002935933724363344,-0.0,0.041800646275636656,-0.0,0.19416389745448553,0.04473658
2019-12-16 21:00:00,-0.0,0.002578860703832667,-0.0,0.023820649296167333,-0.0,0.16908952977430938,0.02639951
2019-12-16 22:00:00,-0.0,0.0024598363636557747,-0.0,0.026667283636344224,-0.0,0.14101870489394705,0.02912712
2019-12-16 23:00:00,-0.0,0.0023408120234788823,-0.0,0.017242907976521116,-0.0,0.12286827544497746,0.01958372
2019-12-17 00:00:00,-0.0,0.0023011372434199187,-0.0,0.01170994275658008,-0.0,0.11054201991173526,0.01401108
2019-12-17 01:00:00,-0.0,0.002499511143714739,-0.0,0.002945455856285261,-0.0,0.10744154006301393,0.005444967
2019-12-17 02:00:00,-0.0,0.0026978850440095596,-0.0,0.00868619495599044,-0.0,0.09829817695144505,0.01138408
2019-12-17 03:00:00,-0.0,0.002737559824068524,-0.0,0.0050889691759314765,-0.0,0.09294136729256981,0.007826529
2019-12-17 04:00:00,-0.0,0.0030152832844812724,-0.0,0.015265616715518727,-0.0,0.076872297065708,0.0182809
2019-12-17 05:00:00,-0.0,0.0032136571847760933,-0.0,0.025268382815223908,-0.0,0.050273999365472305,0.02848204
2019-12-17 06:00:00,-0.0,0.0032533319648350573,-0.0,0.031324468035164955,-0.0,0.017300875117930246,0.03457780000000001
2019-12-17 07:00:00,0.033197512714192565,0.002539185923773703,-0.0,0.016435831362033734,-0.0,-0.0,0.05217253
2019-12-17 08:00:00,0.05353671,-0.0,-0.0,0.0,-0.0,-0.0,0.05353671
2019-12-17 09:00:00,0.03763042,-0.0,-0.0,0.0,-0.0,-0.0,0.03763042
2019-12-17 10:00:00,0.07280413,-0.0,-0.0,0.0,-0.0,-0.0,0.07280413
2019-12-17 11:00:00,0.05187226,-0.0,-0.0,0.0,-0.0,-0.0,0.05187226
2019-12-17 12:00:00,0.12152392237233653,0.005713168328490832,-0.0,0.0,0.03052293070082736,0.028996784165785994,0.09671416000000001
2019-12-17 13:00:00,0.17087857962458286,-0.0,-0.0,0.0,0.13325520962458287,0.1555892333091397,0.03762337
2019-12-17 14:00:00,0.20556221962458288,-0.0,-0.0,0.0,0.13325520962458287,0.2821816824524934,0.07230701
2019-12-17 15:00:00,0.15797437084684737,0.0037294293255426265,-0.0,0.0,0.12007868017239,0.3962564286162639,0.04162512
2019-12-17 16:00:00,0.09463199026574433,0.00289625894430438,-0.0,0.0,0.058878019210048704,0.4521905468658102,0.03865023
2019-12-17 17:00:00,0.0263290618078079,0.0023011372434199187,-0.0,0.0064789509487721796,-0.0,0.44537059849868155,0.03510915
2019-12-17 18:00:00,-0.0,0.0022614624633609543,-0.0,0.08713997753663905,-0.0,0.35364430635485095,0.08940144
2019-12-17 19:00:00,-0.0,0.0022614624633609543,-0.0,0.07724518753663905,-0.0,0.272333582632073,0.07950665
2019-12-17 20:00:00,-0.0,0.002142438123184062,-0.0,0.043776511876815936,-0.0,0.22625304381437206,0.04591895
2019-12-17 21:00:00,-0.0,0.0018647146627713133,-0.0,0.026077695337228687,-0.0,0.1988028381962366,0.02794241
2019-12-17 22:00:00,-0.0,0.001467966862181672,-0.0,0.015609813137818328,-0.0,0.1823714559459015,0.01707778
2019-12-17 23:00:00,-0.0,0.0011505686217099594,-0.0,0.011779781378290041,-0.0,0.16997168607401725,0.01293035
2019-12-18 00:00:00,-0.0,0.0011108938416509952,-0.0,0.013949296158349004,-0.0,0.15528821643364987,0.01506019
2019-12-18 01:00:00,-0.0,0.0009918695014741027,-0.0,0.007391357498525897,-0.0,0.1475078401194121,0.008383227
2019-12-18 02:00:00,-0.0,0.000714146041061354,-0.0,0.007724802958938646,-0.0,0.1393764685836872,0.008438949
2019-12-18 03:00:00,-0.0,0.00047609736070756937,-0.0,0.01039492263929243,-0.0,0.12843444475285307,0.01087102
2019-12-18 04:00:00,-0.0,0.0003173982404717129,-0.0,0.027352431759528287,-0.0,0.09964241132177067,0.02766983
2019-12-18 05:00:00,-0.0,0.00023804868035378468,-0.0,0.03383775131964622,-0.0,0.06402372572214307,0.0340758
2019-12-18 06:00:00,-0.0,0.000357073020530677,-0.0,0.04978263697946932,-0.0,0.011620949954280632,0.05013971
2019-12-18 07:00:00,0.03243435150237205,0.000714146041061354,-0.0,0.011039902456566601,-0.0,-0.0,0.0441884
2019-12-18 08:00:00,0.03948844,-0.0,-0.0,0.0,-0.0,-0.0,0.03948844
2019-12-18 09:00:00,0.05764489,-0.0,-0.0,0.0,-0.0,-0.0,0.05764489
2019-12-18 10:00:00,0.06431985,-0.0,-0.0,0.0,-0.0,-0.0,0.06431985
2019-12-18 11:00:00,0.13651699670547165,-0.0,-0.0,0.0,0.04188796670547165,0.03979356837019807,0.09462903
2019-12-18 12:00:00,0.2178825259747581,0.0008728451612972104,-0.0,0.0,0.10390957113605531,0.1385076609494506,0.1148458
2019-12-18 13:00:00,0.21406671991565554,0.0008728451612972104,-0.0,0.0,0.12543566507695275,0.2576715427725557,0.0895039
2019-12-18 14:00:00,0.19040872234921943,0.0009125199413561745,-0.0,0.0,0.10918734229057561,0.36139951794860253,0.0821339
2019-12-18 15:00:00,0.1457637914577191,0.0006744712610023899,-0.0,0.0,0.11208108271872147,0.46787654653138794,0.03435718
2019-12-18 16:00:00,0.07936876602933395,0.0004364225806486052,-0.0,0.0,0.018696848609982553,0.48563855271087136,0.06110834
2019-12-18 17:00:00,0.01869744968960271,0.0005554469208254976,-0.0,0.05331151338957178,-0.0,0.42952117019553265,0.07256441
2019-12-18 18:00:00,-0.0,0.0009521947214151387,-0.0,0.10499340527858486,-0.0,0.3190017962180749,0.1059456
2019-12-18 19:00:00,-0.0,0.001428292082122708,-0.0,0.07953184791787729,-0.0,0.23528406156767778,0.08096014
2019-12-18 20:00:00,-0.0,0.0017060155425354566,-0.0,0.04777578445746454,-0.0,0.18499376213876775,0.0494818
2019-12-18 21:00:00,-0.0,0.0017853651026533848,-0.0,0.025290324897346613,-0.0,0.15837236750998185,0.02707569
2019-12-18 22:00:00,-0.0,0.0019440642228892415,-0.0,0.014887325777110761,-0.0,0.14270149827091788,0.01683139
2019-12-18 23:00:00,-0.0,0.0019440642228892415,-0.0,0.02064411577711076,-0.0,0.1209708500844855,0.02258818
2019-12-19 00:00:00,-0.0,0.0019440642228892415,-0.0,0.008650515777110759,-0.0,0.11186504400331629,0.01059458
2019-12-19 01:00:00,-0.0,0.0020234137830071695,-0.0,0.005664158216992831,-0.0,0.10590277219595541,0.007687572
2019-12-19 02:00:00,-0.0,0.002102763343125098,-0.0,0.010022036656874901,-0.0,0.09535325992556078,0.0121248
2019-12-19 03:00:00,-0.0,0.002142438123184062,-0.0,0.004083483876815938,-0.0,0.0910548558447019,0.006225922
2019-12-19 04:00:00,-0.0,0.0024201615835968107,-0.0,0.02564120841640319,-0.0,0.06406411014322486,0.02806137
2019-12-19 05:00:00,-0.0,0.002777234604127488,-0.0,0.023579835395872512,-0.0,0.03924323077914853,0.02635707
2019-12-19 06:00:00,-0.0,0.003094632844599201,-0.0,0.0285002471554008,-0.0,0.009242970615568743,0.03159488
2019-12-19 07:00:00,0.03167119029055153,0.003134307624658165,-0.0,0.008780822084790307,-0.0,-0.0,0.04358632
2019-12-19 08:00:00,0.0574355,-0.0,-0.0,0.0,-0.0,-0.0,0.0574355
2019-12-19 09:00:00,0.05757157,-0.0,-0.0,0.0,-0.0,-0.0,0.05757157
2019-12-19 10:00:00,0.05410469,-0.0,-0.0,0.0,-0.0,-0.0,0.05410469
2019-12-19 11:00:00,0.08791678,-0.0,-0.0,0.0,-0.0,-0.0,0.08791678
2019-12-19 12:00:00,0.18848003962458287,-0.0,-0.0,0.0,0.13325520962458287,0.1265924491433537,0.05522483
2019-12-19 13:00:00,0.06572200964188231,0.005554469208254976,-0.0,0.0,0.02126992885013729,0.14679888155098414,0.05000655
2019-12-19 14:00:00,0.16792549962458286,-0.0,-0.0,0.0,0.13325520962458287,0.27339133069433785,0.03467029
2019-12-19 15:00:00,0.16407966054141154,0.004086502346073303,-0.0,0.0,0.10436845288748484,0.37254136093744844,0.06379771000000001
2019-12-19 16:00:00,0.08967144238891095,0.003689754545483662,-0.0,0.0,0.05202961693439461,0.4219694970251233,0.04133158
2019-12-19 17:00:00,0.02556590059598738,0.004046827566014339,-0.0,0.032471271837998285,-0.0,0.38778921087986196,0.062084
2019-12-19 18:00:00,-0.0,0.004800648387134657,-0.0,0.08959722161286533,-0.0,0.29347634602421424,0.09439787
2019-12-19 19:00:00,-0.0,0.005356095307960156,-0.0,0.06060513469203984,-0.0,0.2296814674010144,0.06596123
2019-12-19 20:00:00,-0.0,0.004999022287429478,-0.0,0.028063097712570522,-0.0,0.200141364545677,0.03306212
2019-12-19 21:00:00,-0.0,0.005435444868078084,-0.0,0.025304815131921916,-0.0,0.17350471703839077,0.03074026
2019-12-19 22:00:00,-0.0,0.005197396187724299,-0.0,0.018309683812275702,-0.0,0.15423136565704793,0.02350708
2019-12-19 23:00:00,-0.0,0.004165851906191231,-0.0,0.009671748093808769,-0.0,0.1440505781898808,0.0138376
2019-12-20 00:00:00,-0.0,0.0037294293255426265,-0.0,0.004402905674457372,-0.0,0.1394159406378204,0.008132335
2019-12-20 01:00:00,-0.0,0.0035707302053067697,-0.0,0.00698558979469323,-0.0,0.13206268822235384,0.01055632
2019-12-20 02:00:00,-0.0,0.0034913806451888417,-0.0,0.0046340933548111585,-0.0,0.12718469521728945,0.008125474
2019-12-20 03:00:00,-0.0,0.0035707302053067697,-0.0,0.01160154979469323,-0.0,0.11497253753866499,0.01517228
2019-12-20 04:00:00,-0.0,0.003808778885660555,-0.0,0.028977461114339447,-0.0,0.08446994689199189,0.03278624
2019-12-20 05:00:00,-0.0,0.003927803225837447,-0.0,0.034956776774162555,-0.0,0.04767333976129446,0.03888458
2019-12-20 06:00:00,-0.0,0.003967478005896411,-0.0,0.04327565199410359,-0.0,0.002120021872764369,0.04724313
2019-12-20 07:00:00,0.04235544725603879,0.0032533319648350573,-0.0,0.002014020779126151,-0.0,-0.0,0.0476228
2019-12-20 08:00:00,0.05432864,-0.0,-0.0,0.0,-0.0,-0.0,0.05432864
2019-12-20 09:00:00,0.0699092,-0.0,-0.0,0.0,-0.0,-0.0,0.0699092
2019-12-20 10:00:00,0.05732817,-0.0,-0.0,0.0,-0.0,-0.0,0.05732817
2019-12-20 11:00:00,0.07808338000000001,-0.0,-0.0,0.0,-0.0,-0.0,0.07808338000000001
2019-12-20 12:00:00,0.24014180962458287,-0.0,-0.0,0.0,0.13325520962458287,0.1265924491433537,0.1068866
2019-12-20 13:00:00,0.09342851518740472,-0.0,-0.0,0.0,0.016786735187404735,0.1425398475713882,0.07664177999999999
2019-12-20 14:00:00,0.21035495962458287,-0.0,-0.0,0.0,0.13325520962458287,0.2691322967147419,0.07709975
2019-12-20 15:00:00,0.16980336963006543,0.0015473164222996004,-0.0,0.0,0.11620616605236503,0.37952815446448873,0.05514452
2019-12-20 16:00:00,0.10226360238394952,0.0011902434017689234,-0.0,0.0,0.046065775785718445,0.42329064146092127,0.05738807
2019-12-20 17:00:00,0.03014486786691049,0.001467966862181672,-0.0,0.027329695270907835,-0.0,0.39452254117575514,0.05894253
2019-12-20 18:00:00,-0.0,0.0022217876833019903,-0.0,0.11202361231669801,-0.0,0.2766029492634414,0.1142454
2019-12-20 19:00:00,-0.0,0.003650079765424698,-0.0,0.0733930802345753,-0.0,0.19934707533230953,0.07704316
2019-12-20 20:00:00,-0.0,0.004007152785955375,-0.0,0.037368307214044626,-0.0,0.1600120151069994,0.04137546
2019-12-20 21:00:00,-0.0,0.003888128445778483,-0.0,0.025357931554221516,-0.0,0.1333194555762399,0.02924606
2019-12-20 22:00:00,-0.0,0.003610404985365734,-0.0,0.010818325014634266,-0.0,0.12193174503451962,0.01442873
2019-12-20 23:00:00,-0.0,0.0033723563050119497,-0.0,0.00998273369498805,-0.0,0.11142360430295326,0.01335509
2019-12-21 00:00:00,-0.0,0.003094632844599201,-0.0,0.011044577155400798,-0.0,0.09979773361305767,0.01413921
2019-12-21 01:00:00,-0.0,0.003094632844599201,-0.0,0.006085654155400799,-0.0,0.09339178187053052,0.009180287
2019-12-21 02:00:00,-0.0,0.0033326815249529857,-0.0,0.006164905475047014,-0.0,0.0869024076862705,0.009497587
2019-12-21 03:00:00,-0.0,0.0033326815249529857,-0.0,0.007146488475047013,-0.0,0.0793797882388526,0.01047917
2019-12-21 04:00:00,-0.0,0.003134307624658165,-0.0,0.018398492375341836,-0.0,0.0600129541595454,0.0215328
2019-12-21 05:00:00,-0.0,0.00289625894430438,-0.0,0.03480404105569562,-0.0,0.023377121469339485,0.0377003
2019-12-21 06:00:00,-0.0,0.002777234604127488,-0.0,0.022208265395872513,-0.0,-0.0,0.0249855
2019-12-21 07:00:00,0.048091490997051796,0.0019837390029482055,-0.0,0.0,-0.0,-0.0,0.05007523
2019-12-21 08:00:00,0.04068901,-0.0,-0.0,0.0,-0.0,-0.0,0.04068901
2019-12-21 09:00:00,0.07773128,-0.0,-0.0,0.0,-0.0,-0.0,0.07773128
2019-12-21 10:00:00,0.05743117,-0.0,-0.0,0.0,-0.0,-0.0,0.05743117
2019-12-21 11:00:00,0.06192538,-0.0,-0.0,0.0,-0.0,-0.0,0.06192538
2019-12-21 12:00:00,0.08178699,-0.0,-0.0,0.0,-0.0,-0.0,0.08178699
2019-12-21 13:00:00,0.19842659962458287,-0.0,-0.0,0.0,0.13325520962458287,0.1265924491433537,0.06517139
2019-12-21 14:00:00,0.17889464775882613,-0.0,-0.0,0.0,0.10513114775882612,0.22646703951423852,0.0737635
2019-12-21 15:00:00,0.17552707871871934,0.0011902434017689234,-0.0,0.0,0.12977136212048826,0.34974983352870237,0.04694596
2019-12-21 16:00:00,0.11218469813761625,0.0011108938416509952,-0.0,0.0,0.07935850197926725,0.42514041040900624,0.03393709
2019-12-21 17:00:00,0.032815932108282306,0.0012299181818278874,-0.0,0.03392409970988981,-0.0,0.389430831767017,0.06796995
2019-12-21 18:00:00,-0.0,0.001388617302063744,-0.0,0.10996178269793626,-0.0,0.2736815868218209,0.1113504
2019-12-21 19:00:00,-0.0,0.002102763343125098,-0.0,0.0576061866568749,-0.0,0.21304349560405786,0.05970895
2019-12-21 20:00:00,-0.0,0.0024201615835968107,-0.0,0.03396128841640319,-0.0,0.1772947709552124,0.03638145
2019-12-21 21:00:00,-0.0,0.0023011372434199187,-0.0,0.03612049275658008,-0.0,0.13927319963249654,0.03842163
2019-12-21 22:00:00,-0.0,0.0024598363636557747,-0.0,0.017097233636344224,-0.0,0.12127611159423946,0.01955707
2019-12-21 23:00:00,-0.0,0.002499511143714739,-0.0,0.014874488856285261,-0.0,0.10561875490341287,0.017374
2019-12-22 00:00:00,-0.0,0.0026185354838916316,-0.0,0.007495654516108369,-0.0,0.09772859225487775,0.01011419
2019-12-22 01:00:00,-0.0,0.0023408120234788823,-0.0,0.008586547976521117,-0.0,0.088690120700645,0.01092736
2019-12-22 02:00:00,-0.0,0.002142438123184062,-0.0,0.007186235876815937,-0.0,0.08112566188294401,0.009328673999999999
2019-12-22 03:00:00,-0.0,0.0019837390029482055,-0.0,0.007191927997051794,-0.0,0.0735552113597316,0.009175667
2019-12-22 04:00:00,-0.0,0.0019440642228892415,-0.0,0.01825874577711076,-0.0,0.05433547896277291,0.02020281
2019-12-22 05:00:00,-0.0,0.0017853651026533848,-0.0,0.027030294897346614,-0.0,0.025882536965565948,0.02881566
2019-12-22 06:00:00,-0.0,0.001825039882712349,-0.0,0.024588410117287653,-0.0,-0.0,0.02641345
2019-12-22 07:00:00,0.04264321,-0.0,-0.0,0.0,-0.0,-0.0,0.04264321
2019-12-22 08:00:00,0.04795203999999999,-0.0,-0.0,0.0,-0.0,-0.0,0.04795203999999999
2019-12-22 09:00:00,0.03860107,-0.0,-0.0,0.0,-0.0,-0.0,0.03860107
2019-12-22 10:00:00,0.05934028,-0.0,-0.0,0.0,-0.0,-0.0,0.05934028
2019-12-22 11:00:00,0.07017148000000001,-0.0,-0.0,0.0,-0.0,-0.0,0.07017148000000001
2019-12-22 12:00:00,0.05911627,-0.0,-0.0,0.0,-0.0,-0.0,0.05911627
2019-12-22 13:00:00,0.2053939696245829,-0.0,-0.0,0.0,0.13325520962458287,0.1265924491433537,0.07213876000000001
2019-12-22 14:00:00,0.057716097466195104,-0.0,-0.0,0.0,0.012269697466195106,0.13824866173623906,0.0454464
2019-12-22 15:00:00,0.18837163962458287,-0.0,-0.0,0.0,0.13325520962458287,0.2648411108795928,0.05511643
2019-12-22 16:00:00,0.11256627874352651,0.0005157721407665335,-0.0,0.0,0.06851693088429305,0.32993219521967115,0.04456512
2019-12-22 17:00:00,0.041210705438308015,0.0005554469208254976,-0.0,0.0,0.005697002359133514,0.335344347460848,0.03606915
2019-12-22 18:00:00,-0.0,0.0009521947214151387,-0.0,0.05412114527858486,-0.0,0.2783747208518113,0.05507334
2019-12-22 19:00:00,-0.0,0.001388617302063744,-0.0,0.05204807269793626,-0.0,0.22358727590661523,0.05343669
2019-12-22 20:00:00,-0.0,0.0016266659824175286,-0.0,0.02242126401758247,-0.0,0.19998594536179157,0.02404793
2019-12-22 21:00:00,-0.0,0.0017853651026533848,-0.0,0.026985424897346615,-0.0,0.17158023494353197,0.02877079
2019-12-22 22:00:00,-0.0,0.0021821129032430263,-0.0,0.014910217096756974,-0.0,0.15588526957852464,0.01709233
2019-12-22 23:00:00,-0.0,0.0022614624633609543,-0.0,0.011508367536639046,-0.0,0.14377119848732564,0.01376983
2019-12-23 00:00:00,-0.0,0.001825039882712349,-0.0,0.011843790117287652,-0.0,0.1313040509954439,0.01366883
2019-12-23 01:00:00,-0.0,0.0015869912023585644,-0.0,0.011349268797641435,-0.0,0.1193574522610845,0.01293626
2019-12-23 02:00:00,-0.0,0.0015076416422406362,-0.0,0.012852168357759364,-0.0,0.10582885398975886,0.01435981
2019-12-23 03:00:00,-0.0,0.0015076416422406362,-0.0,0.008557878357759363,-0.0,0.09682056098159111,0.01006552
2019-12-23 04:00:00,-0.0,0.0016663407624764928,-0.0,0.022673389237523506,-0.0,0.07295383546840847,0.02433973
2019-12-23 05:00:00,-0.0,0.0017456903225944208,-0.0,0.03807988967740558,-0.0,0.03286974107113944,0.03982558
2019-12-23 06:00:00,-0.0,0.0016266659824175286,-0.0,0.031226254017582472,-0.0,-0.0,0.03285292
2019-12-23 07:00:00,0.02875092,-0.0,-0.0,0.0,-0.0,-0.0,0.02875092
2019-12-23 08:00:00,0.05500506,-0.0,-0.0,0.0,-0.0,-0.0,0.05500506
2019-12-23 09:00:00,0.03863737,-0.0,-0.0,0.0,-0.0,-0.0,0.03863737
2019-12-23 10:00:00,0.04437231,-0.0,-0.0,0.0,-0.0,-0.0,0.04437231
2019-12-23 11:00:00,0.09200051999999999,-0.0,-0.0,0.0,-0.0,-0.0,0.09200051999999999
2019-12-23 12:00:00,0.09229409,-0.0,-0.0,0.0,-0.0,-0.0,0.09229409
2019-12-23 13:00:00,0.18535756760336924,-0.0,-0.0,0.0,0.10411401760336925,0.09890831672320077,0.08124355
2019-12-23 14:00:00,0.21301469962458286,-0.0,-0.0,0.0,0.13325520962458287,0.2255007658665545,0.07975949
2019-12-23 15:00:00,0.20414562416198878,0.00038817546259406477,-0.0,0.0,0.13325520962458287,0.3520932150099082,0.07127858999999999
2019-12-23 16:00:00,0.1343163732804113,0.0004364225806486052,-0.0,0.0,0.0893632958610599,0.4369883460779151,0.0453895
2019-12-23 17:00:00,0.04769757573878242,0.000714146041061354,-0.0,0.0,0.003065281779843776,0.4399003637687667,0.04534644
2019-12-23 18:00:00,-0.0,0.0013092677419458158,-0.0,0.07419937225805419,-0.0,0.36179576139186753,0.07550864
2019-12-23 19:00:00,-0.0,0.0019043894428302775,-0.0,0.06365570055716972,-0.0,0.29478976080537306,0.06556009
2019-12-23 20:00:00,-0.0,0.0024598363636557747,-0.0,0.04097565363634423,-0.0,0.25165749381974756,0.04343549
2019-12-23 21:00:00,-0.0,0.002777234604127488,-0.0,0.047332515395872514,-0.0,0.20183379340303967,0.05010975
2019-12-23 22:00:00,-0.0,0.0030152832844812724,-0.0,0.020390916715518726,-0.0,0.1803696705445989,0.0234062
2019-12-23 23:00:00,-0.0,0.0033326815249529857,-0.0,0.019245408475047014,-0.0,0.1601113458340231,0.02257809
2019-12-24 00:00:00,-0.0,0.0034913806451888417,-0.0,0.007515479354811158,-0.0,0.15220031493422187,0.01100686
2019-12-24 01:00:00,-0.0,0.0035310554252478057,-0.0,0.007346514574752194,-0.0,0.1444671416976406,0.01087757
2019-12-24 02:00:00,-0.0,0.0035310554252478057,-0.0,0.008023914574752194,-0.0,0.1360209158294804,0.01155497
2019-12-24 03:00:00,-0.0,0.0037294293255426265,-0.0,0.003500323674457373,-0.0,0.13233636459320947,0.007229752999999999
2019-12-24 04:00:00,-0.0,0.003848453665719519,-0.0,0.024946156334280482,-0.0,0.10607725266238792,0.02879461
2019-12-24 05:00:00,-0.0,0.003689754545483662,-0.0,0.05176036545451634,-0.0,0.051592657447107566,0.05545012
2019-12-24 06:00:00,-0.0,0.0035310554252478057,-0.0,0.04901302457475219,-0.0,-0.0,0.05254408
2019-12-24 07:00:00,0.0441756897360494,0.0026582102639505956,-0.0,0.0,-0.0,-0.0,0.0468339
2019-12-24 08:00:00,0.06570341,-0.0,-0.0,0.0,-0.0,-0.0,0.06570341
2019-12-24 09:00:00,0.05283189999999999,-0.0,-0.0,0.0,-0.0,-0.0,0.05283189999999999
2019-12-24 10:00:00,0.062443,-0.0,-0.0,0.0,-0.0,-0.0,0.062443
2019-12-24 11:00:00,0.1082425,-0.0,-0.0,0.0,-0.0,-0.0,0.1082425
2019-12-24 12:00:00,0.13243303439436532,-0.0,-0.0,0.0,0.06762883439436534,0.06424739267464707,0.06480419999999999
2019-12-24 13:00:00,0.21088062962458287,-0.0,-0.0,0.0,0.13325520962458287,0.1908398418180008,0.07762542
2019-12-24 14:00:00,0.19870612962458287,-0.0,-0.0,0.0,0.13325520962458287,0.3174322909613545,0.06545092
2019-12-24 15:00:00,0.18659291629011684,0.0011108938416509952,-0.0,0.0,0.13041281013176786,0.44132446058653396,0.05729099999999999
2019-12-24 16:00:00,0.10875047268442392,0.0008728451612972104,-0.0,0.0,0.035982757845721136,0.475508080539969,0.07364056
2019-12-24 17:00:00,0.035868576955564384,0.0007934956011792822,-0.0,0.028007387443256336,-0.0,0.4460266200733834,0.06466946
2019-12-24 18:00:00,-0.0,0.001071219061592031,-0.0,0.10629088093840797,-0.0,0.3341414822434803,0.1073621
2019-12-24 19:00:00,-0.0,0.0016266659824175286,-0.0,0.07097701401758247,-0.0,0.2594288359091829,0.07260368
2019-12-24 20:00:00,-0.0,0.0023408120234788823,-0.0,0.03560083797652112,-0.0,0.22195426961810805,0.03794165
2019-12-24 21:00:00,-0.0,0.003094632844599201,-0.0,0.029337787155400804,-0.0,0.19107238840189666,0.03243242
2019-12-24 22:00:00,-0.0,0.0026582102639505956,-0.0,0.017910189736049405,-0.0,0.17221955710079204,0.0205684
2019-12-24 23:00:00,-0.0,0.0022614624633609543,-0.0,0.015523967536639047,-0.0,0.155878538641172,0.01778543
2019-12-25 00:00:00,-0.0,0.0019837390029482055,-0.0,0.008327200997051793,-0.0,0.14711306390743326,0.01031094
2019-12-25 01:00:00,-0.0,0.0020234137830071695,-0.0,0.00551313421699283,-0.0,0.14130976473165133,0.007536548
2019-12-25 02:00:00,-0.0,0.0019043894428302775,-0.0,0.006446045557169723,-0.0,0.1345244536188411,0.008350435
2019-12-25 03:00:00,-0.0,0.0016663407624764928,-0.0,0.010347619237523508,-0.0,0.12363222284250058,0.01201396
2019-12-25 04:00:00,-0.0,0.0015473164222996004,-0.0,0.0223370835777004,-0.0,0.10011950328702648,0.0238844
2019-12-25 05:00:00,-0.0,0.0015076416422406362,-0.0,0.04567943835775937,-0.0,0.052035883963069254,0.04718708
2019-12-25 06:00:00,-0.0,0.0015076416422406362,-0.0,0.044431788357759364,-0.0,0.005265580428585713,0.04593943
2019-12-25 07:00:00,0.04846073695060294,0.0015076416422406362,-0.0,0.005002301407156427,-0.0,-0.0,0.05497068
2019-12-25 08:00:00,0.06710544,-0.0,-0.0,0.0,-0.0,-0.0,0.06710544
2019-12-25 09:00:00,0.05730626,-0.0,-0.0,0.0,-0.0,-0.0,0.05730626
2019-12-25 10:00:00,0.0710677,-0.0,-0.0,0.0,-0.0,-0.0,0.0710677
2019-12-25 11:00:00,0.09176084,-0.0,-0.0,0.0,-0.0,-0.0,0.09176084
2019-12-25 12:00:00,0.0953194,-0.0,-0.0,0.0,-0.0,-0.0,0.0953194
2019-12-25 13:00:00,0.1717655008625515,-0.0,-0.0,0.0,0.0941671608625515,0.08945880281942392,0.07759833999999999
2019-12-25 14:00:00,0.19993221962458285,-0.0,-0.0,0.0,0.13325520962458287,0.21605125196277764,0.06667701
2019-12-25 15:00:00,0.19117188356103995,0.00047609736070756937,-0.0,0.0,0.1310103609217475,0.3405110948384378,0.06063762
2019-12-25 16:00:00,0.12286895510310353,0.0005554469208254976,-0.0,0.0,0.05482591202392903,0.3925957112611704,0.06859849
2019-12-25 17:00:00,0.03968438301466697,0.000714146041061354,-0.0,0.0,0.0035535890557283276,0.3959716208641123,0.03684494
2019-12-25 18:00:00,-0.0,0.001428292082122708,-0.0,0.06832110791787728,-0.0,0.3240546651610836,0.06974939999999999
2019-12-25 19:00:00,-0.0,0.0019043894428302775,-0.0,0.07286217055716972,-0.0,0.2473576435219576,0.07476656
2019-12-25 20:00:00,-0.0,0.0022217876833019903,-0.0,0.054476282316698016,-0.0,0.19001418845174917,0.05669807
2019-12-25 21:00:00,-0.0,0.0026582102639505956,-0.0,0.024719079736049403,-0.0,0.1639941045190656,0.02737729
2019-12-25 22:00:00,-0.0,0.0029756085044223084,-0.0,0.021004481495577692,-0.0,0.14188412399740488,0.02398009
2019-12-25 23:00:00,-0.0,0.0024598363636557747,-0.0,0.018894643636344223,-0.0,0.12199502543283203,0.02135448
2019-12-26 00:00:00,-0.0,0.002142438123184062,-0.0,0.011506431876815939,-0.0,0.10988299187828894,0.01364887
2019-12-26 01:00:00,-0.0,0.0020234137830071695,-0.0,0.008329416216992831,-0.0,0.10111518533408596,0.01035283
2019-12-26 02:00:00,-0.0,0.002063088563066134,-0.0,0.008019231436933866,-0.0,0.0926738890846819,0.01008232
2019-12-26 03:00:00,-0.0,0.0019440642228892415,-0.0,0.005543984777110759,-0.0,0.08683811563509163,0.007488049
2019-12-26 04:00:00,-0.0,0.0016663407624764928,-0.0,0.018210929237523505,-0.0,0.06766871643769846,0.01987727
2019-12-26 05:00:00,-0.0,0.001467966862181672,-0.0,0.027159793137818328,-0.0,0.039079460503152856,0.02862776
2019-12-26 06:00:00,-0.0,0.0013489425220047798,-0.0,0.03712548747799522,-0.0,-0.0,0.03847443
2019-12-26 07:00:00,0.04219159,-0.0,-0.0,0.0,-0.0,-0.0,0.04219159
2019-12-26 08:00:00,0.07396458,-0.0,-0.0,0.0,-0.0,-0.0,0.07396458
2019-12-26 09:00:00,0.07350957,-0.0,-0.0,0.0,-0.0,-0.0,0.07350957
2019-12-26 10:00:00,0.05408632,-0.0,-0.0,0.0,-0.0,-0.0,0.05408632
2019-12-26 11:00:00,0.09649652,-0.0,-0.0,0.0,-0.0,-0.0,0.09649652
2019-12-26 12:00:00,0.08974123,-0.0,-0.0,0.0,-0.0,-0.0,0.08974123
2019-12-26 13:00:00,0.10001613177034074,-0.0,-0.0,0.0,0.04294750177034074,0.0408001266818237,0.05706863
2019-12-26 14:00:00,0.17269365962458288,-0.0,-0.0,0.0,0.13325520962458287,0.16739257582517741,0.03943845
2019-12-26 15:00:00,0.17054758962458288,-0.0,-0.0,0.0,0.13325520962458287,0.29398502496853113,0.03729238
2019-12-26 16:00:00,0.12554001934447534,0.0003967478005896411,-0.0,0.0,0.08371386714506499,0.37351319875634287,0.0422229
2019-12-26 17:00:00,0.043881769679679834,0.0006347964809434258,-0.0,0.01524184383937674,-0.0,0.3574691526096305,0.05975841
2019-12-26 18:00:00,-0.0,0.0012299181818278874,-0.0,0.07759238181817212,-0.0,0.27579296122208097,0.0788223
2019-12-26 19:00:00,-0.0,0.0019440642228892415,-0.0,0.08321368577711075,-0.0,0.1881996077724907,0.08515774999999999
2019-12-26 20:00:00,-0.0,0.002539185923773703,-0.0,0.023300634076226297,-0.0,0.16367262453435777,0.02583982
2019-12-26 21:00:00,-0.0,0.002777234604127488,-0.0,0.026127475395872513,-0.0,0.13617001885449195,0.02890471
2019-12-26 22:00:00,-0.0,0.003094632844599201,-0.0,0.0159183371554008,-0.0,0.11941387448038586,0.01901297
2019-12-26 23:00:00,-0.0,0.0035310554252478057,-0.0,0.009949614574752194,-0.0,0.1089405959806467,0.01348067
2019-12-27 00:00:00,-0.0,0.003689754545483662,-0.0,0.004806839454516338,-0.0,0.10388076497589266,0.008496594
2019-12-27 01:00:00,-0.0,0.003689754545483662,-0.0,0.005918541454516337,-0.0,0.09765072133955967,0.009608295999999999
2019-12-27 02:00:00,-0.0,0.003927803225837447,-0.0,0.002362798774162553,-0.0,0.09516356473517804,0.006290602
2019-12-27 03:00:00,-0.0,0.003927803225837447,-0.0,0.002233342774162552,-0.0,0.09281267760448061,0.006161145999999999
2019-12-27 04:00:00,-0.0,0.0037294293255426265,-0.0,0.02054667067445737,-0.0,0.07118460321031496,0.0242761
2019-12-27 05:00:00,-0.0,0.0035310554252478057,-0.0,0.032123634574752195,-0.0,0.03737025102636528,0.03565469
2019-12-27 06:00:00,-0.0,0.0033326815249529857,-0.0,0.035501738475047014,-0.0,-0.0,0.03883442
2019-12-27 07:00:00,0.04187654,-0.0,-0.0,0.0,-0.0,-0.0,0.04187654
2019-12-27 08:00:00,0.03288493,-0.0,-0.0,0.0,-0.0,-0.0,0.03288493
2019-12-27 09:00:00,0.04677805,-0.0,-0.0,0.0,-0.0,-0.0,0.04677805
2019-12-27 10:00:00,0.05918867,-0.0,-0.0,0.0,-0.0,-0.0,0.05918867
2019-12-27 11:00:00,0.07656381000000001,-0.0,-0.0,0.0,-0.0,-0.0,0.07656381000000001
2019-12-27 12:00:00,0.05285842,-0.0,-0.0,0.0,-0.0,-0.0,0.05285842
2019-12-27 13:00:00,0.21046938962458286,-0.0,-0.0,0.0,0.13325520962458287,0.1265924491433537,0.07721418
2019-12-27 14:00:00,0.1453618465760318,-0.0,-0.0,0.0,0.09265075657603179,0.21461066789058392,0.05271109
2019-12-27 15:00:00,0.18908540962458287,-0.0,-0.0,0.0,0.13325520962458287,0.34120311703393763,0.0558302
2019-12-27 16:00:00,0.13126372843312922,0.001428292082122708,-0.0,0.0,0.06519533051525193,0.403138681023427,0.06749669
2019-12-27 17:00:00,0.04350018907376957,0.0017456903225944208,-0.0,0.0,0.0016592393963639832,0.40471495844997274,0.04358664
2019-12-27 18:00:00,-0.0,0.0023408120234788823,-0.0,0.06855723797652112,-0.0,0.3325494447904768,0.07089805
2019-12-27 19:00:00,-0.0,0.0030152832844812724,-0.0,0.09242003671551874,-0.0,0.2352651956162466,0.09543532
2019-12-27 20:00:00,-0.0,0.003689754545483662,-0.0,0.05039718545451634,-0.0,0.18221552671675573,0.05408694
2019-12-27 21:00:00,-0.0,0.003808778885660555,-0.0,0.038351551114339445,-0.0,0.1418454729121879,0.04216033
2019-12-27 22:00:00,-0.0,0.003848453665719519,-0.0,0.01243676633428048,-0.0,0.12875413992873477,0.01628522
2019-12-27 23:00:00,-0.0,0.0032930067448940213,-0.0,0.01177192325510598,-0.0,0.11636264176546532,0.01506493
2019-12-28 00:00:00,-0.0,0.0033723563050119497,-0.0,0.007157753694988051,-0.0,0.10882816419179368,0.01053011
2019-12-28 01:00:00,-0.0,0.003689754545483662,-0.0,0.006542405454516339,-0.0,0.10194142160809228,0.01023216
2019-12-28 02:00:00,-0.0,0.003967478005896411,-0.0,0.00662832199410359,-0.0,0.09496424056166744,0.0105958
2019-12-28 03:00:00,-0.0,0.004483250146662945,-0.0,0.005507579853337056,-0.0,0.08916678808447054,0.009990830000000001
2019-12-28 04:00:00,-0.0,0.0046022744868398375,-0.0,0.020642855513160162,-0.0,0.06743746649167037,0.02524513
2019-12-28 05:00:00,-0.0,0.004443575366603981,-0.0,0.02902378463339602,-0.0,0.03688611424599035,0.03346736
2019-12-28 06:00:00,-0.0,0.00424520146630916,-0.0,0.035041808533690835,-0.0,-0.0,0.03928701
2019-12-28 07:00:00,0.03648004067445737,0.0037294293255426265,-0.0,0.0,-0.0,-0.0,0.04020947
2019-12-28 08:00:00,0.05225851,-0.0,-0.0,0.0,-0.0,-0.0,0.05225851
2019-12-28 09:00:00,0.04391413,-0.0,-0.0,0.0,-0.0,-0.0,0.04391413
2019-12-28 10:00:00,0.05623684,-0.0,-0.0,0.0,-0.0,-0.0,0.05623684
2019-12-28 11:00:00,0.1047464,-0.0,-0.0,0.0,-0.0,-0.0,0.1047464
2019-12-28 12:00:00,0.07322757,-0.0,-0.0,0.0,-0.0,-0.0,0.07322757
2019-12-28 13:00:00,0.2112906296245829,-0.0,-0.0,0.0,0.13325520962458287,0.1265924491433537,0.07803542000000001
2019-12-28 14:00:00,0.10349446093823975,-0.0,-0.0,0.0,0.030314410938239753,0.15539113953468148,0.07318005
2019-12-28 15:00:00,0.19193504477286047,-0.0,-0.0,0.0,0.11785964477286047,0.2673578020688989,0.0740754
2019-12-28 16:00:00,0.12134263267946249,0.002142438123184062,-0.0,0.0,0.09214231080264657,0.35489299733141316,0.03134276
2019-12-28 17:00:00,0.04235544725603879,0.0026978850440095596,-0.0,0.0008194676999516495,-0.0,0.3540303997525167,0.0458728
2019-12-28 18:00:00,-0.0,0.004403900586545016,-0.0,0.06825305941345497,-0.0,0.28218507405414306,0.07265695999999999
2019-12-28 19:00:00,-0.0,0.0057528431085497956,-0.0,0.0661137468914502,-0.0,0.21259165627366916,0.07186659000000001
2019-12-28 20:00:00,-0.0,0.006982761290377683,-0.0,0.033489638709622314,-0.0,0.1773394050003825,0.0404724
2019-12-28 21:00:00,-0.0,0.008371378592441428,-0.0,0.016604881407558572,-0.0,0.15986058246611032,0.02497626
2019-12-28 22:00:00,-0.0,0.007220809970731468,-0.0,0.01625987002926853,-0.0,0.1427449298037224,0.02348068
2019-12-28 23:00:00,-0.0,0.005197396187724299,-0.0,0.008597983812275702,-0.0,0.1336944205276427,0.01379538
2019-12-29 00:00:00,-0.0,0.003848453665719519,-0.0,0.008969046334280481,-0.0,0.12425331912313693,0.0128175
2019-12-29 01:00:00,-0.0,0.0034120310850709133,-0.0,0.010363048914929087,-0.0,0.11334484658110631,0.01377508
2019-12-29 02:00:00,-0.0,0.003610404985365734,-0.0,0.009098155014634266,-0.0,0.10376784130254393,0.01270856
2019-12-29 03:00:00,-0.0,0.0037691041056015905,-0.0,0.00687750589439841,-0.0,0.09652836141370351,0.01064661
2019-12-29 04:00:00,-0.0,0.003927803225837447,-0.0,0.024059716774162552,-0.0,0.0712023437566903,0.02798752
2019-12-29 05:00:00,-0.0,0.003808778885660555,-0.0,0.031186561114339446,-0.0,0.03837438468896456,0.03499534
2019-12-29 06:00:00,-0.0,0.003689754545483662,-0.0,0.03645566545451634,-0.0,-0.0,0.04014542
2019-12-29 07:00:00,0.04373514237534183,0.003134307624658165,-0.0,0.0,-0.0,-0.0,0.04686945
2019-12-29 08:00:00,0.0576,-0.0,-0.0,0.0,-0.0,-0.0,0.0576
2019-12-29 09:00:00,0.05406174,-0.0,-0.0,0.0,-0.0,-0.0,0.05406174
2019-12-29 10:00:00,0.05602762,-0.0,-0.0,0.0,-0.0,-0.0,0.05602762
2019-12-29 11:00:00,0.07153867,-0.0,-0.0,0.0,-0.0,-0.0,0.07153867
2019-12-29 12:00:00,0.1120551,-0.0,-0.0,0.0,-0.0,-0.0,0.1120551
2019-12-29 13:00:00,0.20533229607809206,-0.0,-0.0,0.0,0.10273919607809207,0.09760223627418746,0.1025931
2019-12-29 14:00:00,0.21427256962458285,-0.0,-0.0,0.0,0.13325520962458287,0.22419468541754117,0.08101736
2019-12-29 15:00:00,0.1907903029551297,0.0024598363636557747,-0.0,0.0,0.13063509931878547,0.3482980297703874,0.06261504
2019-12-29 16:00:00,0.12134263267946249,0.0026978850440095596,-0.0,0.0,0.08462296772347205,0.4286898491076858,0.03941755
2019-12-29 17:00:00,0.039302802408756714,0.0034120310850709133,-0.0,0.010889106506172377,-0.0,0.4172276317327675,0.05360394
2019-12-29 18:00:00,-0.0,0.004403900586545016,-0.0,0.071979389413455,-0.0,0.3414598534028149,0.07638329
2019-12-29 19:00:00,-0.0,0.005316420527901191,-0.0,0.0717143994720988,-0.0,0.2659710118532372,0.07703082
2019-12-29 20:00:00,-0.0,0.006308290029375294,-0.0,0.04001316997062471,-0.0,0.22385188556836907,0.04632146
2019-12-29 21:00:00,-0.0,0.006744712610023899,-0.0,0.023674927389976102,-0.0,0.19893090936839422,0.03041964
2019-12-29 22:00:00,-0.0,0.006030566568962545,-0.0,0.016196803431037455,-0.0,0.18188164259888112,0.02222737
2019-12-29 23:00:00,-0.0,0.005038697067488442,-0.0,0.012143972932511559,-0.0,0.16909851319623737,0.01718267
2019-12-30 00:00:00,-0.0,0.004443575366603981,-0.0,0.01063877463339602,-0.0,0.1578998030558205,0.01508235
2019-12-30 01:00:00,-0.0,0.00424520146630916,-0.0,0.01021548853369084,-0.0,0.14714665723088277,0.01446069
2019-12-30 02:00:00,-0.0,0.003927803225837447,-0.0,0.013134336774162553,-0.0,0.13332103957386957,0.01706214
2019-12-30 03:00:00,-0.0,0.004086502346073303,-0.0,0.012516267653926695,-0.0,0.12014602099078885,0.01660277
2019-12-30 04:00:00,-0.0,0.004046827566014339,-0.0,0.03172742243398566,-0.0,0.08674873421817236,0.03577425
2019-12-30 05:00:00,-0.0,0.004126177126132268,-0.0,0.039900642873867735,-0.0,0.04474805750883791,0.04402682
2019-12-30 06:00:00,-0.0,0.004443575366603981,-0.0,0.04251065463339602,-0.0,-0.0,0.04695423
2019-12-30 07:00:00,0.04807915634469268,0.0035569936553073167,-0.0,0.0,-0.0,-0.0,0.05163615
2019-12-30 08:00:00,0.07526656,-0.0,-0.0,0.0,-0.0,-0.0,0.07526656
2019-12-30 09:00:00,0.07461395,-0.0,-0.0,0.0,-0.0,-0.0,0.07461395
2019-12-30 10:00:00,0.07639132,-0.0,-0.0,0.0,-0.0,-0.0,0.07639132
2019-12-30 11:00:00,0.1264339,-0.0,-0.0,0.0,-0.0,-0.0,0.1264339
2019-12-30 12:00:00,0.1659312468465192,0.005197396187724299,-0.0,0.0,0.0653766430342435,0.06210781088253131,0.105752
2019-12-30 13:00:00,0.2209773299764458,0.005475119648137048,-0.0,0.0,0.13325520962458287,0.18870026002588502,0.09319723999999999
2019-12-30 14:00:00,0.22201403962458288,-0.0,-0.0,0.0,0.13325520962458287,0.31529270916923874,0.08875883
2019-12-30 15:00:00,0.19216209962458286,-0.0,-0.0,0.0,0.13325520962458287,0.44188515831259245,0.05890689
2019-12-30 16:00:00,0.11867156843809067,0.005594143988313939,-0.0,0.0,0.05275839242640459,0.4920056311176768,0.07150732000000001
2019-12-30 17:00:00,0.035486996349654125,0.0057528431085497956,-0.0,0.03264643054179606,-0.0,0.4576409673894704,0.07388626999999999
2019-12-30 18:00:00,-0.0,0.006030566568962545,-0.0,0.09807973343103746,-0.0,0.35439914272522044,0.1041103
2019-12-30 19:00:00,-0.0,0.005911542228785652,-0.0,0.10365925777121435,-0.0,0.2452841345449948,0.1095708
2019-12-30 20:00:00,-0.0,0.006625688269847007,-0.0,0.05132676173015299,-0.0,0.19125596430272848,0.05795245
2019-12-30 21:00:00,-0.0,0.006982761290377683,-0.0,0.03927214870962232,-0.0,0.1499168603978629,0.04625491
2019-12-30 22:00:00,-0.0,0.00626861524931633,-0.0,0.01953947475068367,-0.0,0.1293489922392485,0.02580809
2019-12-30 23:00:00,-0.0,0.005832192668667724,-0.0,0.012743777331332275,-0.0,0.11593448978521452,0.01857597
2019-12-31 00:00:00,-0.0,0.005197396187724299,-0.0,0.004597458812275701,-0.0,0.11109505945650326,0.009794855
2019-12-31 01:00:00,-0.0,0.004284876246368124,-0.0,0.007912483753631877,-0.0,0.10276612918952234,0.01219736
2019-12-31 02:00:00,-0.0,0.004126177126132268,-0.0,0.0060677728738677324,-0.0,0.09637899984860894,0.01019395
2019-12-31 03:00:00,-0.0,0.004126177126132268,-0.0,0.0046848838738677324,-0.0,0.09144754313927449,0.008811061
2019-12-31 04:00:00,-0.0,0.004007152785955375,-0.0,0.025807787214044628,-0.0,0.06428145133501699,0.02981494
2019-12-31 05:00:00,-0.0,0.003610404985365734,-0.0,0.03205142501463427,-0.0,0.03054310921434934,0.03566183
2019-12-31 06:00:00,-0.0,0.004284876246368124,-0.0,0.029015953753631873,-0.0,-0.0,0.03330083
2019-12-31 07:00:00,0.04549976,-0.0,-0.0,0.0,-0.0,-0.0,0.04549976
2019-12-31 08:00:00,0.05214332,-0.0,-0.0,0.0,-0.0,-0.0,0.05214332
2019-12-31 09:00:00,0.06156213000000001,-0.0,-0.0,0.0,-0.0,-0.0,0.06156213000000001
2019-12-31 10:00:00,0.06441735689145019,0.0057528431085497956,-0.0,0.0,-0.0,-0.0,0.07017019999999999
2019-12-31 11:00:00,0.03692798,-0.0,-0.0,0.0,-0.0,-0.0,0.03692798
2019-12-31 12:00:00,0.1291269596952706,-0.0,-0.0,0.0,0.0396779196952706,0.03769402371050706,0.08944904
2019-12-31 13:00:00,0.20833988962458289,-0.0,-0.0,0.0,0.13325520962458287,0.16428647285386078,0.07508468
2019-12-31 14:00:00,0.1834677609148538,0.006546338709729079,-0.0,0.0,0.13325520962458287,0.2908789219972145,0.05675889
2019-12-31 15:00:00,0.17514549811280908,0.006070241349021509,-0.0,0.0,0.11405650946183059,0.39923260598595356,0.06715923
2019-12-31 16:00:00,0.1072241502607829,0.0049196727273115495,-0.0,0.0,0.06523217298809444,0.4612031703246433,0.04691165
2019-12-31 17:00:00,0.035486996349654125,0.003848453665719519,-0.0,0.016386739984626357,-0.0,0.44395397034082607,0.05572219
2019-12-31 18:00:00,-0.0,0.0046022744868398375,-0.0,0.09315466551316016,-0.0,0.3458964276953943,0.09775694
2019-12-31 19:00:00,-0.0,0.005118046627606371,-0.0,0.07375805337239362,-0.0,0.26825637151392734,0.07887609999999999
2019-12-31 20:00:00,-0.0,0.0047609736070756935,-0.0,0.04317404639292431,-0.0,0.22281000688979646,0.04793502
2019-12-31 21:00:00,-0.0,0.004721298827016729,-0.0,0.025278711172983272,-0.0,0.1962008372340246,0.03000001
2019-12-31 22:00:00,-0.0,0.004205526686250196,-0.0,0.024423203313749805,-0.0,0.17049220216691954,0.02862873
2019-12-31 23:00:00,-0.0,0.003967478005896411,-0.0,0.011835341994103587,-0.0,0.15803394743628418,0.01580282
